557427,21917,SET 12 KIDS  WHITE CHALK STICKS,24,2011-06-20 12:14:00,0.42,12429.0
557427,22328,ROUND SNACK BOXES SET OF 4 FRUITS,12,2011-06-20 12:14:00,2.95,12429.0
557427,47566,PARTY BUNTING,12,2011-06-20 12:14:00,4.95,12429.0
557427,85132C,CHARLIE AND LOLA FIGURES TINS,12,2011-06-20 12:14:00,1.95,12429.0
557427,85159B,"WHITE TEA,COFFEE,SUGAR JARS",12,2011-06-20 12:14:00,1.95,12429.0
557427,22899,CHILDREN'S APRON DOLLY GIRL,6,2011-06-20 12:14:00,2.1,12429.0
557427,22169,FAMILY ALBUM WHITE PICTURE FRAME,8,2011-06-20 12:14:00,7.65,12429.0
557427,22948,METAL DECORATION NAUGHTY CHILDREN,24,2011-06-20 12:14:00,0.85,12429.0
557427,23154,SET OF 4 JAM JAR MAGNETS,12,2011-06-20 12:14:00,2.08,12429.0
557427,22727,ALARM CLOCK BAKELIKE RED,12,2011-06-20 12:14:00,3.75,12429.0
557427,22728,ALARM CLOCK BAKELIKE PINK,16,2011-06-20 12:14:00,3.75,12429.0
557427,22729,ALARM CLOCK BAKELIKE ORANGE,12,2011-06-20 12:14:00,3.75,12429.0
557427,22730,ALARM CLOCK BAKELIKE IVORY,20,2011-06-20 12:14:00,3.75,12429.0
557427,22725,ALARM CLOCK BAKELIKE CHOCOLATE,12,2011-06-20 12:14:00,3.75,12429.0
557427,22908,PACK OF 20 NAPKINS RED APPLES,12,2011-06-20 12:14:00,0.85,12429.0
557427,23206,LUNCH BAG APPLE DESIGN,10,2011-06-20 12:14:00,1.65,12429.0
557427,POST,POSTAGE,9,2011-06-20 12:14:00,18.0,12429.0
557427,23275,SET OF 3 HANGING OWLS OLLIE BEAK,24,2011-06-20 12:14:00,1.25,12429.0
557427,23119,PACK OF 6 LARGE FRUIT STRAWS,12,2011-06-20 12:14:00,0.62,12429.0
557427,23242,TREASURE TIN BUFFALO BILL,6,2011-06-20 12:14:00,2.08,12429.0
557427,23241,TREASURE TIN GYMKHANA DESIGN,12,2011-06-20 12:14:00,2.08,12429.0
557427,23209,LUNCH BAG DOILEY PATTERN,10,2011-06-20 12:14:00,1.65,12429.0
557427,23236,DOILEY STORAGE TIN,12,2011-06-20 12:14:00,2.89,12429.0
557427,23240,SET OF 4 KNICK KNACK TINS DOILEY,12,2011-06-20 12:14:00,4.15,12429.0
557427,23245,SET OF 3 REGENCY CAKE TINS,16,2011-06-20 12:14:00,4.15,12429.0
557427,23308,SET OF 60 VINTAGE LEAF CAKE CASES,24,2011-06-20 12:14:00,0.55,12429.0
557427,22467,GUMBALL COAT RACK,18,2011-06-20 12:14:00,2.55,12429.0
557427,22726,ALARM CLOCK BAKELIKE GREEN,16,2011-06-20 12:14:00,3.75,12429.0
557427,23110,PARISIENNE KEY CABINET,6,2011-06-20 12:14:00,5.75,12429.0
557889,23168,CLASSIC CAFE SUGAR DISPENSER,12,2011-06-23 13:51:00,1.25,12412.0
557889,23240,SET OF 4 KNICK KNACK TINS DOILEY,12,2011-06-23 13:51:00,4.15,12412.0
557889,23267,SET OF 4 SANTA PLACE SETTINGS,24,2011-06-23 13:51:00,1.25,12412.0
557889,23290,SPACEBOY CHILDRENS BOWL,8,2011-06-23 13:51:00,1.25,12412.0
557889,23291,DOLLY GIRL CHILDRENS CUP,8,2011-06-23 13:51:00,1.25,12412.0
557889,23292,SPACE BOY CHILDRENS CUP,8,2011-06-23 13:51:00,1.25,12412.0
557889,23289,DOLLY GIRL CHILDRENS BOWL,8,2011-06-23 13:51:00,1.25,12412.0
557889,21787,RAIN PONCHO RETROSPOT,24,2011-06-23 13:51:00,0.85,12412.0
557889,15036,ASSORTED COLOURS SILK FAN,12,2011-06-23 13:51:00,0.83,12412.0
557889,21479,WHITE SKULL HOT WATER BOTTLE,4,2011-06-23 13:51:00,3.75,12412.0
557889,84031A,CHARLIE+LOLA RED HOT WATER BOTTLE,3,2011-06-23 13:51:00,4.65,12412.0
557889,84031B,CHARLIE LOLA BLUE HOT WATER BOTTLE,3,2011-06-23 13:51:00,4.65,12412.0
557889,22027,TEA PARTY BIRTHDAY CARD,12,2011-06-23 13:51:00,0.42,12412.0
557889,21508,VINTAGE KID DOLLY CARD,12,2011-06-23 13:51:00,0.42,12412.0
557889,22820,GIFT BAG BIRTHDAY,12,2011-06-23 13:51:00,0.65,12412.0
557889,22961,JAM MAKING SET PRINTED,12,2011-06-23 13:51:00,1.45,12412.0
557889,20751,FUNKY WASHING UP GLOVES ASSORTED,24,2011-06-23 13:51:00,2.1,12412.0
557889,20754,RETROSPOT RED WASHING UP GLOVES,6,2011-06-23 13:51:00,2.1,12412.0
557889,22629,SPACEBOY LUNCH BOX,12,2011-06-23 13:51:00,1.95,12412.0
557889,22630,DOLLY GIRL LUNCH BOX,12,2011-06-23 13:51:00,1.95,12412.0
557889,22631,CIRCUS PARADE LUNCH BOX,12,2011-06-23 13:51:00,1.95,12412.0
557889,23256,CHILDRENS CUTLERY SPACEBOY,4,2011-06-23 13:51:00,4.15,12412.0
557889,23254,CHILDRENS CUTLERY DOLLY GIRL,4,2011-06-23 13:51:00,4.15,12412.0
557889,21563,RED HEART SHAPE LOVE BUCKET,12,2011-06-23 13:51:00,2.95,12412.0
557889,21918,SET 12 KIDS COLOUR  CHALK STICKS,24,2011-06-23 13:51:00,0.42,12412.0
557889,84077,WORLD WAR 2 GLIDERS ASSTD DESIGNS,48,2011-06-23 13:51:00,0.29,12412.0
557889,51014C,"FEATHER PEN,COAL BLACK",24,2011-06-23 13:51:00,0.39,12412.0
557889,POST,POSTAGE,2,2011-06-23 13:51:00,18.0,12412.0
561102,23282,FOLDING BUTTERFLY MIRROR IVORY,12,2011-07-25 11:17:00,0.83,12412.0
561102,23281,FOLDING BUTTERFLY MIRROR RED,12,2011-07-25 11:17:00,0.83,12412.0
561102,22027,TEA PARTY BIRTHDAY CARD,12,2011-07-25 11:17:00,0.42,12412.0
561102,22714,CARD BIRTHDAY COWBOY,12,2011-07-25 11:17:00,0.42,12412.0
561102,22820,GIFT BAG BIRTHDAY,24,2011-07-25 11:17:00,0.65,12412.0
561102,23289,DOLLY GIRL CHILDRENS BOWL,24,2011-07-25 11:17:00,1.25,12412.0
561102,23290,SPACEBOY CHILDRENS BOWL,24,2011-07-25 11:17:00,1.25,12412.0
561102,23291,DOLLY GIRL CHILDRENS CUP,16,2011-07-25 11:17:00,1.25,12412.0
561102,23292,SPACEBOY CHILDRENS CUP,16,2011-07-25 11:17:00,1.25,12412.0
561102,23297,SET 40 HEART SHAPE PETIT FOUR CASES,16,2011-07-25 11:17:00,1.65,12412.0
561102,23319,BOX OF 6 MINI 50'S CRACKERS,12,2011-07-25 11:17:00,2.49,12412.0
561102,22629,SPACEBOY LUNCH BOX,12,2011-07-25 11:17:00,1.95,12412.0
561102,22630,DOLLY GIRL LUNCH BOX,12,2011-07-25 11:17:00,1.95,12412.0
561102,23123,COCKTAIL SWORDS 50 PIECES,12,2011-07-25 11:17:00,0.83,12412.0
561102,23254,CHILDRENS CUTLERY DOLLY GIRL,12,2011-07-25 11:17:00,4.15,12412.0
561102,23256,CHILDRENS CUTLERY SPACEBOY,12,2011-07-25 11:17:00,4.15,12412.0
561102,POST,POSTAGE,1,2011-07-25 11:17:00,18.0,12412.0
C562728,22849,BREAD BIN DINER STYLE MINT,-1,2011-08-09 09:41:00,14.95,12406.0
C562728,22848,BREAD BIN DINER STYLE PINK,-4,2011-08-09 09:41:00,14.95,12406.0
C562728,22846,BREAD BIN DINER STYLE RED,-4,2011-08-09 09:41:00,14.95,12406.0
