569527,15058A,BLUE POLKADOT GARDEN PARASOL,1,2011-10-04 14:53:00,7.95,12512.0
569527,21034,REX CASH+CARRY JUMBO SHOPPER,1,2011-10-04 14:53:00,0.95,12512.0
569527,22319,HAIRCLIPS FORTIES FABRIC ASSORTED,12,2011-10-04 14:53:00,0.65,12512.0
569527,47566,PARTY BUNTING,1,2011-10-04 14:53:00,4.95,12512.0
569527,21992,VINTAGE PAISLEY STATIONERY SET,1,2011-10-04 14:53:00,1.25,12512.0
569527,90099,NECKLACE+BRACELET SET BLUE HIBISCUS,1,2011-10-04 14:53:00,2.55,12512.0
569527,22270,HAPPY EASTER HANGING DECORATION,1,2011-10-04 14:53:00,3.75,12512.0
569527,85123A,WHITE HANGING HEART T-LIGHT HOLDER,1,2011-10-04 14:53:00,2.95,12512.0
569527,23432,PRETTY HANGING QUILTED HEARTS,12,2011-10-04 14:53:00,0.83,12512.0
569527,23431,NATURAL HANGING QUILTED HEARTS,12,2011-10-04 14:53:00,0.83,12512.0
569527,23240,SET OF 4 KNICK KNACK TINS DOILY,1,2011-10-04 14:53:00,4.15,12512.0
569527,22628,PICNIC BOXES SET OF 3 RETROSPOT,1,2011-10-04 14:53:00,4.95,12512.0
569527,20914,SET/5 RED RETROSPOT LID GLASS BOWLS,1,2011-10-04 14:53:00,2.95,12512.0
569527,85123A,WHITE HANGING HEART T-LIGHT HOLDER,1,2011-10-04 14:53:00,2.95,12512.0
569527,21671,RED SPOT CERAMIC DRAWER KNOB,1,2011-10-04 14:53:00,1.45,12512.0
569527,21672,WHITE SPOT RED CERAMIC DRAWER KNOB,1,2011-10-04 14:53:00,1.45,12512.0
569527,23028,DRAWER KNOB CRACKLE GLAZE BLUE,1,2011-10-04 14:53:00,1.65,12512.0
569527,21380,WOODEN HAPPY BIRTHDAY GARLAND,2,2011-10-04 14:53:00,2.95,12512.0
569527,22759,SET OF 3 NOTEBOOKS IN PARCEL,1,2011-10-04 14:53:00,1.65,12512.0
569527,21992,VINTAGE PAISLEY STATIONERY SET,1,2011-10-04 14:53:00,1.25,12512.0
569527,22759,SET OF 3 NOTEBOOKS IN PARCEL,1,2011-10-04 14:53:00,1.65,12512.0
569527,84536A,ENGLISH ROSE NOTEBOOK A7 SIZE,3,2011-10-04 14:53:00,0.42,12512.0
569527,23502,PLAYING CARDS VINTAGE DOILY,2,2011-10-04 14:53:00,1.25,12512.0
569527,22558,CLOTHES PEGS RETROSPOT PACK 24,1,2011-10-04 14:53:00,1.65,12512.0
569527,22200,FRYING PAN PINK POLKADOT,1,2011-10-04 14:53:00,4.25,12512.0
569527,22203,MILK PAN RED RETROSPOT,1,2011-10-04 14:53:00,3.75,12512.0
569527,22201,FRYING PAN BLUE POLKADOT,1,2011-10-04 14:53:00,4.25,12512.0
569527,22204,MILK PAN BLUE POLKADOT,1,2011-10-04 14:53:00,3.75,12512.0
569527,21429,RED GINGHAM ROSE JEWELLERY BOX,1,2011-10-04 14:53:00,1.95,12512.0
569527,82552,WASHROOM METAL SIGN,1,2011-10-04 14:53:00,1.45,12512.0
569527,21328,BALLOONS  WRITING SET,3,2011-10-04 14:53:00,1.65,12512.0
569527,16161P,WRAP ENGLISH ROSE,25,2011-10-04 14:53:00,0.42,12512.0
569529,85014B,RED RETROSPOT UMBRELLA,1,2011-10-04 14:55:00,5.95,12512.0
569529,20682,RED RETROSPOT CHILDRENS UMBRELLA,3,2011-10-04 14:55:00,3.25,12512.0
