574679,22554,PLASTERS IN TIN WOODLAND ANIMALS,36,2011-11-06 12:38:00,1.65,12645.0
574679,22556,PLASTERS IN TIN CIRCUS PARADE,36,2011-11-06 12:38:00,1.65,12645.0
574679,22993,SET OF 4 PANTRY JELLY MOULDS,24,2011-11-06 12:38:00,1.25,12645.0
574679,23392,SPACEBOY ROCKET LOLLY MAKERS,6,2011-11-06 12:38:00,2.08,12645.0
574679,21264,WHITE GOOSE FEATHER TREE 60CM,12,2011-11-06 12:38:00,1.95,12645.0
574679,23348,CHILDRENS TOY COOKING UTENSIL SET,12,2011-11-06 12:38:00,2.08,12645.0
574679,22139,RETROSPOT TEA SET CERAMIC 11 PC,12,2011-11-06 12:38:00,4.95,12645.0
574679,22551,PLASTERS IN TIN SPACEBOY,36,2011-11-06 12:38:00,1.65,12645.0
574679,84375,SET OF 20 KIDS COOKIE CUTTERS,12,2011-11-06 12:38:00,2.1,12645.0
574679,22964,3 PIECE SPACEBOY COOKIE CUTTER SET,6,2011-11-06 12:38:00,2.1,12645.0
574679,21918,SET 12 KIDS COLOUR  CHALK STICKS,24,2011-11-06 12:38:00,0.42,12645.0
574679,20719,WOODLAND CHARLOTTE BAG,20,2011-11-06 12:38:00,0.85,12645.0
574679,23204,CHARLOTTE BAG APPLES DESIGN,20,2011-11-06 12:38:00,0.85,12645.0
574679,POST,POSTAGE,3,2011-11-06 12:38:00,18.0,12645.0
574713,23489,VINTAGE BELLS GARLAND,6,2011-11-06 14:26:00,2.89,12628.0
574713,23582,VINTAGE DOILY JUMBO BAG RED,10,2011-11-06 14:26:00,2.08,12628.0
574713,23077,DOUGHNUT LIP GLOSS,40,2011-11-06 14:26:00,1.25,12628.0
574713,23245,SET OF 3 REGENCY CAKE TINS,4,2011-11-06 14:26:00,4.95,12628.0
574713,22989,SET 2 PANTRY DESIGN TEA TOWELS,6,2011-11-06 14:26:00,3.25,12628.0
574713,23234,BISCUIT TIN VINTAGE CHRISTMAS,6,2011-11-06 14:26:00,2.89,12628.0
574713,23247,BISCUIT TIN 50'S CHRISTMAS,6,2011-11-06 14:26:00,2.89,12628.0
574713,22654,DELUXE SEWING KIT,3,2011-11-06 14:26:00,5.95,12628.0
574713,22557,PLASTERS IN TIN VINTAGE PAISLEY,12,2011-11-06 14:26:00,1.65,12628.0
574713,22551,PLASTERS IN TIN SPACEBOY,12,2011-11-06 14:26:00,1.65,12628.0
574713,POST,POSTAGE,1,2011-11-06 14:26:00,18.0,12628.0
574869,22594,CHRISTMAS GINGHAM TREE,12,2011-11-07 12:44:00,0.85,12708.0
574869,23215,JINGLE BELL HEART ANTIQUE SILVER,12,2011-11-07 12:44:00,2.08,12708.0
574869,23317,BLUE REFECTORY CLOCK,2,2011-11-07 12:44:00,9.95,12708.0
574869,21668,RED STRIPE CERAMIC DRAWER KNOB,12,2011-11-07 12:44:00,1.45,12708.0
574869,21671,RED SPOT CERAMIC DRAWER KNOB,12,2011-11-07 12:44:00,1.45,12708.0
574869,21672,WHITE SPOT RED CERAMIC DRAWER KNOB,24,2011-11-07 12:44:00,1.45,12708.0
574869,22629,SPACEBOY LUNCH BOX,12,2011-11-07 12:44:00,1.95,12708.0
574869,23031,DRAWER KNOB CRACKLE GLAZE PINK,6,2011-11-07 12:44:00,1.65,12708.0
574869,22467,GUMBALL COAT RACK,6,2011-11-07 12:44:00,2.55,12708.0
574869,23148,MINIATURE ANTIQUE ROSE HOOK IVORY,12,2011-11-07 12:44:00,0.83,12708.0
574869,22892,SET OF SALT AND PEPPER TOADSTOOLS,12,2011-11-07 12:44:00,1.25,12708.0
574869,22326,ROUND SNACK BOXES SET OF4 WOODLAND,6,2011-11-07 12:44:00,2.95,12708.0
574869,21484,CHICK GREY HOT WATER BOTTLE,4,2011-11-07 12:44:00,4.25,12708.0
574869,21485,RETROSPOT HEART HOT WATER BOTTLE,3,2011-11-07 12:44:00,4.95,12708.0
574869,22727,ALARM CLOCK BAKELIKE RED,4,2011-11-07 12:44:00,3.75,12708.0
574869,POST,POSTAGE,1,2011-11-07 12:44:00,18.0,12708.0
574885,23473,WOODLAND SMALL RED FELT HEART,12,2011-11-07 14:01:00,0.83,12472.0
574885,23476,WOODLAND LARGE RED FELT HEART,12,2011-11-07 14:01:00,1.25,12472.0
574885,23480,MINI LIGHTS WOODLAND MUSHROOMS,8,2011-11-07 14:01:00,3.75,12472.0
574885,23569,TRADTIONAL ALPHABET STAMP SET,8,2011-11-07 14:01:00,4.95,12472.0
574885,23571,TRADITIONAL NAUGHTS & CROSSES,12,2011-11-07 14:01:00,1.65,12472.0
574885,23570,TRADITIONAL PICK UP STICKS GAME,12,2011-11-07 14:01:00,1.25,12472.0
574885,23084,RABBIT NIGHT LIGHT,48,2011-11-07 14:01:00,1.79,12472.0
574885,21914,BLUE HARMONICA IN BOX,12,2011-11-07 14:01:00,1.25,12472.0
574885,22554,PLASTERS IN TIN WOODLAND ANIMALS,12,2011-11-07 14:01:00,1.65,12472.0
574885,POST,POSTAGE,1,2011-11-07 14:01:00,18.0,12472.0
C575064,23494,VINTAGE DOILY DELUXE SEWING KIT,-1,2011-11-08 12:39:00,5.95,12472.0
C575064,22467,GUMBALL COAT RACK,-8,2011-11-08 12:39:00,2.55,12472.0
C575064,22212,FOUR HOOK  WHITE LOVEBIRDS,-1,2011-11-08 12:39:00,2.1,12472.0
C575064,21669,BLUE STRIPE CERAMIC DRAWER KNOB,-1,2011-11-08 12:39:00,1.45,12472.0
C575064,20749,ASSORTED COLOUR MINI CASES,-1,2011-11-08 12:39:00,7.95,12472.0
C575064,20712,JUMBO BAG WOODLAND ANIMALS,-2,2011-11-08 12:39:00,2.08,12472.0
C575082,21843,RED RETROSPOT CAKE STAND,-4,2011-11-08 13:30:00,10.95,12613.0
C575082,22720,SET OF 3 CAKE TINS PANTRY DESIGN,-1,2011-11-08 13:30:00,4.95,12613.0
C575082,23243,SET OF TEA COFFEE SUGAR TINS PANTRY,-1,2011-11-08 13:30:00,4.95,12613.0
C575082,23245,SET OF 3 REGENCY CAKE TINS,-2,2011-11-08 13:30:00,4.95,12613.0
C575082,79191C,RETRO PLASTIC ELEPHANT TRAY,-12,2011-11-08 13:30:00,0.85,12613.0
C575082,22352,LUNCH BOX WITH CUTLERY RETROSPOT,-1,2011-11-08 13:30:00,2.55,12613.0
C575082,22326,ROUND SNACK BOXES SET OF4 WOODLAND,-3,2011-11-08 13:30:00,2.95,12613.0
C575082,22978,PANTRY ROLLING PIN,-6,2011-11-08 13:30:00,3.75,12613.0
C575082,22558,CLOTHES PEGS RETROSPOT PACK 24,-6,2011-11-08 13:30:00,1.65,12613.0
C575082,22492,MINI PAINT SET VINTAGE,-12,2011-11-08 13:30:00,0.65,12613.0
C575150,23368,SET 12 COLOUR PENCILS DOLLY GIRL,-3,2011-11-08 16:05:00,0.65,12471.0
C575150,23347,I LOVE LONDON BEAKER,-12,2011-11-08 16:05:00,1.25,12471.0
C575150,23291,DOLLY GIRL CHILDRENS CUP,-1,2011-11-08 16:05:00,1.25,12471.0
C575150,23289,DOLLY GIRL CHILDRENS BOWL,-1,2011-11-08 16:05:00,1.25,12471.0
C575150,23245,SET OF 3 REGENCY CAKE TINS,-6,2011-11-08 16:05:00,4.15,12471.0
C575150,23240,SET OF 4 KNICK KNACK TINS DOILY,-3,2011-11-08 16:05:00,4.15,12471.0
C575150,23198,PANTRY MAGNETIC  SHOPPING LIST,-9,2011-11-08 16:05:00,1.45,12471.0
C575223,22973,CHILDREN'S CIRCUS PARADE MUG,-1,2011-11-09 11:33:00,1.65,12472.0
575352,22236,CAKE STAND 3 TIER MAGIC GARDEN,12,2011-11-09 14:56:00,10.95,12504.0
575352,22776,SWEETHEART 3 TIER CAKE STAND,12,2011-11-09 14:56:00,8.5,12504.0
575352,22220,CAKE STAND LOVEBIRD 2 TIER WHITE,12,2011-11-09 14:56:00,8.5,12504.0
575352,21124,SET/10 BLUE POLKADOT PARTY CANDLES,24,2011-11-09 14:56:00,1.25,12504.0
575352,21122,SET/10 PINK POLKADOT PARTY CANDLES,24,2011-11-09 14:56:00,1.25,12504.0
575352,POST,POSTAGE,3,2011-11-09 14:56:00,18.0,12504.0
575498,POST,POSTAGE,1,2011-11-10 09:52:00,18.0,12708.0
575498,47559B,TEA TIME OVEN GLOVE,12,2011-11-10 09:52:00,1.25,12708.0
C575592,22080,RIBBON REEL POLKADOTS,-10,2011-11-10 12:10:00,1.65,12619.0
C575592,22079,RIBBON REEL HEARTS DESIGN,-10,2011-11-10 12:10:00,1.65,12619.0
575632,M,Manual,1,2011-11-10 13:44:00,40.46,12473.0
575632,M,Manual,1,2011-11-10 13:44:00,424.06,12473.0
575632,M,Manual,1,2011-11-10 13:44:00,549.34,12473.0
C575635,M,Manual,-1,2011-11-10 13:45:00,424.06,12473.0
C575635,M,Manual,-1,2011-11-10 13:45:00,549.34,12473.0
575636,M,Manual,1,2011-11-10 13:46:00,40.46,12473.0
C575638,M,Manual,-1,2011-11-10 13:48:00,40.46,12473.0
575713,20712,JUMBO BAG WOODLAND ANIMALS,10,2011-11-10 17:49:00,2.08,13817.0
575713,22331,WOODLAND PARTY BAG + STICKER SET,8,2011-11-10 17:49:00,1.65,13817.0
575713,22333,RETROSPOT PARTY BAG + STICKER SET,8,2011-11-10 17:49:00,1.65,13817.0
575713,21428,SET3 BOOK BOX GREEN GINGHAM FLOWER,4,2011-11-10 17:49:00,4.25,13817.0
575713,21430,SET/3 RED GINGHAM ROSE STORAGE BOX,4,2011-11-10 17:49:00,3.75,13817.0
575713,22736,RIBBON REEL MAKING SNOWMEN,10,2011-11-10 17:49:00,1.65,13817.0
575713,21880,RED RETROSPOT TAPE,24,2011-11-10 17:49:00,0.65,13817.0
575713,22556,PLASTERS IN TIN CIRCUS PARADE,12,2011-11-10 17:49:00,1.65,13817.0
575713,22555,PLASTERS IN TIN STRONGMAN,12,2011-11-10 17:49:00,1.65,13817.0
575713,22551,PLASTERS IN TIN SPACEBOY,12,2011-11-10 17:49:00,1.65,13817.0
575713,22328,ROUND SNACK BOXES SET OF 4 FRUITS,6,2011-11-10 17:49:00,2.95,13817.0
575713,23433,HANGING QUILTED PATCHWORK APPLES,12,2011-11-10 17:49:00,0.83,13817.0
575713,23474,WOODLAND SMALL BLUE FELT HEART,12,2011-11-10 17:49:00,0.83,13817.0
575713,23475,WOODLAND SMALL PINK FELT HEART,12,2011-11-10 17:49:00,0.83,13817.0
575713,POST,POSTAGE,2,2011-11-10 17:49:00,18.0,13817.0
575732,15056BL,EDWARDIAN PARASOL BLACK,6,2011-11-11 08:19:00,5.95,12712.0
575732,15056N,EDWARDIAN PARASOL NATURAL,6,2011-11-11 08:19:00,5.95,12712.0
575732,15056P,EDWARDIAN PARASOL PINK,3,2011-11-11 08:19:00,5.95,12712.0
575732,22867,HAND WARMER BIRD DESIGN,12,2011-11-11 08:19:00,2.1,12712.0
575732,22865,HAND WARMER OWL DESIGN,12,2011-11-11 08:19:00,2.1,12712.0
575732,21481,FAWN BLUE HOT WATER BOTTLE,4,2011-11-11 08:19:00,3.75,12712.0
575732,22114,HOT WATER BOTTLE TEA AND SYMPATHY,4,2011-11-11 08:19:00,4.25,12712.0
575732,23485,BOTANICAL GARDENS WALL CLOCK,1,2011-11-11 08:19:00,25.0,12712.0
575732,POST,POSTAGE,2,2011-11-11 08:19:00,18.0,12712.0
575733,20749,ASSORTED COLOUR MINI CASES,2,2011-11-11 08:33:00,7.95,13810.0
575733,21509,COWBOYS AND INDIANS BIRTHDAY CARD,12,2011-11-11 08:33:00,0.42,13810.0
575733,22025,RING OF ROSES BIRTHDAY CARD,12,2011-11-11 08:33:00,0.42,13810.0
575733,21506,"FANCY FONT BIRTHDAY CARD,",12,2011-11-11 08:33:00,0.42,13810.0
575733,22717,CARD DOG AND BALL,12,2011-11-11 08:33:00,0.42,13810.0
575733,84380,SET OF 3 BUTTERFLY COOKIE CUTTERS,12,2011-11-11 08:33:00,1.45,13810.0
575733,21354,TOAST ITS - BEST MUM,12,2011-11-11 08:33:00,1.25,13810.0
575733,21217,RED RETROSPOT ROUND CAKE TINS,5,2011-11-11 08:33:00,9.95,13810.0
575733,22551,PLASTERS IN TIN SPACEBOY,12,2011-11-11 08:33:00,1.65,13810.0
575733,22554,PLASTERS IN TIN WOODLAND ANIMALS,12,2011-11-11 08:33:00,1.65,13810.0
575733,22505,MEMO BOARD COTTAGE DESIGN,4,2011-11-11 08:33:00,4.95,13810.0
575733,22964,3 PIECE SPACEBOY COOKIE CUTTER SET,12,2011-11-11 08:33:00,2.1,13810.0
575733,84375,SET OF 20 KIDS COOKIE CUTTERS,12,2011-11-11 08:33:00,2.1,13810.0
575733,POST,POSTAGE,1,2011-11-11 08:33:00,18.0,13810.0
575750,85061W,WHITE JEWELLED HEART DECORATION,24,2011-11-11 10:29:00,0.85,12600.0
575750,72817,SET OF 2 CHRISTMAS DECOUPAGE CANDLE,24,2011-11-11 10:29:00,0.79,12600.0
575750,35599D,PINK AND WHITE CHRISTMAS TREE 120CM,6,2011-11-11 10:29:00,1.95,12600.0
575750,85099B,JUMBO BAG RED RETROSPOT,10,2011-11-11 10:29:00,2.08,12600.0
575750,21811,HANGING HEART WITH BELL,48,2011-11-11 10:29:00,0.39,12600.0
575750,20679,EDWARDIAN PARASOL RED,18,2011-11-11 10:29:00,5.95,12600.0
575750,20712,JUMBO BAG WOODLAND ANIMALS,10,2011-11-11 10:29:00,2.08,12600.0
575750,85014B,RED RETROSPOT UMBRELLA,18,2011-11-11 10:29:00,5.95,12600.0
575750,POST,POSTAGE,3,2011-11-11 10:29:00,18.0,12600.0
575787,22629,SPACEBOY LUNCH BOX,12,2011-11-11 11:18:00,1.95,12518.0
575787,23368,SET 12 COLOUR PENCILS DOLLY GIRL,16,2011-11-11 11:18:00,0.65,12518.0
575787,22636,CHILDS BREAKFAST SET CIRCUS PARADE,2,2011-11-11 11:18:00,8.5,12518.0
575787,23254,CHILDRENS CUTLERY DOLLY GIRL,4,2011-11-11 11:18:00,4.15,12518.0
575787,84997C,CHILDRENS CUTLERY POLKADOT BLUE,4,2011-11-11 11:18:00,4.15,12518.0
575787,22271,FELTCRAFT DOLL ROSIE,6,2011-11-11 11:18:00,2.95,12518.0
575787,23439,HAND WARMER RED LOVE HEART,12,2011-11-11 11:18:00,2.1,12518.0
575787,22418,10 COLOUR SPACEBOY PEN,24,2011-11-11 11:18:00,0.85,12518.0
575787,21124,SET/10 BLUE POLKADOT PARTY CANDLES,24,2011-11-11 11:18:00,1.25,12518.0
575787,22705,WRAP GREEN PEARS,25,2011-11-11 11:18:00,0.42,12518.0
575787,22708,WRAP DOLLY GIRL,25,2011-11-11 11:18:00,0.42,12518.0
575787,22303,COFFEE MUG APPLES DESIGN,6,2011-11-11 11:18:00,2.55,12518.0
575787,22302,COFFEE MUG PEARS  DESIGN,6,2011-11-11 11:18:00,2.55,12518.0
575787,23292,SPACEBOY CHILDRENS CUP,8,2011-11-11 11:18:00,1.25,12518.0
575787,23291,DOLLY GIRL CHILDRENS CUP,8,2011-11-11 11:18:00,1.25,12518.0
575787,23289,DOLLY GIRL CHILDRENS BOWL,8,2011-11-11 11:18:00,1.25,12518.0
575787,21882,SKULLS TAPE,12,2011-11-11 11:18:00,0.65,12518.0
575787,21881,CUTE CATS TAPE,12,2011-11-11 11:18:00,0.65,12518.0
575787,21883,STARS GIFT TAPE,12,2011-11-11 11:18:00,0.65,12518.0
575787,21884,CAKES AND BOWS GIFT  TAPE,12,2011-11-11 11:18:00,0.65,12518.0
575787,23392,SPACEBOY ROCKET LOLLY MAKERS,6,2011-11-11 11:18:00,2.08,12518.0
575787,23569,TRADTIONAL ALPHABET STAMP SET,4,2011-11-11 11:18:00,4.95,12518.0
575787,16169E,WRAP 50'S  CHRISTMAS,25,2011-11-11 11:18:00,0.42,12518.0
575787,22273,FELTCRAFT DOLL MOLLY,6,2011-11-11 11:18:00,2.95,12518.0
575787,22899,CHILDREN'S APRON DOLLY GIRL,6,2011-11-11 11:18:00,2.1,12518.0
575787,22556,PLASTERS IN TIN CIRCUS PARADE,12,2011-11-11 11:18:00,1.65,12518.0
575787,23084,RABBIT NIGHT LIGHT,6,2011-11-11 11:18:00,2.08,12518.0
575787,22274,FELTCRAFT DOLL EMILY,6,2011-11-11 11:18:00,2.95,12518.0
575787,22551,PLASTERS IN TIN SPACEBOY,12,2011-11-11 11:18:00,1.65,12518.0
575787,POST,POSTAGE,3,2011-11-11 11:18:00,18.0,12518.0
C575839,22554,PLASTERS IN TIN WOODLAND ANIMALS,-12,2011-11-11 11:40:00,1.65,12517.0
C575839,22551,PLASTERS IN TIN SPACEBOY,-11,2011-11-11 11:40:00,1.65,12517.0
575886,22029,SPACEBOY BIRTHDAY CARD,12,2011-11-11 13:57:00,0.42,12517.0
575886,22688,DOORMAT PEACE ON EARTH BLUE,1,2011-11-11 13:57:00,8.25,12517.0
575886,23480,MINI LIGHTS WOODLAND MUSHROOMS,9,2011-11-11 13:57:00,3.75,12517.0
575886,21175,GIN + TONIC DIET METAL SIGN,2,2011-11-11 13:57:00,2.55,12517.0
575886,22898,CHILDRENS APRON APPLES DESIGN,2,2011-11-11 13:57:00,1.95,12517.0
575886,21245,GREEN POLKADOT PLATE,8,2011-11-11 13:57:00,1.69,12517.0
575886,23207,LUNCH BAG ALPHABET DESIGN,2,2011-11-11 13:57:00,1.65,12517.0
575886,23206,LUNCH BAG APPLE DESIGN,2,2011-11-11 13:57:00,1.65,12517.0
575886,23583,LUNCH BAG PAISLEY PARK,2,2011-11-11 13:57:00,1.65,12517.0
575886,20727,LUNCH BAG  BLACK SKULL.,2,2011-11-11 13:57:00,1.65,12517.0
575886,20674,GREEN POLKADOT BOWL,8,2011-11-11 13:57:00,1.25,12517.0
575886,22534,MAGIC DRAWING SLATE SPACEBOY,10,2011-11-11 13:57:00,0.42,12517.0
575886,23201,JUMBO BAG ALPHABET,3,2011-11-11 13:57:00,2.08,12517.0
575886,20713,JUMBO BAG OWLS,3,2011-11-11 13:57:00,2.08,12517.0
575886,21931,JUMBO STORAGE BAG SUKI,3,2011-11-11 13:57:00,2.08,12517.0
575886,23581,JUMBO BAG PAISLEY PARK,3,2011-11-11 13:57:00,2.08,12517.0
575886,23199,JUMBO BAG APPLES,3,2011-11-11 13:57:00,2.08,12517.0
575886,22379,RECYCLING BAG RETROSPOT,3,2011-11-11 13:57:00,2.1,12517.0
575886,23396,LE JARDIN BOTANIQUE CUSHION COVER,2,2011-11-11 13:57:00,3.75,12517.0
575886,20750,RED RETROSPOT MINI CASES,1,2011-11-11 13:57:00,7.95,12517.0
575886,23389,SPACEBOY MINI BACKPACK,2,2011-11-11 13:57:00,4.15,12517.0
575886,23284,DOORMAT KEEP CALM AND COME IN,2,2011-11-11 13:57:00,8.25,12517.0
575886,22114,HOT WATER BOTTLE TEA AND SYMPATHY,2,2011-11-11 13:57:00,4.25,12517.0
575886,22112,CHOCOLATE HOT WATER BOTTLE,1,2011-11-11 13:57:00,4.95,12517.0
575886,22866,HAND WARMER SCOTTY DOG DESIGN,2,2011-11-11 13:57:00,2.1,12517.0
575886,22867,HAND WARMER BIRD DESIGN,2,2011-11-11 13:57:00,2.1,12517.0
575886,20975,12 PENCILS SMALL TUBE RED RETROSPOT,12,2011-11-11 13:57:00,0.65,12517.0
575886,20973,12 PENCIL SMALL TUBE WOODLAND,8,2011-11-11 13:57:00,0.65,12517.0
575886,20974,12 PENCILS SMALL TUBE SKULL,4,2011-11-11 13:57:00,0.65,12517.0
575886,22327,ROUND SNACK BOXES SET OF 4 SKULLS,2,2011-11-11 13:57:00,2.95,12517.0
575886,21210,SET OF 72 RETROSPOT PAPER  DOILIES,2,2011-11-11 13:57:00,1.45,12517.0
575886,21974,SET OF 36 PAISLEY FLOWER DOILIES,2,2011-11-11 13:57:00,1.45,12517.0
575886,22331,WOODLAND PARTY BAG + STICKER SET,3,2011-11-11 13:57:00,1.65,12517.0
575886,22333,RETROSPOT PARTY BAG + STICKER SET,3,2011-11-11 13:57:00,1.65,12517.0
575886,22621,TRADITIONAL KNITTING NANCY,6,2011-11-11 13:57:00,1.65,12517.0
575886,21355,TOAST ITS - I LOVE YOU,1,2011-11-11 13:57:00,1.25,12517.0
575886,22201,FRYING PAN BLUE POLKADOT,2,2011-11-11 13:57:00,4.25,12517.0
575886,22200,FRYING PAN PINK POLKADOT,2,2011-11-11 13:57:00,4.25,12517.0
575886,22199,FRYING PAN RED RETROSPOT,2,2011-11-11 13:57:00,4.25,12517.0
575886,21354,TOAST ITS - BEST MUM,1,2011-11-11 13:57:00,1.25,12517.0
575886,21354,TOAST ITS - BEST MUM,1,2011-11-11 13:57:00,1.25,12517.0
575886,21355,TOAST ITS - I LOVE YOU,1,2011-11-11 13:57:00,1.25,12517.0
575886,22652,TRAVEL SEWING KIT,4,2011-11-11 13:57:00,1.65,12517.0
575886,22619,SET OF 6 SOLDIER SKITTLES,3,2011-11-11 13:57:00,3.75,12517.0
575886,21731,RED TOADSTOOL LED NIGHT LIGHT,12,2011-11-11 13:57:00,1.65,12517.0
575886,85049G,CHOCOLATE BOX RIBBONS,3,2011-11-11 13:57:00,1.25,12517.0
575886,85049H,URBAN BLACK RIBBONS,2,2011-11-11 13:57:00,1.25,12517.0
575886,85049E,SCANDINAVIAN REDS RIBBONS,5,2011-11-11 13:57:00,1.25,12517.0
575886,21058,PARTY INVITES WOODLAND,4,2011-11-11 13:57:00,0.85,12517.0
575886,21975,PACK OF 60 DINOSAUR CAKE CASES,12,2011-11-11 13:57:00,0.55,12517.0
575886,21212,PACK OF 72 RETROSPOT CAKE CASES,12,2011-11-11 13:57:00,0.55,12517.0
575886,21213,PACK OF 72 SKULL CAKE CASES,6,2011-11-11 13:57:00,0.55,12517.0
575886,23309,SET OF 60 I LOVE LONDON CAKE CASES,6,2011-11-11 13:57:00,0.55,12517.0
575886,21976,PACK OF 60 MUSHROOM CAKE CASES,6,2011-11-11 13:57:00,0.55,12517.0
575886,84991,60 TEATIME FAIRY CAKE CASES,6,2011-11-11 13:57:00,0.55,12517.0
575886,23506,MINI PLAYING CARDS SPACEBOY,11,2011-11-11 13:57:00,0.42,12517.0
575886,22554,PLASTERS IN TIN WOODLAND ANIMALS,6,2011-11-11 13:57:00,1.65,12517.0
575886,22551,PLASTERS IN TIN SPACEBOY,6,2011-11-11 13:57:00,1.65,12517.0
575886,22951,60 CAKE CASES DOLLY GIRL DESIGN,6,2011-11-11 13:57:00,0.55,12517.0
575886,22417,PACK OF 60 SPACEBOY CAKE CASES,6,2011-11-11 13:57:00,0.55,12517.0
575886,23307,SET OF 60 PANTRY DESIGN CAKE CASES,6,2011-11-11 13:57:00,0.55,12517.0
575886,21977,PACK OF 60 PINK PAISLEY CAKE CASES,6,2011-11-11 13:57:00,0.55,12517.0
575886,21232,STRAWBERRY CERAMIC TRINKET POT,4,2011-11-11 13:57:00,1.25,12517.0
575886,22059,CERAMIC STRAWBERRY DESIGN MUG,1,2011-11-11 13:57:00,1.49,12517.0
575886,22055,MINI CAKE STAND  HANGING STRAWBERY,3,2011-11-11 13:57:00,1.65,12517.0
575886,22649,STRAWBERRY FAIRY CAKE TEAPOT,2,2011-11-11 13:57:00,4.95,12517.0
575886,22059,CERAMIC STRAWBERRY DESIGN MUG,1,2011-11-11 13:57:00,1.49,12517.0
575886,22064,PINK DOUGHNUT TRINKET POT,2,2011-11-11 13:57:00,1.65,12517.0
575886,21462,"NURSERY A,B,C PAINTED LETTERS",1,2011-11-11 13:57:00,6.75,12517.0
575886,22057,CERAMIC PLATE STRAWBERRY DESIGN,4,2011-11-11 13:57:00,1.49,12517.0
575886,22063,CERAMIC BOWL WITH STRAWBERRY DESIGN,2,2011-11-11 13:57:00,2.95,12517.0
575886,22558,CLOTHES PEGS RETROSPOT PACK 24,3,2011-11-11 13:57:00,1.65,12517.0
575886,21452,TOADSTOOL MONEY BOX,3,2011-11-11 13:57:00,2.95,12517.0
575886,22061,LARGE CAKE STAND  HANGING STRAWBERY,1,2011-11-11 13:57:00,9.95,12517.0
575886,22059,CERAMIC STRAWBERRY DESIGN MUG,8,2011-11-11 13:57:00,1.49,12517.0
575886,23084,RABBIT NIGHT LIGHT,10,2011-11-11 13:57:00,2.08,12517.0
575888,POST,POSTAGE,3,2011-11-11 14:04:00,18.0,12517.0
575896,23247,BISCUIT TIN 50'S CHRISTMAS,6,2011-11-11 14:52:00,2.89,12480.0
575896,22303,COFFEE MUG APPLES DESIGN,12,2011-11-11 14:52:00,2.55,12480.0
575896,22895,SET OF 2 TEA TOWELS APPLE AND PEARS,12,2011-11-11 14:52:00,3.25,12480.0
575896,23292,SPACEBOY CHILDRENS CUP,16,2011-11-11 14:52:00,1.25,12480.0
575896,22629,SPACEBOY LUNCH BOX,192,2011-11-11 14:52:00,1.65,12480.0
575896,22029,SPACEBOY BIRTHDAY CARD,12,2011-11-11 14:52:00,0.42,12480.0
575896,22418,10 COLOUR SPACEBOY PEN,24,2011-11-11 14:52:00,0.85,12480.0
575896,23237,SET OF 4 KNICK KNACK TINS LEAF,12,2011-11-11 14:52:00,4.15,12480.0
575896,23244,ROUND STORAGE TIN VINTAGE LEAF,6,2011-11-11 14:52:00,1.95,12480.0
575896,23235,STORAGE TIN VINTAGE LEAF,6,2011-11-11 14:52:00,2.89,12480.0
575896,23308,SET OF 60 VINTAGE LEAF CAKE CASES,24,2011-11-11 14:52:00,0.55,12480.0
575896,23296,SET OF 6 TEA TIME BAKING CASES,8,2011-11-11 14:52:00,1.25,12480.0
575896,23236,STORAGE TIN VINTAGE DOILY,6,2011-11-11 14:52:00,2.89,12480.0
575896,23209,LUNCH BAG VINTAGE DOILY,10,2011-11-11 14:52:00,1.65,12480.0
575896,23240,SET OF 4 KNICK KNACK TINS DOILY,6,2011-11-11 14:52:00,4.15,12480.0
575896,23245,SET OF 3 REGENCY CAKE TINS,4,2011-11-11 14:52:00,4.95,12480.0
575896,22111,SCOTTIE DOG HOT WATER BOTTLE,3,2011-11-11 14:52:00,4.95,12480.0
575896,21481,FAWN BLUE HOT WATER BOTTLE,4,2011-11-11 14:52:00,3.75,12480.0
575896,16161G,WRAP BAD HAIR DAY,25,2011-11-11 14:52:00,0.1,12480.0
575896,22817,CARD SUKI BIRTHDAY,12,2011-11-11 14:52:00,0.42,12480.0
575896,22326,ROUND SNACK BOXES SET OF4 WOODLAND,12,2011-11-11 14:52:00,2.95,12480.0
575896,23208,LUNCH BAG VINTAGE LEAF DESIGN,10,2011-11-11 14:52:00,1.65,12480.0
575896,22989,SET 2 PANTRY DESIGN TEA TOWELS,6,2011-11-11 14:52:00,3.25,12480.0
575896,22930,BAKING MOULD HEART MILK CHOCOLATE,6,2011-11-11 14:52:00,2.55,12480.0
575896,22935,BAKING MOULD ROSE MILK CHOCOLATE,6,2011-11-11 14:52:00,3.25,12480.0
575896,23243,SET OF TEA COFFEE SUGAR TINS PANTRY,4,2011-11-11 14:52:00,4.95,12480.0
575896,22980,PANTRY SCRUBBING BRUSH,12,2011-11-11 14:52:00,1.65,12480.0
575896,79051A,SMOKEY GREY COLOUR GLASS,48,2011-11-11 14:52:00,0.29,12480.0
575896,21791,VINTAGE HEADS AND TAILS CARD GAME,12,2011-11-11 14:52:00,1.25,12480.0
575896,22620,4 TRADITIONAL SPINNING TOPS,12,2011-11-11 14:52:00,1.45,12480.0
575896,23494,VINTAGE DOILY DELUXE SEWING KIT,3,2011-11-11 14:52:00,5.95,12480.0
575896,23241,TREASURE TIN GYMKHANA DESIGN,6,2011-11-11 14:52:00,2.08,12480.0
575896,23239,SET OF 4 KNICK KNACK TINS POPPIES,6,2011-11-11 14:52:00,4.15,12480.0
575896,47310M,SMALL POP BOX FUNKY MONKEY,6,2011-11-11 14:52:00,1.25,12480.0
575896,22952,60 CAKE CASES VINTAGE CHRISTMAS,24,2011-11-11 14:52:00,0.55,12480.0
575896,23234,BISCUIT TIN VINTAGE CHRISTMAS,6,2011-11-11 14:52:00,2.89,12480.0
575896,22907,PACK OF 20 NAPKINS PANTRY DESIGN,12,2011-11-11 14:52:00,0.85,12480.0
575896,22144,CHRISTMAS CRAFT LITTLE FRIENDS,6,2011-11-11 14:52:00,2.1,12480.0
575896,22734,SET OF 6 RIBBONS VINTAGE CHRISTMAS,6,2011-11-11 14:52:00,2.89,12480.0
575896,POST,POSTAGE,8,2011-11-11 14:52:00,18.0,12480.0
C576183,22555,PLASTERS IN TIN STRONGMAN,-12,2011-11-14 11:23:00,1.65,12476.0
C576183,22556,PLASTERS IN TIN CIRCUS PARADE,-12,2011-11-14 11:23:00,1.65,12476.0
C576229,23236,STORAGE TIN VINTAGE DOILY,-3,2011-11-14 13:13:00,2.89,13816.0
576322,22077,6 RIBBONS RUSTIC CHARM,48,2011-11-14 15:03:00,1.95,12642.0
576322,21218,RED SPOTTY BISCUIT TIN,6,2011-11-14 15:03:00,3.75,12642.0
576322,22378,WALL TIDY RETROSPOT,10,2011-11-14 15:03:00,2.1,12642.0
576322,22558,CLOTHES PEGS RETROSPOT PACK 24,12,2011-11-14 15:03:00,1.65,12642.0
576322,21217,RED RETROSPOT ROUND CAKE TINS,2,2011-11-14 15:03:00,9.95,12642.0
576322,22138,BAKING SET 9 PIECE RETROSPOT,3,2011-11-14 15:03:00,4.95,12642.0
576322,22094,RED RETROSPOT TISSUE BOX,36,2011-11-14 15:03:00,0.39,12642.0
576322,21577,SAVE THE PLANET COTTON TOTE BAG,6,2011-11-14 15:03:00,2.25,12642.0
576322,21039,RED RETROSPOT SHOPPING BAG,6,2011-11-14 15:03:00,2.55,12642.0
576322,22734,SET OF 6 RIBBONS VINTAGE CHRISTMAS,24,2011-11-14 15:03:00,2.89,12642.0
576322,85049E,SCANDINAVIAN REDS RIBBONS,12,2011-11-14 15:03:00,1.25,12642.0
576322,POST,POSTAGE,2,2011-11-14 15:03:00,18.0,12642.0
576327,POST,POSTAGE,2,2011-11-14 15:19:00,18.0,12476.0
576327,23369,SET 36 COLOUR PENCILS LOVE LONDON,16,2011-11-14 15:19:00,1.25,12476.0
576327,23558,LANDMARK FRAME LONDON BRIDGE,3,2011-11-14 15:19:00,12.5,12476.0
576327,23283,DOORMAT VINTAGE LEAF,4,2011-11-14 15:19:00,8.25,12476.0
576327,23516,EMBROIDERED RIBBON REEL SOPHIE,6,2011-11-14 15:19:00,3.75,12476.0
576327,23511,EMBROIDERED RIBBON REEL EMILY,6,2011-11-14 15:19:00,2.08,12476.0
576327,23505,PLAYING CARDS I LOVE LONDON,16,2011-11-14 15:19:00,1.25,12476.0
576327,23497,CLASSIC CHROME BICYCLE BELL,12,2011-11-14 15:19:00,1.45,12476.0
576327,23534,WALL ART STOP FOR TEA,4,2011-11-14 15:19:00,5.95,12476.0
576327,23531,WALL ART BIG LOVE,3,2011-11-14 15:19:00,6.95,12476.0
576390,21232,STRAWBERRY CERAMIC TRINKET POT,12,2011-11-15 10:13:00,1.25,12569.0
576390,22776,SWEETHEART 3 TIER CAKE STAND,1,2011-11-15 10:13:00,9.95,12569.0
576390,23180,MUM'S KITCHEN CLOCK,4,2011-11-15 10:13:00,4.95,12569.0
576390,21787,RAIN PONCHO RETROSPOT,24,2011-11-15 10:13:00,0.85,12569.0
576390,84509B,SET OF 4 FAIRY CAKE PLACEMATS,8,2011-11-15 10:13:00,3.75,12569.0
576390,22413,METAL SIGN TAKE IT OR LEAVE IT,6,2011-11-15 10:13:00,2.95,12569.0
576390,POST,POSTAGE,1,2011-11-15 10:13:00,18.0,12569.0
576607,22564,ALPHABET STENCIL CRAFT,12,2011-11-15 15:42:00,1.25,12474.0
576607,22537,MAGIC DRAWING SLATE DINOSAUR,24,2011-11-15 15:42:00,0.42,12474.0
576607,22535,MAGIC DRAWING SLATE BUNNIES,24,2011-11-15 15:42:00,0.42,12474.0
576607,22529,MAGIC DRAWING SLATE GO TO THE FAIR,24,2011-11-15 15:42:00,0.42,12474.0
576607,22086,PAPER CHAIN KIT 50'S CHRISTMAS,6,2011-11-15 15:42:00,2.95,12474.0
576607,22142,CHRISTMAS CRAFT WHITE FAIRY,12,2011-11-15 15:42:00,1.45,12474.0
576607,22144,CHRISTMAS CRAFT LITTLE FRIENDS,18,2011-11-15 15:42:00,2.1,12474.0
576607,22572,ROCKING HORSE GREEN CHRISTMAS,12,2011-11-15 15:42:00,0.85,12474.0
576607,22571,ROCKING HORSE RED CHRISTMAS,12,2011-11-15 15:42:00,0.85,12474.0
576607,22574,HEART WOODEN CHRISTMAS DECORATION,12,2011-11-15 15:42:00,0.85,12474.0
576607,22577,WOODEN HEART CHRISTMAS SCANDINAVIAN,24,2011-11-15 15:42:00,0.29,12474.0
576607,22578,WOODEN STAR CHRISTMAS SCANDINAVIAN,24,2011-11-15 15:42:00,0.29,12474.0
576607,22733,3D TRADITIONAL CHRISTMAS STICKERS,18,2011-11-15 15:42:00,1.25,12474.0
576607,22818,CARD CHRISTMAS VILLAGE,24,2011-11-15 15:42:00,0.42,12474.0
576607,23211,RED ROCKING HORSE HAND PAINTED,24,2011-11-15 15:42:00,1.25,12474.0
576607,23264,SET OF 3 WOODEN SLEIGH DECORATIONS,12,2011-11-15 15:42:00,1.25,12474.0
576607,23318,BOX OF 6 MINI VINTAGE CRACKERS,6,2011-11-15 15:42:00,2.49,12474.0
576607,23349,ROLL WRAP VINTAGE CHRISTMAS,12,2011-11-15 15:42:00,1.25,12474.0
576607,23351,ROLL WRAP 50'S CHRISTMAS,12,2011-11-15 15:42:00,1.25,12474.0
576607,23354,6 GIFT TAGS 50'S CHRISTMAS,12,2011-11-15 15:42:00,0.83,12474.0
576607,23292,SPACEBOY CHILDRENS CUP,8,2011-11-15 15:42:00,1.25,12474.0
576607,22964,3 PIECE SPACEBOY COOKIE CUTTER SET,6,2011-11-15 15:42:00,2.1,12474.0
576607,22534,MAGIC DRAWING SLATE SPACEBOY,24,2011-11-15 15:42:00,0.42,12474.0
576607,22328,ROUND SNACK BOXES SET OF 4 FRUITS,6,2011-11-15 15:42:00,2.95,12474.0
576607,22027,TEA PARTY BIRTHDAY CARD,12,2011-11-15 15:42:00,0.42,12474.0
576607,22940,FELTCRAFT CHRISTMAS FAIRY,8,2011-11-15 15:42:00,4.25,12474.0
576607,23290,SPACEBOY CHILDRENS BOWL,8,2011-11-15 15:42:00,1.25,12474.0
576607,22090,PAPER BUNTING RETROSPOT,6,2011-11-15 15:42:00,2.95,12474.0
576607,22029,SPACEBOY BIRTHDAY CARD,12,2011-11-15 15:42:00,0.42,12474.0
576607,22271,FELTCRAFT DOLL ROSIE,6,2011-11-15 15:42:00,2.95,12474.0
576607,22580,ADVENT CALENDAR GINGHAM SACK,3,2011-11-15 15:42:00,5.95,12474.0
576607,22909,SET OF 20 VINTAGE CHRISTMAS NAPKINS,12,2011-11-15 15:42:00,0.85,12474.0
576607,23311,VINTAGE CHRISTMAS STOCKING,6,2011-11-15 15:42:00,2.55,12474.0
576607,22865,HAND WARMER OWL DESIGN,12,2011-11-15 15:42:00,2.1,12474.0
576607,POST,POSTAGE,4,2011-11-15 15:42:00,18.0,12474.0
576607,21262,WHITE GOOSE FEATHER CHRISTMAS TREE,1,2011-11-15 15:42:00,2.95,12474.0
576607,22086,PAPER CHAIN KIT 50'S CHRISTMAS,6,2011-11-15 15:42:00,2.95,12474.0
576607,22551,PLASTERS IN TIN SPACEBOY,12,2011-11-15 15:42:00,1.65,12474.0
576607,22554,PLASTERS IN TIN WOODLAND ANIMALS,12,2011-11-15 15:42:00,1.65,12474.0
576607,22556,PLASTERS IN TIN CIRCUS PARADE,12,2011-11-15 15:42:00,1.65,12474.0
576607,22750,FELTCRAFT PRINCESS LOLA DOLL,8,2011-11-15 15:42:00,3.75,12474.0
576607,22940,FELTCRAFT CHRISTMAS FAIRY,8,2011-11-15 15:42:00,4.25,12474.0
576607,23084,RABBIT NIGHT LIGHT,24,2011-11-15 15:42:00,1.79,12474.0
576629,23493,VINTAGE DOILY TRAVEL SEWING KIT,10,2011-11-16 08:37:00,1.95,12621.0
576629,23583,LUNCH BAG PAISLEY PARK,10,2011-11-16 08:37:00,1.65,12621.0
576629,22752,SET 7 BABUSHKA NESTING BOXES,6,2011-11-16 08:37:00,8.5,12621.0
576629,22865,HAND WARMER OWL DESIGN,24,2011-11-16 08:37:00,2.1,12621.0
576629,21481,FAWN BLUE HOT WATER BOTTLE,12,2011-11-16 08:37:00,3.75,12621.0
576629,21484,CHICK GREY HOT WATER BOTTLE,24,2011-11-16 08:37:00,4.25,12621.0
576629,23084,RABBIT NIGHT LIGHT,24,2011-11-16 08:37:00,1.79,12621.0
576629,21212,PACK OF 72 RETROSPOT CAKE CASES,24,2011-11-16 08:37:00,0.55,12621.0
576629,23158,SET OF 5 LUCKY CAT MAGNETS,24,2011-11-16 08:37:00,2.08,12621.0
576629,23155,KNICKERBOCKERGLORY MAGNET ASSORTED,24,2011-11-16 08:37:00,0.83,12621.0
576629,23159,SET OF 5 PANCAKE DAY MAGNETS,24,2011-11-16 08:37:00,2.08,12621.0
576629,23156,SET OF 5 MINI GROCERY MAGNETS,12,2011-11-16 08:37:00,2.08,12621.0
576629,22666,RECIPE BOX PANTRY YELLOW DESIGN,6,2011-11-16 08:37:00,2.95,12621.0
576629,20712,JUMBO BAG WOODLAND ANIMALS,10,2011-11-16 08:37:00,2.08,12621.0
576629,62018,SOMBRERO,6,2011-11-16 08:37:00,1.95,12621.0
576629,21931,JUMBO STORAGE BAG SUKI,10,2011-11-16 08:37:00,2.08,12621.0
576629,POST,POSTAGE,3,2011-11-16 08:37:00,18.0,12621.0
576630,22326,ROUND SNACK BOXES SET OF4 WOODLAND,18,2011-11-16 08:38:00,2.95,13816.0
576630,85183B,CHARLIE & LOLA WASTEPAPER BIN FLORA,12,2011-11-16 08:38:00,1.25,13816.0
576630,21452,TOADSTOOL MONEY BOX,6,2011-11-16 08:38:00,2.95,13816.0
576630,20750,RED RETROSPOT MINI CASES,2,2011-11-16 08:38:00,7.95,13816.0
576630,84032A,CHARLIE+LOLA PINK HOT WATER BOTTLE,6,2011-11-16 08:38:00,2.95,13816.0
576630,84032B,CHARLIE + LOLA RED HOT WATER BOTTLE,6,2011-11-16 08:38:00,2.95,13816.0
576630,23475,WOODLAND SMALL PINK FELT HEART,12,2011-11-16 08:38:00,0.83,13816.0
576630,23473,WOODLAND SMALL RED FELT HEART,12,2011-11-16 08:38:00,0.83,13816.0
576630,23474,WOODLAND SMALL BLUE FELT HEART,12,2011-11-16 08:38:00,0.83,13816.0
576630,23480,MINI LIGHTS WOODLAND MUSHROOMS,4,2011-11-16 08:38:00,3.75,13816.0
576630,POST,POSTAGE,1,2011-11-16 08:38:00,18.0,13816.0
576657,23581,JUMBO BAG PAISLEY PARK,10,2011-11-16 11:03:00,2.08,12720.0
576657,23582,VINTAGE DOILY JUMBO BAG RED,10,2011-11-16 11:03:00,2.08,12720.0
576657,23583,LUNCH BAG PAISLEY PARK,10,2011-11-16 11:03:00,1.65,12720.0
576657,22130,PARTY CONE CHRISTMAS DECORATION,12,2011-11-16 11:03:00,0.85,12720.0
576657,23247,BISCUIT TIN 50'S CHRISTMAS,12,2011-11-16 11:03:00,2.89,12720.0
576657,23344,JUMBO BAG 50'S CHRISTMAS,10,2011-11-16 11:03:00,2.08,12720.0
576657,21533,RETROSPOT LARGE MILK JUG,3,2011-11-16 11:03:00,4.95,12720.0
576657,22380,TOY TIDY SPACEBOY,5,2011-11-16 11:03:00,2.1,12720.0
576657,22150,3 STRIPEY MICE FELTCRAFT,6,2011-11-16 11:03:00,1.95,12720.0
576657,22378,WALL TIDY RETROSPOT,5,2011-11-16 11:03:00,2.1,12720.0
576657,21498,RED RETROSPOT WRAP,25,2011-11-16 11:03:00,0.42,12720.0
576657,22720,SET OF 3 CAKE TINS PANTRY DESIGN,3,2011-11-16 11:03:00,4.95,12720.0
576657,21212,PACK OF 72 RETROSPOT CAKE CASES,24,2011-11-16 11:03:00,0.55,12720.0
576657,23293,SET OF 12 FAIRY CAKE BAKING CASES,16,2011-11-16 11:03:00,0.83,12720.0
576657,23681,LUNCH BAG RED VINTAGE DOILY,10,2011-11-16 11:03:00,1.65,12720.0
576657,23295,SET OF 12 MINI LOAF BAKING CASES,8,2011-11-16 11:03:00,0.83,12720.0
576657,22556,PLASTERS IN TIN CIRCUS PARADE,12,2011-11-16 11:03:00,1.65,12720.0
576657,22555,PLASTERS IN TIN STRONGMAN,12,2011-11-16 11:03:00,1.65,12720.0
576657,22961,JAM MAKING SET PRINTED,12,2011-11-16 11:03:00,1.45,12720.0
576657,23695,DOILY THANK YOU CARD,12,2011-11-16 11:03:00,0.42,12720.0
576657,23499,SET 12 VINTAGE DOILY CHALK,24,2011-11-16 11:03:00,0.42,12720.0
576657,22144,CHRISTMAS CRAFT LITTLE FRIENDS,6,2011-11-16 11:03:00,2.1,12720.0
576657,23110,PARISIENNE KEY CABINET,2,2011-11-16 11:03:00,5.75,12720.0
576657,20718,RED RETROSPOT SHOPPER BAG,10,2011-11-16 11:03:00,1.25,12720.0
576657,POST,POSTAGE,3,2011-11-16 11:03:00,18.0,12720.0
576787,23480,MINI LIGHTS WOODLAND MUSHROOMS,8,2011-11-16 13:54:00,3.75,13815.0
576787,23581,JUMBO BAG PAISLEY PARK,10,2011-11-16 13:54:00,2.08,13815.0
576787,22947,WOODEN ADVENT CALENDAR RED,6,2011-11-16 13:54:00,7.95,13815.0
576787,35953,FOLKART STAR CHRISTMAS DECORATIONS,48,2011-11-16 13:54:00,0.39,13815.0
576787,22580,ADVENT CALENDAR GINGHAM SACK,6,2011-11-16 13:54:00,5.95,13815.0
576787,22075,6 RIBBONS ELEGANT CHRISTMAS,12,2011-11-16 13:54:00,1.65,13815.0
576787,22739,RIBBON REEL CHRISTMAS SOCK BAUBLE,20,2011-11-16 13:54:00,1.65,13815.0
576787,22734,SET OF 6 RIBBONS VINTAGE CHRISTMAS,12,2011-11-16 13:54:00,2.89,13815.0
576787,22737,RIBBON REEL CHRISTMAS PRESENT,10,2011-11-16 13:54:00,1.65,13815.0
576787,22735,RIBBON REEL SOCKS AND MITTENS,10,2011-11-16 13:54:00,1.65,13815.0
576787,85049A,TRADITIONAL CHRISTMAS RIBBONS,12,2011-11-16 13:54:00,1.25,13815.0
576787,22080,RIBBON REEL POLKADOTS,10,2011-11-16 13:54:00,1.65,13815.0
576787,22386,JUMBO BAG PINK POLKADOT,40,2011-11-16 13:54:00,2.08,13815.0
576787,22356,CHARLOTTE BAG PINK POLKADOT,20,2011-11-16 13:54:00,0.85,13815.0
576787,20712,JUMBO BAG WOODLAND ANIMALS,10,2011-11-16 13:54:00,2.08,13815.0
576787,20719,WOODLAND CHARLOTTE BAG,20,2011-11-16 13:54:00,0.85,13815.0
576787,22326,ROUND SNACK BOXES SET OF4 WOODLAND,6,2011-11-16 13:54:00,2.95,13815.0
576787,23388,WOODLAND MINI BACKPACK,4,2011-11-16 13:54:00,4.15,13815.0
576787,21930,JUMBO STORAGE BAG SKULLS,20,2011-11-16 13:54:00,2.08,13815.0
576787,20682,RED RETROSPOT CHILDRENS UMBRELLA,6,2011-11-16 13:54:00,3.25,13815.0
576787,21429,RED GINGHAM ROSE JEWELLERY BOX,8,2011-11-16 13:54:00,1.95,13815.0
576787,23353,6 GIFT TAGS VINTAGE CHRISTMAS,12,2011-11-16 13:54:00,0.83,13815.0
576787,23374,RED SPOT PAPER GIFT BAG,10,2011-11-16 13:54:00,0.82,13815.0
576787,22668,PINK BABY BUNTING,5,2011-11-16 13:54:00,2.95,13815.0
576787,22505,MEMO BOARD COTTAGE DESIGN,4,2011-11-16 13:54:00,4.95,13815.0
576787,20724,RED RETROSPOT CHARLOTTE BAG,20,2011-11-16 13:54:00,0.85,13815.0
576787,21929,JUMBO BAG PINK VINTAGE PAISLEY,20,2011-11-16 13:54:00,2.08,13815.0
576787,22385,JUMBO BAG SPACEBOY DESIGN,20,2011-11-16 13:54:00,2.08,13815.0
576787,23344,JUMBO BAG 50'S CHRISTMAS,20,2011-11-16 13:54:00,2.08,13815.0
576787,23203,JUMBO BAG VINTAGE DOILY,10,2011-11-16 13:54:00,2.08,13815.0
576787,85099B,JUMBO BAG RED RETROSPOT,20,2011-11-16 13:54:00,2.08,13815.0
576787,21238,RED RETROSPOT CUP,16,2011-11-16 13:54:00,0.85,13815.0
576787,20676,RED RETROSPOT BOWL,16,2011-11-16 13:54:00,1.25,13815.0
576787,22129,PARTY CONES CANDY DECORATION,12,2011-11-16 13:54:00,0.85,13815.0
576787,21329,DINOSAURS  WRITING SET,12,2011-11-16 13:54:00,1.65,13815.0
576787,POST,POSTAGE,4,2011-11-16 13:54:00,18.0,13815.0
576789,21980,PACK OF 12 RED RETROSPOT TISSUES,24,2011-11-16 13:56:00,0.39,12569.0
576789,21967,PACK OF 12 SKULL TISSUES,24,2011-11-16 13:56:00,0.39,12569.0
576789,21981,PACK OF 12 WOODLAND TISSUES,24,2011-11-16 13:56:00,0.39,12569.0
576789,22100,SKULLS SQUARE TISSUE BOX,36,2011-11-16 13:56:00,0.39,12569.0
576789,POST,POSTAGE,1,2011-11-16 13:56:00,18.0,12569.0
576790,22776,SWEETHEART 3 TIER CAKE STAND,5,2011-11-16 13:59:00,9.95,12569.0
576790,POST,POSTAGE,1,2011-11-16 13:59:00,18.0,12569.0
C576816,POST,POSTAGE,-1,2011-11-16 14:24:00,18.0,12569.0
576863,23084,RABBIT NIGHT LIGHT,6,2011-11-16 16:06:00,2.08,12626.0
576863,23245,SET OF 3 REGENCY CAKE TINS,4,2011-11-16 16:06:00,4.95,12626.0
576863,22029,SPACEBOY BIRTHDAY CARD,12,2011-11-16 16:06:00,0.42,12626.0
576863,22964,3 PIECE SPACEBOY COOKIE CUTTER SET,24,2011-11-16 16:06:00,2.1,12626.0
576863,22551,PLASTERS IN TIN SPACEBOY,12,2011-11-16 16:06:00,1.65,12626.0
576863,22382,LUNCH BAG SPACEBOY DESIGN,10,2011-11-16 16:06:00,1.65,12626.0
576863,20726,LUNCH BAG WOODLAND,10,2011-11-16 16:06:00,1.65,12626.0
576863,23157,SET OF 6 NATIVITY MAGNETS,12,2011-11-16 16:06:00,2.08,12626.0
576863,23234,BISCUIT TIN VINTAGE CHRISTMAS,6,2011-11-16 16:06:00,2.89,12626.0
576863,22423,REGENCY CAKESTAND 3 TIER,1,2011-11-16 16:06:00,12.75,12626.0
576863,21058,PARTY INVITES WOODLAND,12,2011-11-16 16:06:00,0.85,12626.0
576863,21062,PARTY INVITES SPACEMAN,12,2011-11-16 16:06:00,0.85,12626.0
576863,POST,POSTAGE,2,2011-11-16 16:06:00,18.0,12626.0
576869,23211,RED ROCKING HORSE HAND PAINTED,144,2011-11-16 16:20:00,1.04,12500.0
576869,23212,HEART WREATH DECORATION WITH BELL,144,2011-11-16 16:20:00,1.04,12500.0
576869,23213,STAR WREATH DECORATION WITH BELL,144,2011-11-16 16:20:00,1.04,12500.0
576869,23210,WHITE ROCKING HORSE HAND PAINTED,144,2011-11-16 16:20:00,1.04,12500.0
576869,POST,POSTAGE,1,2011-11-16 16:20:00,18.0,12500.0
576890,22898,CHILDRENS APRON APPLES DESIGN,8,2011-11-16 17:25:00,1.95,12662.0
576890,22939,ADULT APRON APPLE DELIGHT,4,2011-11-16 17:25:00,4.95,12662.0
576890,20719,WOODLAND CHARLOTTE BAG,10,2011-11-16 17:25:00,0.85,12662.0
576890,20723,STRAWBERRY CHARLOTTE BAG,10,2011-11-16 17:25:00,0.85,12662.0
576890,21156,RETROSPOT CHILDRENS APRON,8,2011-11-16 17:25:00,1.95,12662.0
576890,23382,BOX OF 6 CHRISTMAS CAKE DECORATIONS,4,2011-11-16 17:25:00,3.75,12662.0
576890,23480,MINI LIGHTS WOODLAND MUSHROOMS,4,2011-11-16 17:25:00,3.75,12662.0
576890,23348,CHILDRENS TOY COOKING UTENSIL SET,6,2011-11-16 17:25:00,2.08,12662.0
576890,22139,RETROSPOT TEA SET CERAMIC 11 PC,3,2011-11-16 17:25:00,4.95,12662.0
576890,20724,RED RETROSPOT CHARLOTTE BAG,10,2011-11-16 17:25:00,0.85,12662.0
576890,22141,CHRISTMAS CRAFT TREE TOP ANGEL,6,2011-11-16 17:25:00,2.1,12662.0
576890,22144,CHRISTMAS CRAFT LITTLE FRIENDS,6,2011-11-16 17:25:00,2.1,12662.0
576890,20914,SET/5 RED RETROSPOT LID GLASS BOWLS,6,2011-11-16 17:25:00,2.95,12662.0
576890,21981,PACK OF 12 WOODLAND TISSUES,24,2011-11-16 17:25:00,0.39,12662.0
576890,22615,PACK OF 12 CIRCUS PARADE TISSUES,24,2011-11-16 17:25:00,0.39,12662.0
576890,23351,ROLL WRAP 50'S CHRISTMAS,12,2011-11-16 17:25:00,1.25,12662.0
576890,22734,SET OF 6 RIBBONS VINTAGE CHRISTMAS,6,2011-11-16 17:25:00,2.89,12662.0
576890,22739,RIBBON REEL CHRISTMAS SOCK BAUBLE,10,2011-11-16 17:25:00,1.65,12662.0
576890,23349,ROLL WRAP VINTAGE CHRISTMAS,12,2011-11-16 17:25:00,1.25,12662.0
576890,23353,6 GIFT TAGS VINTAGE CHRISTMAS,12,2011-11-16 17:25:00,0.83,12662.0
576890,22952,60 CAKE CASES VINTAGE CHRISTMAS,24,2011-11-16 17:25:00,0.55,12662.0
576890,22909,SET OF 20 VINTAGE CHRISTMAS NAPKINS,12,2011-11-16 17:25:00,0.85,12662.0
576890,POST,POSTAGE,2,2011-11-16 17:25:00,18.0,12662.0
576891,22141,CHRISTMAS CRAFT TREE TOP ANGEL,12,2011-11-16 17:26:00,2.1,12662.0
576891,22144,CHRISTMAS CRAFT LITTLE FRIENDS,12,2011-11-16 17:26:00,2.1,12662.0
576891,22750,FELTCRAFT PRINCESS LOLA DOLL,4,2011-11-16 17:26:00,3.75,12662.0
576891,22751,FELTCRAFT PRINCESS OLIVIA DOLL,4,2011-11-16 17:26:00,3.75,12662.0
576891,22749,FELTCRAFT PRINCESS CHARLOTTE DOLL,4,2011-11-16 17:26:00,3.75,12662.0
576891,22960,JAM MAKING SET WITH JARS,6,2011-11-16 17:26:00,4.25,12662.0
576893,23289,DOLLY GIRL CHILDRENS BOWL,8,2011-11-17 08:29:00,1.25,12481.0
576893,23291,DOLLY GIRL CHILDRENS CUP,8,2011-11-17 08:29:00,1.25,12481.0
576893,22556,PLASTERS IN TIN CIRCUS PARADE,12,2011-11-17 08:29:00,1.65,12481.0
576893,22555,PLASTERS IN TIN STRONGMAN,12,2011-11-17 08:29:00,1.65,12481.0
576893,84077,WORLD WAR 2 GLIDERS ASSTD DESIGNS,48,2011-11-17 08:29:00,0.29,12481.0
576893,21917,SET 12 KIDS  WHITE CHALK STICKS,24,2011-11-17 08:29:00,0.42,12481.0
576893,21156,RETROSPOT CHILDRENS APRON,8,2011-11-17 08:29:00,1.95,12481.0
576893,22620,4 TRADITIONAL SPINNING TOPS,12,2011-11-17 08:29:00,1.45,12481.0
576893,22549,PICTURE DOMINOES,12,2011-11-17 08:29:00,1.45,12481.0
576893,POST,POSTAGE,1,2011-11-17 08:29:00,18.0,12481.0
576893,23569,TRADTIONAL ALPHABET STAMP SET,4,2011-11-17 08:29:00,4.95,12481.0
576893,22619,SET OF 6 SOLDIER SKITTLES,4,2011-11-17 08:29:00,3.75,12481.0
C576903,23485,BOTANICAL GARDENS WALL CLOCK,-1,2011-11-17 09:15:00,25.0,12712.0
576909,23082,SET 6 PAPER TABLE LANTERN HEARTS,6,2011-11-17 09:49:00,3.75,12471.0
576909,23480,MINI LIGHTS WOODLAND MUSHROOMS,4,2011-11-17 09:49:00,3.75,12471.0
576909,23569,TRADTIONAL ALPHABET STAMP SET,4,2011-11-17 09:49:00,4.95,12471.0
576909,23245,SET OF 3 REGENCY CAKE TINS,64,2011-11-17 09:49:00,4.15,12471.0
576909,22961,JAM MAKING SET PRINTED,24,2011-11-17 09:49:00,1.45,12471.0
576909,22813,PACK 3 BOXES BIRD PANNETONE,12,2011-11-17 09:49:00,1.95,12471.0
576909,23084,RABBIT NIGHT LIGHT,6,2011-11-17 09:49:00,2.08,12471.0
576909,21731,RED TOADSTOOL LED NIGHT LIGHT,24,2011-11-17 09:49:00,1.65,12471.0
576909,23158,SET OF 5 LUCKY CAT MAGNETS,12,2011-11-17 09:49:00,2.08,12471.0
576909,23159,SET OF 5 PANCAKE DAY MAGNETS,12,2011-11-17 09:49:00,2.08,12471.0
576909,23294,SET OF 6 SNACK LOAF BAKING CASES,8,2011-11-17 09:49:00,0.83,12471.0
576909,23174,REGENCY SUGAR BOWL GREEN,12,2011-11-17 09:49:00,4.15,12471.0
576909,23198,PANTRY MAGNETIC  SHOPPING LIST,12,2011-11-17 09:49:00,1.45,12471.0
576909,23238,SET OF 4 KNICK KNACK TINS LONDON,12,2011-11-17 09:49:00,4.15,12471.0
576909,23378,PACK OF 12 50'S CHRISTMAS TISSUES,24,2011-11-17 09:49:00,0.39,12471.0
576909,23445,ICE CREAM BUBBLES,20,2011-11-17 09:49:00,0.83,12471.0
576909,23347,I LOVE LONDON BEAKER,12,2011-11-17 09:49:00,1.25,12471.0
576909,22045,SPACEBOY GIFT WRAP,25,2011-11-17 09:49:00,0.42,12471.0
576909,22704,WRAP RED APPLES,25,2011-11-17 09:49:00,0.42,12471.0
576909,22705,WRAP GREEN PEARS,25,2011-11-17 09:49:00,0.42,12471.0
576909,84012,MAGIC SHEEP WOOL GROWING FROM PAPER,24,2011-11-17 09:49:00,0.85,12471.0
576909,POST,POSTAGE,8,2011-11-17 09:49:00,18.0,12471.0
576909,23289,DOLLY GIRL CHILDRENS BOWL,16,2011-11-17 09:49:00,1.25,12471.0
576909,23392,SPACEBOY ROCKET LOLLY MAKERS,12,2011-11-17 09:49:00,2.08,12471.0
576909,23197,SKETCHBOOK MAGNETIC SHOPPING LIST,12,2011-11-17 09:49:00,1.45,12471.0
576909,23307,SET OF 60 PANTRY DESIGN CAKE CASES,24,2011-11-17 09:49:00,0.55,12471.0
576909,23309,SET OF 60 I LOVE LONDON CAKE CASES,24,2011-11-17 09:49:00,0.55,12471.0
576909,22621,TRADITIONAL KNITTING NANCY,12,2011-11-17 09:49:00,1.65,12471.0
576909,22728,ALARM CLOCK BAKELIKE PINK,12,2011-11-17 09:49:00,3.75,12471.0
576909,23101,SILVER STARS TABLE DECORATION,12,2011-11-17 09:49:00,0.83,12471.0
576909,23100,SILVER BELLS TABLE DECORATION,12,2011-11-17 09:49:00,1.25,12471.0
576909,23108,SET OF 10 LED DOLLY LIGHTS,8,2011-11-17 09:49:00,6.25,12471.0
576910,84792,ENCHANTED BIRD COATHANGER 5 HOOK,4,2011-11-17 09:51:00,4.65,12477.0
576910,22379,RECYCLING BAG RETROSPOT,5,2011-11-17 09:51:00,2.1,12477.0
576910,21429,RED GINGHAM ROSE JEWELLERY BOX,8,2011-11-17 09:51:00,1.95,12477.0
576910,21707,FOLDING UMBRELLA BLACKBLUE POLKADOT,4,2011-11-17 09:51:00,4.95,12477.0
576910,21706,FOLDING UMBRELLA RED/WHITE POLKADOT,4,2011-11-17 09:51:00,4.95,12477.0
576910,21484,CHICK GREY HOT WATER BOTTLE,4,2011-11-17 09:51:00,4.25,12477.0
576910,22111,SCOTTIE DOG HOT WATER BOTTLE,6,2011-11-17 09:51:00,4.95,12477.0
576910,84029E,RED WOOLLY HOTTIE WHITE HEART.,24,2011-11-17 09:51:00,3.75,12477.0
576910,35598D,PINK/WHITE CHRISTMAS TREE 60CM,24,2011-11-17 09:51:00,0.65,12477.0
576910,35599B,BLACK CHRISTMAS TREE 120CM,18,2011-11-17 09:51:00,1.95,12477.0
576910,21494,ROTATING LEAVES T-LIGHT HOLDER,12,2011-11-17 09:51:00,1.25,12477.0
576910,23110,PARISIENNE KEY CABINET,16,2011-11-17 09:51:00,4.95,12477.0
576910,22173,METAL 4 HOOK HANGER FRENCH CHATEAU,16,2011-11-17 09:51:00,3.29,12477.0
576910,82486,3 DRAWER ANTIQUE WHITE WOOD CABINET,6,2011-11-17 09:51:00,8.95,12477.0
576910,21523,DOORMAT FANCY FONT HOME SWEET HOME,10,2011-11-17 09:51:00,7.08,12477.0
576910,22365,DOORMAT RESPECTABLE HOUSE,10,2011-11-17 09:51:00,7.08,12477.0
576910,48129,DOORMAT TOPIARY,6,2011-11-17 09:51:00,8.25,12477.0
576910,48194,DOORMAT HEARTS,10,2011-11-17 09:51:00,7.08,12477.0
576910,48185,DOORMAT FAIRY CAKE,6,2011-11-17 09:51:00,8.25,12477.0
576910,48188,DOORMAT WELCOME PUPPIES,6,2011-11-17 09:51:00,8.25,12477.0
576910,84356,POMPOM CURTAIN,24,2011-11-17 09:51:00,5.95,12477.0
576910,22511,RETROSPOT BABUSHKA DOORSTOP,4,2011-11-17 09:51:00,3.75,12477.0
576910,21668,RED STRIPE CERAMIC DRAWER KNOB,12,2011-11-17 09:51:00,1.45,12477.0
576910,15044A,PINK PAPER PARASOL,6,2011-11-17 09:51:00,2.95,12477.0
576910,21165,BEWARE OF THE CAT METAL SIGN,12,2011-11-17 09:51:00,1.69,12477.0
576910,21908,CHOCOLATE THIS WAY METAL SIGN,12,2011-11-17 09:51:00,2.1,12477.0
576910,22191,IVORY DINER WALL CLOCK,12,2011-11-17 09:51:00,7.65,12477.0
576910,22193,RED DINER WALL CLOCK,12,2011-11-17 09:51:00,7.65,12477.0
576910,22212,FOUR HOOK  WHITE LOVEBIRDS,12,2011-11-17 09:51:00,2.1,12477.0
576910,23146,TRIPLE HOOK ANTIQUE IVORY ROSE,8,2011-11-17 09:51:00,3.29,12477.0
576910,84406B,CREAM CUPID HEARTS COAT HANGER,16,2011-11-17 09:51:00,4.15,12477.0
576910,21035,SET/2 RED RETROSPOT TEA TOWELS,18,2011-11-17 09:51:00,3.25,12477.0
576910,22199,FRYING PAN RED RETROSPOT,8,2011-11-17 09:51:00,4.25,12477.0
576910,22846,BREAD BIN DINER STYLE RED,4,2011-11-17 09:51:00,14.95,12477.0
576910,22832,BROCANTE SHELF WITH HOOKS,2,2011-11-17 09:51:00,10.75,12477.0
576910,22378,WALL TIDY RETROSPOT,5,2011-11-17 09:51:00,2.1,12477.0
576910,21212,PACK OF 72 RETROSPOT CAKE CASES,24,2011-11-17 09:51:00,0.55,12477.0
576910,22625,RED KITCHEN SCALES,36,2011-11-17 09:51:00,7.65,12477.0
576910,21217,RED RETROSPOT ROUND CAKE TINS,3,2011-11-17 09:51:00,9.95,12477.0
576910,22840,ROUND CAKE TIN VINTAGE RED,2,2011-11-17 09:51:00,7.95,12477.0
576910,22722,SET OF 6 SPICE TINS PANTRY DESIGN,24,2011-11-17 09:51:00,3.45,12477.0
576910,22189,CREAM HEART CARD HOLDER,4,2011-11-17 09:51:00,3.95,12477.0
576910,22505,MEMO BOARD COTTAGE DESIGN,4,2011-11-17 09:51:00,4.95,12477.0
576910,21426,WOODLAND STORAGE BOX SMALL,6,2011-11-17 09:51:00,2.1,12477.0
576910,21430,SET/3 RED GINGHAM ROSE STORAGE BOX,4,2011-11-17 09:51:00,3.75,12477.0
C576974,22779,WOODEN OWLS LIGHT GARLAND,-2,2011-11-17 11:52:00,4.25,12474.0
C576974,22467,GUMBALL COAT RACK,-1,2011-11-17 11:52:00,2.55,12474.0
577027,21277,FRENCH STYLE EMBOSSED HEART CABINET,1,2011-11-17 12:56:00,21.95,12647.0
577027,22505,MEMO BOARD COTTAGE DESIGN,8,2011-11-17 12:56:00,4.95,12647.0
577027,22507,MEMO BOARD RETROSPOT  DESIGN,4,2011-11-17 12:56:00,4.95,12647.0
577027,35599D,PINK AND WHITE CHRISTMAS TREE 120CM,24,2011-11-17 12:56:00,1.95,12647.0
577027,47559B,TEA TIME OVEN GLOVE,50,2011-11-17 12:56:00,1.06,12647.0
577027,21154,RED RETROSPOT OVEN GLOVE,40,2011-11-17 12:56:00,1.25,12647.0
577027,POST,POSTAGE,5,2011-11-17 12:56:00,18.0,12647.0
577054,21123,SET/10 IVORY POLKADOT PARTY CANDLES,24,2011-11-17 14:19:00,1.25,13815.0
577054,21122,SET/10 PINK POLKADOT PARTY CANDLES,24,2011-11-17 14:19:00,1.25,13815.0
577054,21121,SET/10 RED POLKADOT PARTY CANDLES,24,2011-11-17 14:19:00,1.25,13815.0
577054,21212,PACK OF 72 RETROSPOT CAKE CASES,24,2011-11-17 14:19:00,0.55,13815.0
577135,23084,RABBIT NIGHT LIGHT,24,2011-11-18 08:56:00,1.79,12427.0
577135,22634,CHILDS BREAKFAST SET SPACEBOY,8,2011-11-18 08:56:00,8.5,12427.0
577135,21328,BALLOONS  WRITING SET,12,2011-11-18 08:56:00,1.65,12427.0
577135,84598,BOYS ALPHABET IRON ON PATCHES,288,2011-11-18 08:56:00,0.21,12427.0
577135,23348,CHILDRENS TOY COOKING UTENSIL SET,6,2011-11-18 08:56:00,2.08,12427.0
577135,POST,POSTAGE,2,2011-11-18 08:56:00,18.0,12427.0
577168,22423,REGENCY CAKESTAND 3 TIER,56,2011-11-18 10:42:00,10.95,12603.0
577168,POST,POSTAGE,7,2011-11-18 10:42:00,18.0,12603.0
577168,M,Manual,1,2011-11-18 10:42:00,0.0,12603.0
577299,20719,WOODLAND CHARLOTTE BAG,10,2011-11-18 12:52:00,0.85,12498.0
577299,23204,CHARLOTTE BAG APPLES DESIGN,10,2011-11-18 12:52:00,0.85,12498.0
577299,22355,CHARLOTTE BAG SUKI DESIGN,10,2011-11-18 12:52:00,0.85,12498.0
577299,23206,LUNCH BAG APPLE DESIGN,10,2011-11-18 12:52:00,1.65,12498.0
577299,20726,LUNCH BAG WOODLAND,10,2011-11-18 12:52:00,1.65,12498.0
577299,23207,LUNCH BAG ALPHABET DESIGN,10,2011-11-18 12:52:00,1.65,12498.0
577299,20728,LUNCH BAG CARS BLUE,20,2011-11-18 12:52:00,1.65,12498.0
577299,POST,POSTAGE,1,2011-11-18 12:52:00,18.0,12498.0
577301,22175,PINK OWL SOFT TOY,6,2011-11-18 12:53:00,2.95,12498.0
577301,21408,SPOTTY PINK DUCK DOORSTOP,3,2011-11-18 12:53:00,4.25,12498.0
C577397,22220,CAKE STAND LOVEBIRD 2 TIER WHITE,-1,2011-11-18 17:12:00,9.95,12504.0
C577397,22776,SWEETHEART 3 TIER CAKE STAND,-1,2011-11-18 17:12:00,9.95,12504.0
C577397,22236,CAKE STAND 3 TIER MAGIC GARDEN,-1,2011-11-18 17:12:00,12.75,12504.0
577406,23439,HAND WARMER RED LOVE HEART,12,2011-11-20 10:36:00,2.1,12702.0
577406,21479,WHITE SKULL HOT WATER BOTTLE,4,2011-11-20 10:36:00,4.25,12702.0
577406,21481,FAWN BLUE HOT WATER BOTTLE,4,2011-11-20 10:36:00,3.75,12702.0
577406,22113,GREY HEART HOT WATER BOTTLE,4,2011-11-20 10:36:00,4.25,12702.0
577406,22111,SCOTTIE DOG HOT WATER BOTTLE,3,2011-11-20 10:36:00,4.95,12702.0
577406,22114,HOT WATER BOTTLE TEA AND SYMPATHY,4,2011-11-20 10:36:00,4.25,12702.0
577406,22835,HOT WATER BOTTLE I AM SO POORLY,4,2011-11-20 10:36:00,4.95,12702.0
577406,23357,HOT WATER BOTTLE SEX BOMB,4,2011-11-20 10:36:00,4.95,12702.0
577406,23356,LOVE HOT WATER BOTTLE,3,2011-11-20 10:36:00,5.95,12702.0
577406,23355,HOT WATER BOTTLE KEEP CALM,4,2011-11-20 10:36:00,4.95,12702.0
577406,84032A,CHARLIE+LOLA PINK HOT WATER BOTTLE,6,2011-11-20 10:36:00,2.95,12702.0
577406,POST,POSTAGE,1,2011-11-20 10:36:00,18.0,12702.0
577615,22952,60 CAKE CASES VINTAGE CHRISTMAS,24,2011-11-21 10:22:00,0.55,12658.0
577615,23101,SILVER STARS TABLE DECORATION,12,2011-11-21 10:22:00,0.83,12658.0
577615,23100,SILVER BELLS TABLE DECORATION,12,2011-11-21 10:22:00,1.25,12658.0
577615,22076,6 RIBBONS EMPIRE,12,2011-11-21 10:22:00,1.65,12658.0
577615,22077,6 RIBBONS RUSTIC CHARM,12,2011-11-21 10:22:00,1.95,12658.0
577615,85049G,CHOCOLATE BOX RIBBONS,12,2011-11-21 10:22:00,1.25,12658.0
577615,85049E,SCANDINAVIAN REDS RIBBONS,12,2011-11-21 10:22:00,1.25,12658.0
577615,85049C,ROMANTIC PINKS RIBBONS,12,2011-11-21 10:22:00,1.25,12658.0
577615,22728,ALARM CLOCK BAKELIKE PINK,4,2011-11-21 10:22:00,3.75,12658.0
577615,22730,ALARM CLOCK BAKELIKE IVORY,4,2011-11-21 10:22:00,3.75,12658.0
577615,85163A,WHITE BAROQUE WALL CLOCK,1,2011-11-21 10:22:00,12.75,12658.0
577615,22192,BLUE DINER WALL CLOCK,2,2011-11-21 10:22:00,8.5,12658.0
577615,22191,IVORY DINER WALL CLOCK,2,2011-11-21 10:22:00,8.5,12658.0
577615,23342,MINT DINER WALL CLOCK,2,2011-11-21 10:22:00,8.5,12658.0
577615,21682,LARGE MEDINA STAMPED METAL BOWL,4,2011-11-21 10:22:00,4.95,12658.0
577615,84820,DANISH ROSE TRINKET TRAYS,2,2011-11-21 10:22:00,5.95,12658.0
577615,84509A,SET OF 4 ENGLISH ROSE PLACEMATS,4,2011-11-21 10:22:00,3.75,12658.0
577615,84509C,SET OF 4 POLKADOT PLACEMATS,4,2011-11-21 10:22:00,3.75,12658.0
577615,21974,SET OF 36 PAISLEY FLOWER DOILIES,12,2011-11-21 10:22:00,1.45,12658.0
577615,21197,MULTICOLOUR  CONFETTI IN TUBE,12,2011-11-21 10:22:00,1.65,12658.0
577615,23240,SET OF 4 KNICK KNACK TINS DOILY,6,2011-11-21 10:22:00,4.15,12658.0
577615,23366,SET 12 COLOURING PENCILS DOILY,16,2011-11-21 10:22:00,0.65,12658.0
577615,20749,ASSORTED COLOUR MINI CASES,2,2011-11-21 10:22:00,7.95,12658.0
577615,20679,EDWARDIAN PARASOL RED,3,2011-11-21 10:22:00,5.95,12658.0
577615,15056P,EDWARDIAN PARASOL PINK,3,2011-11-21 10:22:00,5.95,12658.0
577615,15056BL,EDWARDIAN PARASOL BLACK,6,2011-11-21 10:22:00,5.95,12658.0
577615,21415,CLAM SHELL SMALL,6,2011-11-21 10:22:00,2.1,12658.0
577615,21292,SMALL STRIPES CHOCOLATE GIFT BAG,16,2011-11-21 10:22:00,0.85,12658.0
577615,22584,PACK OF 6 PANETTONE GIFT BOXES,6,2011-11-21 10:22:00,2.55,12658.0
577615,22752,SET 7 BABUSHKA NESTING BOXES,2,2011-11-21 10:22:00,8.5,12658.0
577615,22731,3D CHRISTMAS STAMPS STICKERS,18,2011-11-21 10:22:00,1.25,12658.0
577615,22733,3D TRADITIONAL CHRISTMAS STICKERS,18,2011-11-21 10:22:00,1.25,12658.0
577615,22734,SET OF 6 RIBBONS VINTAGE CHRISTMAS,6,2011-11-21 10:22:00,2.89,12658.0
577615,22075,6 RIBBONS ELEGANT CHRISTMAS,24,2011-11-21 10:22:00,1.65,12658.0
577615,85049A,TRADITIONAL CHRISTMAS RIBBONS,24,2011-11-21 10:22:00,1.25,12658.0
577615,POST,POSTAGE,3,2011-11-21 10:22:00,18.0,12658.0
C577693,22654,DELUXE SEWING KIT,-2,2011-11-21 11:48:00,5.95,12628.0
C577693,23245,SET OF 3 REGENCY CAKE TINS,-1,2011-11-21 11:48:00,4.95,12628.0
C577775,22236,CAKE STAND 3 TIER MAGIC GARDEN,-12,2011-11-21 16:00:00,10.95,12504.0
C577775,22776,SWEETHEART 3 TIER CAKE STAND,-12,2011-11-21 16:00:00,8.5,12504.0
C577775,22220,CAKE STAND LOVEBIRD 2 TIER WHITE,-12,2011-11-21 16:00:00,8.5,12504.0
577776,22236,CAKE STAND 3 TIER MAGIC GARDEN,1,2011-11-21 16:02:00,12.75,12504.0
577776,22776,SWEETHEART 3 TIER CAKE STAND,1,2011-11-21 16:02:00,9.95,12504.0
577776,22220,CAKE STAND LOVEBIRD 2 TIER WHITE,1,2011-11-21 16:02:00,9.95,12504.0
578024,21156,RETROSPOT CHILDRENS APRON,8,2011-11-22 13:27:00,1.95,12705.0
578024,22898,CHILDRENS APRON APPLES DESIGN,8,2011-11-22 13:27:00,1.95,12705.0
578024,23307,SET OF 60 PANTRY DESIGN CAKE CASES,24,2011-11-22 13:27:00,0.55,12705.0
578024,23245,SET OF 3 REGENCY CAKE TINS,4,2011-11-22 13:27:00,4.95,12705.0
578024,21242,RED RETROSPOT PLATE,8,2011-11-22 13:27:00,1.69,12705.0
578024,21238,RED RETROSPOT CUP,8,2011-11-22 13:27:00,0.85,12705.0
578024,22467,GUMBALL COAT RACK,12,2011-11-22 13:27:00,2.55,12705.0
578024,23148,MINIATURE ANTIQUE ROSE HOOK IVORY,12,2011-11-22 13:27:00,0.83,12705.0
578024,22726,ALARM CLOCK BAKELIKE GREEN,4,2011-11-22 13:27:00,3.75,12705.0
578024,23084,RABBIT NIGHT LIGHT,24,2011-11-22 13:27:00,1.79,12705.0
578024,20712,JUMBO BAG WOODLAND ANIMALS,10,2011-11-22 13:27:00,2.08,12705.0
578024,21240,BLUE POLKADOT CUP,8,2011-11-22 13:27:00,0.85,12705.0
578024,21481,FAWN BLUE HOT WATER BOTTLE,12,2011-11-22 13:27:00,3.75,12705.0
578024,23355,HOT WATER BOTTLE KEEP CALM,4,2011-11-22 13:27:00,4.95,12705.0
578024,84029G,KNITTED UNION FLAG HOT WATER BOTTLE,4,2011-11-22 13:27:00,4.25,12705.0
578024,23284,DOORMAT KEEP CALM AND COME IN,4,2011-11-22 13:27:00,8.25,12705.0
578024,22580,ADVENT CALENDAR GINGHAM SACK,6,2011-11-22 13:27:00,5.95,12705.0
578024,85049G,CHOCOLATE BOX RIBBONS,12,2011-11-22 13:27:00,1.25,12705.0
578024,85049E,SCANDINAVIAN REDS RIBBONS,12,2011-11-22 13:27:00,1.25,12705.0
578024,84692,BOX OF 24 COCKTAIL PARASOLS,25,2011-11-22 13:27:00,0.42,12705.0
578024,22636,CHILDS BREAKFAST SET CIRCUS PARADE,2,2011-11-22 13:27:00,8.5,12705.0
578024,23598,PAPER BUNTING VINTAGE PARTY,6,2011-11-22 13:27:00,2.95,12705.0
578024,21402,RED  EGG  SPOON,24,2011-11-22 13:27:00,0.12,12705.0
578024,21403,BLUE EGG  SPOON,24,2011-11-22 13:27:00,0.12,12705.0
578024,23430,BLUE RETRO KITCHEN WALL CLOCK,2,2011-11-22 13:27:00,8.15,12705.0
578024,23429,RED RETRO KITCHEN WALL CLOCK,2,2011-11-22 13:27:00,8.15,12705.0
578024,23428,IVORY RETRO KITCHEN WALL CLOCK,2,2011-11-22 13:27:00,8.15,12705.0
578024,23497,CLASSIC CHROME BICYCLE BELL,12,2011-11-22 13:27:00,1.45,12705.0
578024,23564,EGG CUP MILKMAID INGRID,12,2011-11-22 13:27:00,1.25,12705.0
578024,23566,EGG CUP MILKMAID HEIDI,12,2011-11-22 13:27:00,1.25,12705.0
578024,23565,EGG CUP MILKMAID HELGA,12,2011-11-22 13:27:00,1.25,12705.0
578024,23568,EGG CUP HENRIETTA HEN CREAM,12,2011-11-22 13:27:00,1.25,12705.0
578024,23243,SET OF TEA COFFEE SUGAR TINS PANTRY,4,2011-11-22 13:27:00,4.95,12705.0
578024,22625,RED KITCHEN SCALES,2,2011-11-22 13:27:00,8.5,12705.0
578024,22627,MINT KITCHEN SCALES,2,2011-11-22 13:27:00,8.5,12705.0
578024,22624,IVORY KITCHEN SCALES,2,2011-11-22 13:27:00,8.5,12705.0
578043,23480,MINI LIGHTS WOODLAND MUSHROOMS,4,2011-11-22 14:39:00,3.75,12474.0
578043,23569,TRADTIONAL ALPHABET STAMP SET,4,2011-11-22 14:39:00,4.95,12474.0
578043,23570,TRADITIONAL PICK UP STICKS GAME,12,2011-11-22 14:39:00,1.25,12474.0
578043,23571,TRADITIONAL NAUGHTS & CROSSES,12,2011-11-22 14:39:00,1.65,12474.0
578043,22964,3 PIECE SPACEBOY COOKIE CUTTER SET,6,2011-11-22 14:39:00,2.1,12474.0
578043,23392,SPACEBOY ROCKET LOLLY MAKERS,6,2011-11-22 14:39:00,2.08,12474.0
578043,23559,WOODLAND BUNNIES LOLLY MAKERS,6,2011-11-22 14:39:00,2.08,12474.0
578043,23212,HEART WREATH DECORATION WITH BELL,12,2011-11-22 14:39:00,1.25,12474.0
578043,23275,SET OF 3 HANGING OWLS OLLIE BEAK,12,2011-11-22 14:39:00,1.25,12474.0
578043,20682,RED RETROSPOT CHILDRENS UMBRELLA,6,2011-11-22 14:39:00,3.25,12474.0
578043,20724,RED RETROSPOT CHARLOTTE BAG,20,2011-11-22 14:39:00,0.85,12474.0
578043,22139,RETROSPOT TEA SET CERAMIC 11 PC,3,2011-11-22 14:39:00,4.95,12474.0
578043,22352,LUNCH BOX WITH CUTLERY RETROSPOT,6,2011-11-22 14:39:00,2.55,12474.0
578043,23389,SPACEBOY MINI BACKPACK,4,2011-11-22 14:39:00,4.15,12474.0
578043,22620,4 TRADITIONAL SPINNING TOPS,12,2011-11-22 14:39:00,1.45,12474.0
578043,20719,WOODLAND CHARLOTTE BAG,40,2011-11-22 14:39:00,0.85,12474.0
578043,23388,WOODLAND MINI BACKPACK,4,2011-11-22 14:39:00,4.15,12474.0
578043,22326,ROUND SNACK BOXES SET OF4 WOODLAND,6,2011-11-22 14:39:00,2.95,12474.0
578043,20711,JUMBO BAG TOYS,10,2011-11-22 14:39:00,2.08,12474.0
578043,22355,CHARLOTTE BAG SUKI DESIGN,10,2011-11-22 14:39:00,0.85,12474.0
578043,23084,RABBIT NIGHT LIGHT,12,2011-11-22 14:39:00,2.08,12474.0
578043,21731,RED TOADSTOOL LED NIGHT LIGHT,12,2011-11-22 14:39:00,1.65,12474.0
578043,POST,POSTAGE,2,2011-11-22 14:39:00,18.0,12474.0
C578062,23174,REGENCY SUGAR BOWL GREEN,-3,2011-11-22 15:30:00,4.15,12471.0
C578062,23245,SET OF 3 REGENCY CAKE TINS,-4,2011-11-22 15:30:00,4.95,12471.0
C578062,23197,SKETCHBOOK MAGNETIC SHOPPING LIST,-3,2011-11-22 15:30:00,1.45,12471.0
578273,22110,BIRD HOUSE HOT WATER BOTTLE,2,2011-11-23 13:41:00,2.55,14335.0
578273,22698,PINK REGENCY TEACUP AND SAUCER,1,2011-11-23 13:41:00,2.95,14335.0
578273,22697,GREEN REGENCY TEACUP AND SAUCER,1,2011-11-23 13:41:00,2.95,14335.0
578273,82582,AREA PATROLLED METAL SIGN,1,2011-11-23 13:41:00,2.1,14335.0
578273,23160,REGENCY TEA SPOON,2,2011-11-23 13:41:00,1.25,14335.0
578273,22726,ALARM CLOCK BAKELIKE GREEN,6,2011-11-23 13:41:00,3.75,14335.0
578273,22725,ALARM CLOCK BAKELIKE CHOCOLATE,4,2011-11-23 13:41:00,3.75,14335.0
578273,22727,ALARM CLOCK BAKELIKE RED,6,2011-11-23 13:41:00,3.75,14335.0
578273,22554,PLASTERS IN TIN WOODLAND ANIMALS,1,2011-11-23 13:41:00,1.65,14335.0
578273,22409,MONEY BOX BISCUITS DESIGN,1,2011-11-23 13:41:00,1.25,14335.0
578273,22556,PLASTERS IN TIN CIRCUS PARADE,2,2011-11-23 13:41:00,1.65,14335.0
578273,22554,PLASTERS IN TIN WOODLAND ANIMALS,1,2011-11-23 13:41:00,1.65,14335.0
578273,22999,TRAVEL CARD WALLET VINTAGE LEAF,1,2011-11-23 13:41:00,0.42,14335.0
578273,23309,SET OF 60 I LOVE LONDON CAKE CASES,1,2011-11-23 13:41:00,0.55,14335.0
578273,23349,ROLL WRAP VINTAGE CHRISTMAS,1,2011-11-23 13:41:00,1.25,14335.0
578273,23350,ROLL WRAP VINTAGE SPOT,1,2011-11-23 13:41:00,1.25,14335.0
578273,22097,SWALLOW SQUARE TISSUE BOX,1,2011-11-23 13:41:00,0.39,14335.0
578273,22726,ALARM CLOCK BAKELIKE GREEN,1,2011-11-23 13:41:00,3.75,14335.0
578273,21034,REX CASH+CARRY JUMBO SHOPPER,1,2011-11-23 13:41:00,0.95,14335.0
578273,22375,AIRLINE BAG VINTAGE JET SET BROWN,2,2011-11-23 13:41:00,4.25,14335.0
578273,22371,AIRLINE BAG VINTAGE TOKYO 78,2,2011-11-23 13:41:00,4.25,14335.0
578295,37500,TEA TIME TEAPOT IN GIFT BOX,12,2011-11-23 14:39:00,4.95,12569.0
578295,84509G,SET OF 4 FAIRY CAKE PLACEMATS,8,2011-11-23 14:39:00,3.75,12569.0
578295,22851,SET 20 NAPKINS FAIRY CAKES DESIGN,24,2011-11-23 14:39:00,0.85,12569.0
578295,POST,POSTAGE,2,2011-11-23 14:39:00,18.0,12569.0
578295,47599B,BLUE PARTY BAGS,10,2011-11-23 14:39:00,2.1,12569.0
578295,22558,CLOTHES PEGS RETROSPOT PACK 24,12,2011-11-23 14:39:00,1.65,12569.0
578295,37450,CERAMIC CAKE BOWL + HANGING CAKES,6,2011-11-23 14:39:00,2.95,12569.0
578298,23293,SET OF 12 FAIRY CAKE BAKING CASES,128,2011-11-23 14:52:00,0.72,12619.0
578298,23307,SET OF 60 PANTRY DESIGN CAKE CASES,24,2011-11-23 14:52:00,0.55,12619.0
578298,23295,SET OF 12 MINI LOAF BAKING CASES,128,2011-11-23 14:52:00,0.72,12619.0
578298,22032,BOTANICAL LILY GREETING CARD,12,2011-11-23 14:52:00,0.42,12619.0
578298,22984,CARD GINGHAM ROSE,24,2011-11-23 14:52:00,0.42,12619.0
578298,85015,SET OF 12  VINTAGE POSTCARD SET,24,2011-11-23 14:52:00,0.65,12619.0
578298,22028,PENNY FARTHING BIRTHDAY CARD,12,2011-11-23 14:52:00,0.42,12619.0
578298,22029,SPACEBOY BIRTHDAY CARD,12,2011-11-23 14:52:00,0.42,12619.0
578298,22031,BOTANICAL LAVENDER BIRTHDAY CARD,12,2011-11-23 14:52:00,0.42,12619.0
578298,22819,"BIRTHDAY CARD, RETRO SPOT",12,2011-11-23 14:52:00,0.42,12619.0
578298,21974,SET OF 36 PAISLEY FLOWER DOILIES,12,2011-11-23 14:52:00,1.45,12619.0
578298,84987,SET OF 36 TEATIME PAPER DOILIES,12,2011-11-23 14:52:00,1.45,12619.0
578298,84988,SET OF 72 PINK HEART PAPER DOILIES,12,2011-11-23 14:52:00,1.45,12619.0
578298,21210,SET OF 72 RETROSPOT PAPER  DOILIES,12,2011-11-23 14:52:00,1.45,12619.0
578298,85227,SET OF 6 3D KIT CARDS FOR KIDS,12,2011-11-23 14:52:00,0.85,12619.0
578298,22079,RIBBON REEL HEARTS DESIGN,10,2011-11-23 14:52:00,1.65,12619.0
578298,POST,POSTAGE,3,2011-11-23 14:52:00,18.0,12619.0
578333,22077,6 RIBBONS RUSTIC CHARM,36,2011-11-24 08:50:00,1.95,12471.0
578333,22621,TRADITIONAL KNITTING NANCY,24,2011-11-24 08:50:00,1.65,12471.0
578333,23294,SET OF 6 SNACK LOAF BAKING CASES,24,2011-11-24 08:50:00,0.83,12471.0
578333,23319,BOX OF 6 MINI 50'S CRACKERS,24,2011-11-24 08:50:00,2.49,12471.0
578333,23197,SKETCHBOOK MAGNETIC SHOPPING LIST,12,2011-11-24 08:50:00,1.45,12471.0
578333,23346,SPACEBOY BEAKER,12,2011-11-24 08:50:00,1.25,12471.0
578333,23480,MINI LIGHTS WOODLAND MUSHROOMS,4,2011-11-24 08:50:00,3.75,12471.0
578333,22551,PLASTERS IN TIN SPACEBOY,12,2011-11-24 08:50:00,1.65,12471.0
578333,23295,SET OF 12 MINI LOAF BAKING CASES,16,2011-11-24 08:50:00,0.83,12471.0
578333,23445,ICE CREAM BUBBLES,20,2011-11-24 08:50:00,0.83,12471.0
578333,23368,SET 12 COLOUR PENCILS DOLLY GIRL,16,2011-11-24 08:50:00,0.65,12471.0
578333,POST,POSTAGE,2,2011-11-24 08:50:00,18.0,12471.0
578425,POST,POSTAGE,4,2011-11-24 12:01:00,18.0,12705.0
578469,POST,POSTAGE,4,2011-11-24 12:36:00,18.0,12471.0
578469,22551,PLASTERS IN TIN SPACEBOY,12,2011-11-24 12:36:00,1.65,12471.0
578469,23256,CHILDRENS CUTLERY SPACEBOY,4,2011-11-24 12:36:00,4.15,12471.0
578469,23254,CHILDRENS CUTLERY DOLLY GIRL,4,2011-11-24 12:36:00,4.15,12471.0
578469,23345,DOLLY GIRL BEAKER,12,2011-11-24 12:36:00,1.25,12471.0
578469,23559,WOODLAND BUNNIES LOLLY MAKERS,12,2011-11-24 12:36:00,2.08,12471.0
578469,23238,SET OF 4 KNICK KNACK TINS LONDON,12,2011-11-24 12:36:00,4.15,12471.0
578469,23294,SET OF 6 SNACK LOAF BAKING CASES,16,2011-11-24 12:36:00,0.83,12471.0
578469,23159,SET OF 5 PANCAKE DAY MAGNETS,24,2011-11-24 12:36:00,2.08,12471.0
578469,23158,SET OF 5 LUCKY CAT MAGNETS,12,2011-11-24 12:36:00,2.08,12471.0
578469,22423,REGENCY CAKESTAND 3 TIER,16,2011-11-24 12:36:00,10.95,12471.0
578469,84006,MAGIC TREE -PAPER FLOWERS,60,2011-11-24 12:36:00,0.85,12471.0
578469,84012,MAGIC SHEEP WOOL GROWING FROM PAPER,72,2011-11-24 12:36:00,0.85,12471.0
578472,22979,PANTRY WASHING UP BRUSH,24,2011-11-24 12:40:00,1.45,12476.0
578472,23245,SET OF 3 REGENCY CAKE TINS,4,2011-11-24 12:40:00,4.95,12476.0
578472,22853,CAT BOWL VINTAGE CREAM,6,2011-11-24 12:40:00,3.25,12476.0
578472,22852,DOG BOWL VINTAGE CREAM,4,2011-11-24 12:40:00,4.25,12476.0
578472,23253,16 PIECE CUTLERY SET PANTRY DESIGN,4,2011-11-24 12:40:00,15.95,12476.0
578472,22989,SET 2 PANTRY DESIGN TEA TOWELS,6,2011-11-24 12:40:00,3.25,12476.0
578472,22895,SET OF 2 TEA TOWELS APPLE AND PEARS,6,2011-11-24 12:40:00,3.25,12476.0
578472,22965,3 TRADITIONAl BISCUIT CUTTERS  SET,6,2011-11-24 12:40:00,2.1,12476.0
578472,84375,SET OF 20 KIDS COOKIE CUTTERS,12,2011-11-24 12:40:00,2.1,12476.0
578472,84792,ENCHANTED BIRD COATHANGER 5 HOOK,8,2011-11-24 12:40:00,4.65,12476.0
578472,22467,GUMBALL COAT RACK,12,2011-11-24 12:40:00,2.55,12476.0
578472,22727,ALARM CLOCK BAKELIKE RED,8,2011-11-24 12:40:00,3.75,12476.0
578472,22730,ALARM CLOCK BAKELIKE IVORY,8,2011-11-24 12:40:00,3.75,12476.0
578472,22726,ALARM CLOCK BAKELIKE GREEN,8,2011-11-24 12:40:00,3.75,12476.0
578472,84879,ASSORTED COLOUR BIRD ORNAMENT,40,2011-11-24 12:40:00,1.69,12476.0
578472,21293,MIRRORED DOVE WALL DECORATION,6,2011-11-24 12:40:00,2.1,12476.0
578472,23462,ROCOCO WALL MIRROR WHITE,1,2011-11-24 12:40:00,19.95,12476.0
578472,22781,GUMBALL MAGAZINE RACK,2,2011-11-24 12:40:00,7.65,12476.0
578472,82484,WOOD BLACK BOARD ANT WHITE FINISH,4,2011-11-24 12:40:00,7.95,12476.0
578472,82494L,WOODEN FRAME ANTIQUE WHITE,18,2011-11-24 12:40:00,2.95,12476.0
578472,82482,WOODEN PICTURE FRAME WHITE FINISH,18,2011-11-24 12:40:00,2.95,12476.0
578472,21137,BLACK RECORD COVER FRAME,4,2011-11-24 12:40:00,3.75,12476.0
578472,22169,FAMILY ALBUM WHITE PICTURE FRAME,4,2011-11-24 12:40:00,8.5,12476.0
578472,85049C,ROMANTIC PINKS RIBBONS,12,2011-11-24 12:40:00,1.25,12476.0
578472,85049E,SCANDINAVIAN REDS RIBBONS,12,2011-11-24 12:40:00,1.25,12476.0
578472,22078,RIBBON REEL LACE DESIGN,10,2011-11-24 12:40:00,2.1,12476.0
578472,22080,RIBBON REEL POLKADOTS,10,2011-11-24 12:40:00,1.65,12476.0
578472,22077,6 RIBBONS RUSTIC CHARM,24,2011-11-24 12:40:00,1.95,12476.0
578472,22173,METAL 4 HOOK HANGER FRENCH CHATEAU,8,2011-11-24 12:40:00,3.29,12476.0
578472,85199L,LARGE HANGING IVORY & RED WOOD BIRD,24,2011-11-24 12:40:00,0.65,12476.0
578472,22576,SWALLOW WOODEN CHRISTMAS DECORATION,24,2011-11-24 12:40:00,0.85,12476.0
578472,85127,SMALL SQUARE CUT GLASS CANDLESTICK,5,2011-11-24 12:40:00,4.95,12476.0
578472,23355,HOT WATER BOTTLE KEEP CALM,12,2011-11-24 12:40:00,4.95,12476.0
578472,20750,RED RETROSPOT MINI CASES,3,2011-11-24 12:40:00,7.95,12476.0
578472,POST,POSTAGE,9,2011-11-24 12:40:00,18.0,12476.0
578472,84347,ROTATING SILVER ANGELS T-LIGHT HLDR,6,2011-11-24 12:40:00,2.55,12476.0
578472,21494,ROTATING LEAVES T-LIGHT HOLDER,12,2011-11-24 12:40:00,1.25,12476.0
578472,23543,WALL ART KEEP CALM,3,2011-11-24 12:40:00,8.25,12476.0
578472,23535,WALL ART BICYCLE SAFETY,4,2011-11-24 12:40:00,5.95,12476.0
578472,23530,WALL ART ONLY ONE PERSON,6,2011-11-24 12:40:00,4.95,12476.0
578472,23532,WALL ART WORK REST AND PLAY,3,2011-11-24 12:40:00,4.95,12476.0
578472,85123A,WHITE HANGING HEART T-LIGHT HOLDER,12,2011-11-24 12:40:00,2.95,12476.0
578472,84946,ANTIQUE SILVER T-LIGHT GLASS,24,2011-11-24 12:40:00,1.25,12476.0
578472,23283,DOORMAT VINTAGE LEAF,10,2011-11-24 12:40:00,7.08,12476.0
578472,23284,DOORMAT KEEP CALM AND COME IN,10,2011-11-24 12:40:00,7.08,12476.0
578472,23503,PLAYING CARDS KEEP CALM & CARRY ON,24,2011-11-24 12:40:00,1.25,12476.0
578472,22139,RETROSPOT TEA SET CERAMIC 11 PC,3,2011-11-24 12:40:00,4.95,12476.0
578472,23284,DOORMAT KEEP CALM AND COME IN,6,2011-11-24 12:40:00,8.25,12476.0
578472,22440,BALLOON WATER BOMB PACK OF 35,20,2011-11-24 12:40:00,0.42,12476.0
578472,23371,SET 36 COLOUR PENCILS SPACEBOY,16,2011-11-24 12:40:00,1.25,12476.0
578472,20978,36 PENCILS TUBE SKULLS,16,2011-11-24 12:40:00,1.25,12476.0
578472,20979,36 PENCILS TUBE RED RETROSPOT,16,2011-11-24 12:40:00,1.25,12476.0
578472,23052,RECYCLED ACAPULCO MAT TURQUOISE,2,2011-11-24 12:40:00,8.25,12476.0
578472,23049,RECYCLED ACAPULCO MAT RED,2,2011-11-24 12:40:00,8.25,12476.0
578472,23425,STORAGE TIN HOME SWEET HOME,6,2011-11-24 12:40:00,2.49,12476.0
578472,23244,ROUND STORAGE TIN VINTAGE LEAF,12,2011-11-24 12:40:00,1.95,12476.0
578472,22364,GLASS JAR DIGESTIVE BISCUITS,6,2011-11-24 12:40:00,2.95,12476.0
578472,23117,POPPY FIELDS CHOPPING BOARD,3,2011-11-24 12:40:00,4.95,12476.0
578472,23114,VINTAGE LEAF CHOPPING BOARD,3,2011-11-24 12:40:00,4.95,12476.0
578509,16237,SLEEPING CAT ERASERS,30,2011-11-24 13:17:00,0.21,12705.0
578509,21430,SET/3 RED GINGHAM ROSE STORAGE BOX,4,2011-11-24 13:17:00,3.75,12705.0
578509,22492,MINI PAINT SET VINTAGE,36,2011-11-24 13:17:00,0.65,12705.0
578509,21154,RED RETROSPOT OVEN GLOVE,10,2011-11-24 13:17:00,1.25,12705.0
578509,22326,ROUND SNACK BOXES SET OF4 WOODLAND,12,2011-11-24 13:17:00,2.95,12705.0
578509,22331,WOODLAND PARTY BAG + STICKER SET,8,2011-11-24 13:17:00,1.65,12705.0
578509,22328,ROUND SNACK BOXES SET OF 4 FRUITS,6,2011-11-24 13:17:00,2.95,12705.0
578509,21429,RED GINGHAM ROSE JEWELLERY BOX,8,2011-11-24 13:17:00,1.95,12705.0
578509,22333,RETROSPOT PARTY BAG + STICKER SET,8,2011-11-24 13:17:00,1.65,12705.0
578509,22334,DINOSAUR PARTY BAG + STICKER SET,8,2011-11-24 13:17:00,1.65,12705.0
578509,POST,POSTAGE,1,2011-11-24 13:17:00,18.0,12705.0
578547,22326,ROUND SNACK BOXES SET OF4 WOODLAND,6,2011-11-24 15:02:00,2.95,12720.0
578547,21080,SET/20 RED RETROSPOT PAPER NAPKINS,12,2011-11-24 15:02:00,0.85,12720.0
578547,21880,RED RETROSPOT TAPE,12,2011-11-24 15:02:00,0.65,12720.0
578547,21883,STARS GIFT TAPE,12,2011-11-24 15:02:00,0.65,12720.0
578547,22654,DELUXE SEWING KIT,3,2011-11-24 15:02:00,5.95,12720.0
578547,21906,PHARMACIE FIRST AID TIN,2,2011-11-24 15:02:00,6.75,12720.0
578547,23112,PARISIENNE CURIO CABINET,4,2011-11-24 15:02:00,7.5,12720.0
578547,23378,PACK OF 12 50'S CHRISTMAS TISSUES,120,2011-11-24 15:02:00,0.39,12720.0
578547,23376,PACK OF 12 VINTAGE CHRISTMAS TISSUE,120,2011-11-24 15:02:00,0.39,12720.0
578547,23293,SET OF 12 FAIRY CAKE BAKING CASES,8,2011-11-24 15:02:00,0.83,12720.0
578547,23296,SET OF 6 TEA TIME BAKING CASES,8,2011-11-24 15:02:00,1.25,12720.0
578547,23307,SET OF 60 PANTRY DESIGN CAKE CASES,24,2011-11-24 15:02:00,0.55,12720.0
578547,21210,SET OF 72 RETROSPOT PAPER  DOILIES,12,2011-11-24 15:02:00,1.45,12720.0
578547,22720,SET OF 3 CAKE TINS PANTRY DESIGN,3,2011-11-24 15:02:00,4.95,12720.0
578547,22907,PACK OF 20 NAPKINS PANTRY DESIGN,12,2011-11-24 15:02:00,0.85,12720.0
578547,POST,POSTAGE,3,2011-11-24 15:02:00,18.0,12720.0
578550,22624,IVORY KITCHEN SCALES,2,2011-11-24 15:03:00,8.5,12720.0
578550,23236,STORAGE TIN VINTAGE DOILY,6,2011-11-24 15:03:00,2.89,12720.0
578550,23240,SET OF 4 KNICK KNACK TINS DOILY,6,2011-11-24 15:03:00,4.15,12720.0
578550,85099B,JUMBO BAG RED RETROSPOT,10,2011-11-24 15:03:00,2.08,12720.0
578550,23203,JUMBO BAG VINTAGE DOILY,10,2011-11-24 15:03:00,2.08,12720.0
578550,16169E,WRAP 50'S  CHRISTMAS,25,2011-11-24 15:03:00,0.42,12720.0
578626,21086,SET/6 RED SPOTTY PAPER CUPS,24,2011-11-24 15:38:00,0.65,12709.0
578626,21094,SET/6 RED SPOTTY PAPER PLATES,24,2011-11-24 15:38:00,0.85,12709.0
578626,21485,RETROSPOT HEART HOT WATER BOTTLE,6,2011-11-24 15:38:00,4.95,12709.0
578626,22079,RIBBON REEL HEARTS DESIGN,10,2011-11-24 15:38:00,1.65,12709.0
578626,22080,RIBBON REEL POLKADOTS,10,2011-11-24 15:38:00,1.65,12709.0
578626,23212,HEART WREATH DECORATION WITH BELL,24,2011-11-24 15:38:00,1.25,12709.0
578626,22333,RETROSPOT PARTY BAG + STICKER SET,32,2011-11-24 15:38:00,1.65,12709.0
578626,22423,REGENCY CAKESTAND 3 TIER,32,2011-11-24 15:38:00,10.95,12709.0
578626,22625,RED KITCHEN SCALES,4,2011-11-24 15:38:00,8.5,12709.0
578626,22626,BLACK KITCHEN SCALES,4,2011-11-24 15:38:00,8.5,12709.0
578626,22726,ALARM CLOCK BAKELIKE GREEN,8,2011-11-24 15:38:00,3.75,12709.0
578626,22728,ALARM CLOCK BAKELIKE PINK,8,2011-11-24 15:38:00,3.75,12709.0
578626,22907,PACK OF 20 NAPKINS PANTRY DESIGN,24,2011-11-24 15:38:00,0.85,12709.0
578626,22961,JAM MAKING SET PRINTED,48,2011-11-24 15:38:00,1.45,12709.0
578626,22980,PANTRY SCRUBBING BRUSH,12,2011-11-24 15:38:00,1.65,12709.0
578626,23298,SPOTTY BUNTING,12,2011-11-24 15:38:00,4.95,12709.0
578626,20979,36 PENCILS TUBE RED RETROSPOT,16,2011-11-24 15:38:00,1.25,12709.0
578626,21592,RETROSPOT CIGAR BOX MATCHES,24,2011-11-24 15:38:00,1.25,12709.0
578705,84988,SET OF 72 PINK HEART PAPER DOILIES,3,2011-11-25 11:12:00,1.45,12531.0
578705,23569,TRADTIONAL ALPHABET STAMP SET,2,2011-11-25 11:12:00,4.95,12531.0
578705,20712,JUMBO BAG WOODLAND ANIMALS,2,2011-11-25 11:12:00,2.08,12531.0
578705,22196,SMALL HEART MEASURING SPOONS,1,2011-11-25 11:12:00,0.85,12531.0
578705,22195,LARGE HEART MEASURING SPOONS,1,2011-11-25 11:12:00,1.65,12531.0
578705,22564,ALPHABET STENCIL CRAFT,2,2011-11-25 11:12:00,1.25,12531.0
578705,21251,DINOSAUR HEIGHT CHART STICKER SET,2,2011-11-25 11:12:00,2.95,12531.0
578705,21249,WOODLAND  HEIGHT CHART STICKERS,3,2011-11-25 11:12:00,2.95,12531.0
578705,22966,GINGERBREAD MAN COOKIE CUTTER,3,2011-11-25 11:12:00,1.25,12531.0
578705,23480,MINI LIGHTS WOODLAND MUSHROOMS,4,2011-11-25 11:12:00,3.75,12531.0
578705,21731,RED TOADSTOOL LED NIGHT LIGHT,3,2011-11-25 11:12:00,1.65,12531.0
578705,23084,RABBIT NIGHT LIGHT,2,2011-11-25 11:12:00,2.08,12531.0
578705,22078,RIBBON REEL LACE DESIGN,5,2011-11-25 11:12:00,2.1,12531.0
578705,21226,POCKET MIRROR WOODLAND,5,2011-11-25 11:12:00,1.25,12531.0
578705,22554,PLASTERS IN TIN WOODLAND ANIMALS,4,2011-11-25 11:12:00,1.65,12531.0
578705,21452,TOADSTOOL MONEY BOX,2,2011-11-25 11:12:00,2.95,12531.0
578705,22504,CABIN BAG VINTAGE RETROSPOT,1,2011-11-25 11:12:00,29.95,12531.0
C579090,84598,BOYS ALPHABET IRON ON PATCHES,-288,2011-11-28 10:48:00,0.21,12427.0
579094,20750,RED RETROSPOT MINI CASES,2,2011-11-28 10:56:00,7.95,12668.0
579094,21481,FAWN BLUE HOT WATER BOTTLE,4,2011-11-28 10:56:00,3.75,12668.0
579094,21165,BEWARE OF THE CAT METAL SIGN,12,2011-11-28 10:56:00,1.69,12668.0
579094,22939,ADULT APRON APPLE DELIGHT,4,2011-11-28 10:56:00,4.95,12668.0
579094,47567B,TEA TIME KITCHEN APRON,3,2011-11-28 10:56:00,5.95,12668.0
579094,21035,SET/2 RED RETROSPOT TEA TOWELS,6,2011-11-28 10:56:00,3.25,12668.0
579094,22895,SET OF 2 TEA TOWELS APPLE AND PEARS,6,2011-11-28 10:56:00,3.25,12668.0
579094,21218,RED SPOTTY BISCUIT TIN,6,2011-11-28 10:56:00,3.75,12668.0
579094,22199,FRYING PAN RED RETROSPOT,4,2011-11-28 10:56:00,4.25,12668.0
579094,21154,RED RETROSPOT OVEN GLOVE,10,2011-11-28 10:56:00,1.25,12668.0
579094,47559B,TEA TIME OVEN GLOVE,10,2011-11-28 10:56:00,1.25,12668.0
579094,22720,SET OF 3 CAKE TINS PANTRY DESIGN,3,2011-11-28 10:56:00,4.95,12668.0
579094,23115,RED APPLES CHOPPING BOARD,3,2011-11-28 10:56:00,4.95,12668.0
579094,23114,VINTAGE LEAF CHOPPING BOARD,3,2011-11-28 10:56:00,4.95,12668.0
579094,23113,PANTRY CHOPPING BOARD,3,2011-11-28 10:56:00,4.95,12668.0
579094,23244,ROUND STORAGE TIN VINTAGE LEAF,6,2011-11-28 10:56:00,1.95,12668.0
579094,21531,RED RETROSPOT SUGAR JAM BOWL,6,2011-11-28 10:56:00,2.55,12668.0
579094,21535,RED RETROSPOT SMALL MILK JUG,6,2011-11-28 10:56:00,2.55,12668.0
579094,21533,RETROSPOT LARGE MILK JUG,3,2011-11-28 10:56:00,4.95,12668.0
579094,21232,STRAWBERRY CERAMIC TRINKET POT,24,2011-11-28 10:56:00,1.25,12668.0
579094,22064,PINK DOUGHNUT TRINKET POT,12,2011-11-28 10:56:00,1.65,12668.0
579094,37450,CERAMIC CAKE BOWL + HANGING CAKES,6,2011-11-28 10:56:00,2.95,12668.0
579094,20914,SET/5 RED RETROSPOT LID GLASS BOWLS,6,2011-11-28 10:56:00,2.95,12668.0
579094,22303,COFFEE MUG APPLES DESIGN,12,2011-11-28 10:56:00,2.55,12668.0
579094,22302,COFFEE MUG PEARS  DESIGN,12,2011-11-28 10:56:00,2.55,12668.0
579094,22059,CERAMIC STRAWBERRY DESIGN MUG,12,2011-11-28 10:56:00,1.49,12668.0
579094,37448,CERAMIC CAKE DESIGN SPOTTED MUG,12,2011-11-28 10:56:00,1.49,12668.0
579094,22894,TABLECLOTH RED APPLES DESIGN,2,2011-11-28 10:56:00,9.95,12668.0
579094,22649,STRAWBERRY FAIRY CAKE TEAPOT,16,2011-11-28 10:56:00,4.95,12668.0
579094,23445,ICE CREAM BUBBLES,20,2011-11-28 10:56:00,0.83,12668.0
579094,22419,LIPSTICK PEN RED,12,2011-11-28 10:56:00,0.42,12668.0
579094,22644,CERAMIC CHERRY CAKE MONEY BANK,12,2011-11-28 10:56:00,1.45,12668.0
579094,48185,DOORMAT FAIRY CAKE,4,2011-11-28 10:56:00,8.25,12668.0
579094,22326,ROUND SNACK BOXES SET OF4 WOODLAND,6,2011-11-28 10:56:00,2.95,12668.0
579094,22328,ROUND SNACK BOXES SET OF 4 FRUITS,6,2011-11-28 10:56:00,2.95,12668.0
579094,22327,ROUND SNACK BOXES SET OF 4 SKULLS,6,2011-11-28 10:56:00,2.95,12668.0
579094,22629,SPACEBOY LUNCH BOX,12,2011-11-28 10:56:00,1.95,12668.0
579094,POST,POSTAGE,8,2011-11-28 10:56:00,18.0,12668.0
579152,21212,PACK OF 72 RETROSPOT CAKE CASES,24,2011-11-28 13:26:00,0.55,12479.0
579152,21210,SET OF 72 RETROSPOT PAPER  DOILIES,12,2011-11-28 13:26:00,1.45,12479.0
579152,21080,SET/20 RED RETROSPOT PAPER NAPKINS,12,2011-11-28 13:26:00,0.85,12479.0
579152,21086,SET/6 RED SPOTTY PAPER CUPS,12,2011-11-28 13:26:00,0.65,12479.0
579152,21989,PACK OF 20 SKULL PAPER NAPKINS,12,2011-11-28 13:26:00,0.85,12479.0
579152,21987,PACK OF 6 SKULL PAPER CUPS,12,2011-11-28 13:26:00,0.65,12479.0
579152,21558,SKULL LUNCH BOX WITH CUTLERY,12,2011-11-28 13:26:00,2.55,12479.0
579152,21211,SET OF 72 SKULL PAPER  DOILIES,12,2011-11-28 13:26:00,1.45,12479.0
579152,21213,PACK OF 72 SKULL CAKE CASES,24,2011-11-28 13:26:00,0.55,12479.0
579152,21882,SKULLS TAPE,12,2011-11-28 13:26:00,0.65,12479.0
579152,22437,SET OF 9 BLACK SKULL BALLOONS,20,2011-11-28 13:26:00,0.85,12479.0
579152,84992,72 SWEETHEART FAIRY CAKE CASES,24,2011-11-28 13:26:00,0.55,12479.0
579152,22993,SET OF 4 PANTRY JELLY MOULDS,12,2011-11-28 13:26:00,1.25,12479.0
579152,22628,PICNIC BOXES SET OF 3 RETROSPOT,4,2011-11-28 13:26:00,4.95,12479.0
579152,21216,"SET 3 RETROSPOT TEA,COFFEE,SUGAR",4,2011-11-28 13:26:00,4.95,12479.0
579152,23243,SET OF TEA COFFEE SUGAR TINS PANTRY,4,2011-11-28 13:26:00,4.95,12479.0
579152,21217,RED RETROSPOT ROUND CAKE TINS,3,2011-11-28 13:26:00,9.95,12479.0
579152,22720,SET OF 3 CAKE TINS PANTRY DESIGN,3,2011-11-28 13:26:00,4.95,12479.0
579152,21088,SET/6 FRUIT SALAD PAPER CUPS,24,2011-11-28 13:26:00,0.19,12479.0
579152,21988,PACK OF 6 SKULL PAPER PLATES,12,2011-11-28 13:26:00,0.85,12479.0
579152,21094,SET/6 RED SPOTTY PAPER PLATES,12,2011-11-28 13:26:00,0.85,12479.0
579152,22215,CAKE STAND WHITE TWO TIER LACE,2,2011-11-28 13:26:00,8.5,12479.0
579152,22734,SET OF 6 RIBBONS VINTAGE CHRISTMAS,6,2011-11-28 13:26:00,2.89,12479.0
579152,22077,6 RIBBONS RUSTIC CHARM,12,2011-11-28 13:26:00,1.95,12479.0
579152,85049E,SCANDINAVIAN REDS RIBBONS,12,2011-11-28 13:26:00,1.25,12479.0
579152,85049C,ROMANTIC PINKS RIBBONS,12,2011-11-28 13:26:00,1.25,12479.0
579152,20978,36 PENCILS TUBE SKULLS,16,2011-11-28 13:26:00,1.25,12479.0
579152,20979,36 PENCILS TUBE RED RETROSPOT,16,2011-11-28 13:26:00,1.25,12479.0
579152,20973,12 PENCIL SMALL TUBE WOODLAND,24,2011-11-28 13:26:00,0.65,12479.0
579152,23370,SET 36 COLOURING PENCILS DOILY,16,2011-11-28 13:26:00,1.25,12479.0
579152,POST,POSTAGE,3,2011-11-28 13:26:00,18.0,12479.0
579276,84375,SET OF 20 KIDS COOKIE CUTTERS,12,2011-11-29 10:10:00,2.1,12654.0
579276,22562,MONSTERS STENCIL CRAFT,12,2011-11-29 10:10:00,1.25,12654.0
579276,22563,HAPPY STENCIL CRAFT,12,2011-11-29 10:10:00,1.25,12654.0
579276,22556,PLASTERS IN TIN CIRCUS PARADE,12,2011-11-29 10:10:00,1.65,12654.0
579276,POST,POSTAGE,1,2011-11-29 10:10:00,18.0,12654.0
579393,23473,WOODLAND SMALL RED FELT HEART,24,2011-11-29 12:07:00,0.83,12627.0
579393,23474,WOODLAND SMALL BLUE FELT HEART,24,2011-11-29 12:07:00,0.83,12627.0
579393,23475,WOODLAND SMALL PINK FELT HEART,12,2011-11-29 12:07:00,0.83,12627.0
579393,23480,MINI LIGHTS WOODLAND MUSHROOMS,8,2011-11-29 12:07:00,3.75,12627.0
579393,23497,CLASSIC CHROME BICYCLE BELL,12,2011-11-29 12:07:00,1.45,12627.0
579393,23498,CLASSIC BICYCLE CLIPS,12,2011-11-29 12:07:00,1.45,12627.0
579393,23552,BICYCLE PUNCTURE REPAIR KIT,6,2011-11-29 12:07:00,2.08,12627.0
579393,23583,LUNCH BAG PAISLEY PARK,10,2011-11-29 12:07:00,1.65,12627.0
579393,23582,VINTAGE DOILY JUMBO BAG RED,10,2011-11-29 12:07:00,2.08,12627.0
579393,23581,JUMBO BAG PAISLEY PARK,10,2011-11-29 12:07:00,2.08,12627.0
579393,23204,CHARLOTTE BAG APPLES DESIGN,10,2011-11-29 12:07:00,0.85,12627.0
579393,20712,JUMBO BAG WOODLAND ANIMALS,10,2011-11-29 12:07:00,2.08,12627.0
579393,22326,ROUND SNACK BOXES SET OF4 WOODLAND,18,2011-11-29 12:07:00,2.95,12627.0
579393,22554,PLASTERS IN TIN WOODLAND ANIMALS,12,2011-11-29 12:07:00,1.65,12627.0
579393,21068,VINTAGE BILLBOARD LOVE/HATE MUG,12,2011-11-29 12:07:00,1.25,12627.0
579393,21673,WHITE SPOT BLUE CERAMIC DRAWER KNOB,12,2011-11-29 12:07:00,1.45,12627.0
579393,21670,BLUE SPOT CERAMIC DRAWER KNOB,12,2011-11-29 12:07:00,1.45,12627.0
579393,85169A,IVORY LOVE BIRD CANDLE,12,2011-11-29 12:07:00,1.25,12627.0
579393,85169D,PINK LOVE BIRD CANDLE,12,2011-11-29 12:07:00,1.25,12627.0
579393,20685,DOORMAT RED RETROSPOT,2,2011-11-29 12:07:00,8.25,12627.0
579393,21524,DOORMAT SPOTTY HOME SWEET HOME,2,2011-11-29 12:07:00,8.25,12627.0
579393,22690,DOORMAT HOME SWEET HOME BLUE,2,2011-11-29 12:07:00,8.25,12627.0
579393,22691,DOORMAT WELCOME SUNRISE,2,2011-11-29 12:07:00,8.25,12627.0
579393,22962,JAM JAR WITH PINK LID,12,2011-11-29 12:07:00,0.85,12627.0
579393,21672,WHITE SPOT RED CERAMIC DRAWER KNOB,12,2011-11-29 12:07:00,1.45,12627.0
579393,21671,RED SPOT CERAMIC DRAWER KNOB,12,2011-11-29 12:07:00,1.45,12627.0
579393,21668,RED STRIPE CERAMIC DRAWER KNOB,12,2011-11-29 12:07:00,1.45,12627.0
579393,21669,BLUE STRIPE CERAMIC DRAWER KNOB,12,2011-11-29 12:07:00,1.45,12627.0
579393,POST,POSTAGE,3,2011-11-29 12:07:00,18.0,12627.0
579416,23084,RABBIT NIGHT LIGHT,72,2011-11-29 13:00:00,1.79,12471.0
579416,23569,TRADTIONAL ALPHABET STAMP SET,12,2011-11-29 13:00:00,4.95,12471.0
579416,23480,MINI LIGHTS WOODLAND MUSHROOMS,16,2011-11-29 13:00:00,3.75,12471.0
579416,23347,I LOVE LONDON BEAKER,12,2011-11-29 13:00:00,1.25,12471.0
579416,23113,PANTRY CHOPPING BOARD,6,2011-11-29 13:00:00,4.95,12471.0
579416,23319,BOX OF 6 MINI 50'S CRACKERS,48,2011-11-29 13:00:00,2.08,12471.0
579416,22961,JAM MAKING SET PRINTED,12,2011-11-29 13:00:00,1.45,12471.0
579416,22621,TRADITIONAL KNITTING NANCY,12,2011-11-29 13:00:00,1.65,12471.0
579416,23198,PANTRY MAGNETIC  SHOPPING LIST,12,2011-11-29 13:00:00,1.45,12471.0
579416,22728,ALARM CLOCK BAKELIKE PINK,8,2011-11-29 13:00:00,3.75,12471.0
579416,23392,SPACEBOY ROCKET LOLLY MAKERS,18,2011-11-29 13:00:00,2.08,12471.0
579416,POST,POSTAGE,5,2011-11-29 13:00:00,18.0,12471.0
579419,23552,BICYCLE PUNCTURE REPAIR KIT,6,2011-11-29 13:01:00,2.08,12471.0
579419,23498,CLASSIC BICYCLE CLIPS,12,2011-11-29 13:01:00,1.45,12471.0
579419,23579,SNACK TRAY I LOVE LONDON,8,2011-11-29 13:01:00,1.95,12471.0
579419,23560,SET OF 6 RIBBONS COUNTRY STYLE,6,2011-11-29 13:01:00,2.89,12471.0
579419,23576,SNACK TRAY RED VINTAGE DOILY,8,2011-11-29 13:01:00,1.95,12471.0
579419,23580,SNACK TRAY HAPPY FOREST,8,2011-11-29 13:01:00,1.95,12471.0
579747,21232,STRAWBERRY CERAMIC TRINKET POT,24,2011-11-30 14:40:00,1.25,12528.0
579747,22649,STRAWBERRY FAIRY CAKE TEAPOT,8,2011-11-30 14:40:00,4.95,12528.0
579747,47591D,PINK FAIRY CAKE CHILDRENS APRON,8,2011-11-30 14:40:00,1.95,12528.0
579747,48185,DOORMAT FAIRY CAKE,4,2011-11-30 14:40:00,8.25,12528.0
579747,47567B,TEA TIME KITCHEN APRON,6,2011-11-30 14:40:00,5.95,12528.0
579747,21121,SET/10 RED POLKADOT PARTY CANDLES,24,2011-11-30 14:40:00,1.25,12528.0
579747,21124,SET/10 BLUE POLKADOT PARTY CANDLES,24,2011-11-30 14:40:00,1.25,12528.0
579747,21122,SET/10 PINK POLKADOT PARTY CANDLES,24,2011-11-30 14:40:00,1.25,12528.0
579747,22423,REGENCY CAKESTAND 3 TIER,4,2011-11-30 14:40:00,12.75,12528.0
579747,22851,SET 20 NAPKINS FAIRY CAKES DESIGN,12,2011-11-30 14:40:00,0.85,12528.0
579747,47559B,TEA TIME OVEN GLOVE,10,2011-11-30 14:40:00,1.25,12528.0
579747,POST,POSTAGE,3,2011-11-30 14:40:00,18.0,12528.0
