574862,23346,SPACEBOY BEAKER,12,2011-11-07 12:27:00,1.25,12408.0
574862,20668,DISCO BALL CHRISTMAS DECORATION,24,2011-11-07 12:27:00,0.12,12408.0
574862,23345,DOLLY GIRL BEAKER,12,2011-11-07 12:27:00,1.25,12408.0
574862,22725,ALARM CLOCK BAKELIKE CHOCOLATE,16,2011-11-07 12:27:00,3.75,12408.0
574862,22726,ALARM CLOCK BAKELIKE GREEN,16,2011-11-07 12:27:00,3.75,12408.0
574862,22727,ALARM CLOCK BAKELIKE RED,16,2011-11-07 12:27:00,3.75,12408.0
574862,22898,CHILDRENS APRON APPLES DESIGN,8,2011-11-07 12:27:00,1.95,12408.0
574862,23115,RED APPLES CHOPPING BOARD,9,2011-11-07 12:27:00,4.95,12408.0
574862,23114,VINTAGE LEAF CHOPPING BOARD,9,2011-11-07 12:27:00,4.95,12408.0
574862,23206,LUNCH BAG APPLE DESIGN,10,2011-11-07 12:27:00,1.65,12408.0
574862,23208,LUNCH BAG VINTAGE LEAF DESIGN,10,2011-11-07 12:27:00,1.65,12408.0
574862,23379,PACK OF 12 RED APPLE TISSUES,24,2011-11-07 12:27:00,0.39,12408.0
574862,23381,PACK OF 12 VINTAGE LEAF TISSUES,24,2011-11-07 12:27:00,0.39,12408.0
574862,23241,TREASURE TIN GYMKHANA DESIGN,6,2011-11-07 12:27:00,2.08,12408.0
574862,22549,PICTURE DOMINOES,12,2011-11-07 12:27:00,1.45,12408.0
574862,21791,VINTAGE HEADS AND TAILS CARD GAME,12,2011-11-07 12:27:00,1.25,12408.0
574862,23388,WOODLAND MINI BACKPACK,4,2011-11-07 12:27:00,4.15,12408.0
574862,23389,SPACEBOY MINI BACKPACK,4,2011-11-07 12:27:00,4.15,12408.0
574862,23084,RABBIT NIGHT LIGHT,48,2011-11-07 12:27:00,1.79,12408.0
574862,22629,SPACEBOY LUNCH BOX,64,2011-11-07 12:27:00,1.65,12408.0
574862,23290,SPACEBOY CHILDRENS BOWL,8,2011-11-07 12:27:00,1.25,12408.0
574862,22303,COFFEE MUG APPLES DESIGN,12,2011-11-07 12:27:00,2.55,12408.0
574862,POST,POSTAGE,5,2011-11-07 12:27:00,15.0,12408.0
C574865,POST,POSTAGE,-1,2011-11-07 12:30:00,15.0,12408.0
575151,22629,SPACEBOY LUNCH BOX,12,2011-11-08 16:12:00,1.95,12395.0
575151,22551,PLASTERS IN TIN SPACEBOY,12,2011-11-08 16:12:00,1.65,12395.0
575151,23371,SET 36 COLOUR PENCILS SPACEBOY,16,2011-11-08 16:12:00,1.25,12395.0
575151,22630,DOLLY GIRL LUNCH BOX,12,2011-11-08 16:12:00,1.95,12395.0
575151,23372,SET 36 COLOUR PENCILS DOLLY GIRL,16,2011-11-08 16:12:00,1.25,12395.0
575151,21156,RETROSPOT CHILDRENS APRON,8,2011-11-08 16:12:00,1.95,12395.0
575151,22329,ROUND CONTAINER SET OF 5 RETROSPOT,12,2011-11-08 16:12:00,1.65,12395.0
575151,22508,DOORSTOP RETROSPOT HEART,4,2011-11-08 16:12:00,3.75,12395.0
575151,22667,RECIPE BOX RETROSPOT,6,2011-11-08 16:12:00,2.95,12395.0
575151,23559,WOODLAND BUNNIES LOLLY MAKERS,6,2011-11-08 16:12:00,2.08,12395.0
575151,22326,ROUND SNACK BOXES SET OF4 WOODLAND,6,2011-11-08 16:12:00,2.95,12395.0
575151,22512,DOORSTOP RACING CAR DESIGN,4,2011-11-08 16:12:00,3.75,12395.0
575151,22899,CHILDREN'S APRON DOLLY GIRL,6,2011-11-08 16:12:00,2.1,12395.0
575151,22367,CHILDRENS APRON SPACEBOY DESIGN,8,2011-11-08 16:12:00,1.95,12395.0
575151,POST,POSTAGE,1,2011-11-08 16:12:00,15.0,12395.0
575154,22726,ALARM CLOCK BAKELIKE GREEN,4,2011-11-08 16:15:00,3.75,12395.0
575154,22727,ALARM CLOCK BAKELIKE RED,4,2011-11-08 16:15:00,3.75,12395.0
575154,22728,ALARM CLOCK BAKELIKE PINK,4,2011-11-08 16:15:00,3.75,12395.0
575154,21914,BLUE HARMONICA IN BOX,12,2011-11-08 16:15:00,1.25,12395.0
575154,22661,CHARLOTTE BAG DOLLY GIRL DESIGN,20,2011-11-08 16:15:00,0.85,12395.0
575154,23084,RABBIT NIGHT LIGHT,6,2011-11-08 16:15:00,2.08,12395.0
575154,23108,SET OF 10 LED DOLLY LIGHTS,2,2011-11-08 16:15:00,6.25,12395.0
575154,21731,RED TOADSTOOL LED NIGHT LIGHT,36,2011-11-08 16:15:00,1.65,12395.0
575154,22029,SPACEBOY BIRTHDAY CARD,12,2011-11-08 16:15:00,0.42,12395.0
575154,22507,MEMO BOARD RETROSPOT  DESIGN,4,2011-11-08 16:15:00,4.95,12395.0
575154,22423,REGENCY CAKESTAND 3 TIER,1,2011-11-08 16:15:00,12.75,12395.0
575154,20719,WOODLAND CHARLOTTE BAG,10,2011-11-08 16:15:00,0.85,12395.0
575154,POST,POSTAGE,2,2011-11-08 16:15:00,18.0,12395.0
C575669,23462,ROCOCO WALL MIRROR WHITE,-1,2011-11-10 15:00:00,19.95,12417.0
577046,22625,RED KITCHEN SCALES,4,2011-11-17 13:46:00,8.5,12449.0
577046,22624,IVORY KITCHEN SCALES,4,2011-11-17 13:46:00,8.5,12449.0
577046,20914,SET/5 RED RETROSPOT LID GLASS BOWLS,6,2011-11-17 13:46:00,2.95,12449.0
577046,22070,SMALL RED RETROSPOT MUG IN BOX,6,2011-11-17 13:46:00,3.75,12449.0
577046,22071,SMALL WHITE RETROSPOT MUG IN BOX,6,2011-11-17 13:46:00,3.75,12449.0
577046,21844,RED RETROSPOT MUG,6,2011-11-17 13:46:00,2.95,12449.0
577046,21731,RED TOADSTOOL LED NIGHT LIGHT,12,2011-11-17 13:46:00,1.65,12449.0
577046,22555,PLASTERS IN TIN STRONGMAN,12,2011-11-17 13:46:00,1.65,12449.0
577046,22551,PLASTERS IN TIN SPACEBOY,12,2011-11-17 13:46:00,1.65,12449.0
577046,23497,CLASSIC CHROME BICYCLE BELL,12,2011-11-17 13:46:00,1.45,12449.0
577046,22390,PAPERWEIGHT CHILDHOOD MEMORIES,6,2011-11-17 13:46:00,2.55,12449.0
577046,22472,TV DINNER TRAY DOLLY GIRL,3,2011-11-17 13:46:00,4.95,12449.0
577046,22471,TV DINNER TRAY AIR HOSTESS,3,2011-11-17 13:46:00,4.95,12449.0
577046,22474,SPACEBOY TV DINNER TRAY,3,2011-11-17 13:46:00,4.95,12449.0
577046,23372,SET 36 COLOUR PENCILS DOLLY GIRL,16,2011-11-17 13:46:00,1.25,12449.0
577046,23371,SET 36 COLOUR PENCILS SPACEBOY,16,2011-11-17 13:46:00,1.25,12449.0
577046,22759,SET OF 3 NOTEBOOKS IN PARCEL,12,2011-11-17 13:46:00,1.65,12449.0
577046,23240,SET OF 4 KNICK KNACK TINS DOILY,12,2011-11-17 13:46:00,4.15,12449.0
577046,23242,TREASURE TIN BUFFALO BILL,6,2011-11-17 13:46:00,2.08,12449.0
577046,23241,TREASURE TIN GYMKHANA DESIGN,6,2011-11-17 13:46:00,2.08,12449.0
577046,23238,SET OF 4 KNICK KNACK TINS LONDON,6,2011-11-17 13:46:00,4.15,12449.0
577046,21914,BLUE HARMONICA IN BOX,12,2011-11-17 13:46:00,1.25,12449.0
577046,22413,METAL SIGN TAKE IT OR LEAVE IT,6,2011-11-17 13:46:00,2.95,12449.0
577046,22726,ALARM CLOCK BAKELIKE GREEN,8,2011-11-17 13:46:00,3.75,12449.0
577046,22727,ALARM CLOCK BAKELIKE RED,8,2011-11-17 13:46:00,3.75,12449.0
577046,22728,ALARM CLOCK BAKELIKE PINK,4,2011-11-17 13:46:00,3.75,12449.0
577046,23342,MINT DINER WALL CLOCK,8,2011-11-17 13:46:00,8.5,12449.0
577046,22193,RED DINER WALL CLOCK,6,2011-11-17 13:46:00,8.5,12449.0
577046,22192,BLUE DINER WALL CLOCK,4,2011-11-17 13:46:00,8.5,12449.0
577046,22754,SMALL RED BABUSHKA NOTEBOOK,12,2011-11-17 13:46:00,0.85,12449.0
577046,22755,SMALL PURPLE BABUSHKA NOTEBOOK,12,2011-11-17 13:46:00,0.85,12449.0
577046,21787,RAIN PONCHO RETROSPOT,24,2011-11-17 13:46:00,0.85,12449.0
577046,20750,RED RETROSPOT MINI CASES,2,2011-11-17 13:46:00,7.95,12449.0
577046,20749,ASSORTED COLOUR MINI CASES,2,2011-11-17 13:46:00,7.95,12449.0
577046,23570,TRADITIONAL PICK UP STICKS GAME,12,2011-11-17 13:46:00,1.25,12449.0
577046,21285,RETROSPOT CANDLE  MEDIUM,12,2011-11-17 13:46:00,2.1,12449.0
577046,22712,CARD DOLLY GIRL,12,2011-11-17 13:46:00,0.42,12449.0
577046,22029,SPACEBOY BIRTHDAY CARD,12,2011-11-17 13:46:00,0.42,12449.0
577046,22816,CARD MOTORBIKE SANTA,12,2011-11-17 13:46:00,0.42,12449.0
577046,22752,SET 7 BABUSHKA NESTING BOXES,2,2011-11-17 13:46:00,8.5,12449.0
577046,23493,VINTAGE DOILY TRAVEL SEWING KIT,10,2011-11-17 13:46:00,1.95,12449.0
577046,85176,SEWING SUSAN 21 NEEDLE SET,12,2011-11-17 13:46:00,0.85,12449.0
577046,22174,PHOTO CUBE,12,2011-11-17 13:46:00,1.65,12449.0
577046,23275,SET OF 3 HANGING OWLS OLLIE BEAK,12,2011-11-17 13:46:00,1.25,12449.0
577046,20726,LUNCH BAG WOODLAND,10,2011-11-17 13:46:00,1.65,12449.0
577046,20725,LUNCH BAG RED RETROSPOT,10,2011-11-17 13:46:00,1.65,12449.0
577046,22326,ROUND SNACK BOXES SET OF4 WOODLAND,24,2011-11-17 13:46:00,2.95,12449.0
577046,22328,ROUND SNACK BOXES SET OF 4 FRUITS,6,2011-11-17 13:46:00,2.95,12449.0
577046,22628,PICNIC BOXES SET OF 3 RETROSPOT,4,2011-11-17 13:46:00,4.95,12449.0
577046,22329,ROUND CONTAINER SET OF 5 RETROSPOT,12,2011-11-17 13:46:00,1.65,12449.0
577046,22629,SPACEBOY LUNCH BOX,12,2011-11-17 13:46:00,1.95,12449.0
577046,22630,DOLLY GIRL LUNCH BOX,12,2011-11-17 13:46:00,1.95,12449.0
577046,21218,RED SPOTTY BISCUIT TIN,6,2011-11-17 13:46:00,3.75,12449.0
577046,23234,BISCUIT TIN VINTAGE CHRISTMAS,6,2011-11-17 13:46:00,2.89,12449.0
577046,23247,BISCUIT TIN 50'S CHRISTMAS,6,2011-11-17 13:46:00,2.89,12449.0
577046,21906,PHARMACIE FIRST AID TIN,2,2011-11-17 13:46:00,6.75,12449.0
577046,22494,EMERGENCY FIRST AID TIN,12,2011-11-17 13:46:00,1.25,12449.0
577046,79066K,RETRO MOD TRAY,10,2011-11-17 13:46:00,0.85,12449.0
577046,POST,POSTAGE,7,2011-11-17 13:46:00,18.0,12449.0
577087,POST,POSTAGE,2,2011-11-17 15:55:00,15.0,12464.0
577087,22847,BREAD BIN DINER STYLE IVORY,4,2011-11-17 15:55:00,14.95,12464.0
577087,22846,BREAD BIN DINER STYLE RED,4,2011-11-17 15:55:00,14.95,12464.0
577180,23480,MINI LIGHTS WOODLAND MUSHROOMS,48,2011-11-18 11:27:00,3.29,12380.0
577180,21731,RED TOADSTOOL LED NIGHT LIGHT,24,2011-11-18 11:27:00,1.65,12380.0
577180,23084,RABBIT NIGHT LIGHT,48,2011-11-18 11:27:00,1.79,12380.0
577180,22504,CABIN BAG VINTAGE RETROSPOT,6,2011-11-18 11:27:00,24.95,12380.0
577180,21439,BASKET OF TOADSTOOLS,12,2011-11-18 11:27:00,1.25,12380.0
577180,20685,DOORMAT RED RETROSPOT,10,2011-11-18 11:27:00,7.08,12380.0
577180,21621,VINTAGE UNION JACK BUNTING,4,2011-11-18 11:27:00,8.5,12380.0
577180,22668,PINK BABY BUNTING,5,2011-11-18 11:27:00,2.95,12380.0
577180,22467,GUMBALL COAT RACK,36,2011-11-18 11:27:00,2.1,12380.0
577180,20726,LUNCH BAG WOODLAND,10,2011-11-18 11:27:00,1.65,12380.0
577180,22326,ROUND SNACK BOXES SET OF4 WOODLAND,48,2011-11-18 11:27:00,2.55,12380.0
577180,22628,PICNIC BOXES SET OF 3 RETROSPOT,4,2011-11-18 11:27:00,4.95,12380.0
577180,22329,ROUND CONTAINER SET OF 5 RETROSPOT,12,2011-11-18 11:27:00,1.65,12380.0
577180,23207,LUNCH BAG ALPHABET DESIGN,10,2011-11-18 11:27:00,1.65,12380.0
577180,22382,LUNCH BAG SPACEBOY DESIGN,10,2011-11-18 11:27:00,1.65,12380.0
577180,POST,POSTAGE,8,2011-11-18 11:27:00,18.0,12380.0
577180,21931,JUMBO STORAGE BAG SUKI,20,2011-11-18 11:27:00,2.08,12380.0
577551,23487,SWEET HEART CAKE CARRIER,1,2011-11-20 15:21:00,9.95,12395.0
577551,23407,SET OF 2 TRAYS HOME SWEET HOME,2,2011-11-20 15:21:00,9.95,12395.0
577551,23389,SPACEBOY MINI BACKPACK,8,2011-11-20 15:21:00,4.15,12395.0
577551,23390,DOLLY GIRL MINI BACKPACK,4,2011-11-20 15:21:00,4.15,12395.0
577551,21559,STRAWBERRY LUNCH BOX WITH CUTLERY,6,2011-11-20 15:21:00,2.55,12395.0
577551,84375,SET OF 20 KIDS COOKIE CUTTERS,12,2011-11-20 15:21:00,2.1,12395.0
577551,22630,DOLLY GIRL LUNCH BOX,12,2011-11-20 15:21:00,1.95,12395.0
577551,22629,SPACEBOY LUNCH BOX,12,2011-11-20 15:21:00,1.95,12395.0
577551,22661,CHARLOTTE BAG DOLLY GIRL DESIGN,10,2011-11-20 15:21:00,0.85,12395.0
577551,20719,WOODLAND CHARLOTTE BAG,10,2011-11-20 15:21:00,0.85,12395.0
577551,22356,CHARLOTTE BAG PINK POLKADOT,10,2011-11-20 15:21:00,0.85,12395.0
577551,23084,RABBIT NIGHT LIGHT,6,2011-11-20 15:21:00,2.08,12395.0
577551,21975,PACK OF 60 DINOSAUR CAKE CASES,24,2011-11-20 15:21:00,0.55,12395.0
577551,22326,ROUND SNACK BOXES SET OF4 WOODLAND,6,2011-11-20 15:21:00,2.95,12395.0
577551,POST,POSTAGE,2,2011-11-20 15:21:00,15.0,12395.0
578084,22141,CHRISTMAS CRAFT TREE TOP ANGEL,6,2011-11-22 16:34:00,2.1,12465.0
578084,22573,STAR WOODEN CHRISTMAS DECORATION,12,2011-11-22 16:34:00,0.85,12465.0
578084,22574,HEART WOODEN CHRISTMAS DECORATION,12,2011-11-22 16:34:00,0.85,12465.0
578084,22576,SWALLOW WOODEN CHRISTMAS DECORATION,12,2011-11-22 16:34:00,0.85,12465.0
578084,22601,CHRISTMAS RETROSPOT ANGEL WOOD,12,2011-11-22 16:34:00,0.85,12465.0
578084,22602,RETROSPOT WOODEN HEART DECORATION,12,2011-11-22 16:34:00,0.85,12465.0
578084,22600,CHRISTMAS RETROSPOT STAR WOOD,12,2011-11-22 16:34:00,0.85,12465.0
578084,22603,CHRISTMAS RETROSPOT TREE WOOD,12,2011-11-22 16:34:00,0.85,12465.0
578084,22940,FELTCRAFT CHRISTMAS FAIRY,4,2011-11-22 16:34:00,4.25,12465.0
578084,84945,MULTI COLOUR SILVER T-LIGHT HOLDER,12,2011-11-22 16:34:00,0.85,12465.0
578084,22139,RETROSPOT TEA SET CERAMIC 11 PC,3,2011-11-22 16:34:00,4.95,12465.0
578084,22329,ROUND CONTAINER SET OF 5 RETROSPOT,12,2011-11-22 16:34:00,1.65,12465.0
578084,22321,BIRD DECORATION RED RETROSPOT,12,2011-11-22 16:34:00,0.85,12465.0
578084,22628,PICNIC BOXES SET OF 3 RETROSPOT,4,2011-11-22 16:34:00,4.95,12465.0
578084,22142,CHRISTMAS CRAFT WHITE FAIRY,12,2011-11-22 16:34:00,1.45,12465.0
578084,22144,CHRISTMAS CRAFT LITTLE FRIENDS,6,2011-11-22 16:34:00,2.1,12465.0
578084,23480,MINI LIGHTS WOODLAND MUSHROOMS,4,2011-11-22 16:34:00,3.75,12465.0
578084,22909,SET OF 20 VINTAGE CHRISTMAS NAPKINS,12,2011-11-22 16:34:00,0.85,12465.0
578084,22326,ROUND SNACK BOXES SET OF4 WOODLAND,6,2011-11-22 16:34:00,2.95,12465.0
578084,23082,SET 6 PAPER TABLE LANTERN HEARTS,6,2011-11-22 16:34:00,3.75,12465.0
578084,POST,POSTAGE,2,2011-11-22 16:34:00,15.0,12465.0
C578432,21559,STRAWBERRY LUNCH BOX WITH CUTLERY,-1,2011-11-24 12:20:00,2.55,12395.0
C579178,22941,CHRISTMAS LIGHTS 10 REINDEER,-2,2011-11-28 14:55:00,8.5,12362.0
C579178,22942,CHRISTMAS LIGHTS 10 SANTAS,-2,2011-11-28 14:55:00,8.5,12362.0
C579178,22943,CHRISTMAS LIGHTS 10 VINTAGE BAUBLES,-3,2011-11-28 14:55:00,4.95,12362.0
579441,22624,IVORY KITCHEN SCALES,2,2011-11-29 13:33:00,8.5,12464.0
579441,22625,RED KITCHEN SCALES,3,2011-11-29 13:33:00,8.5,12464.0
579441,22847,BREAD BIN DINER STYLE IVORY,4,2011-11-29 13:33:00,14.95,12464.0
579441,22846,BREAD BIN DINER STYLE RED,8,2011-11-29 13:33:00,14.95,12464.0
579441,POST,POSTAGE,4,2011-11-29 13:33:00,15.0,12464.0
