564819,23084,RABBIT NIGHT LIGHT,48,2011-08-30 12:11:00,1.79,12814.0
564819,POST,POSTAGE,1,2011-08-30 12:11:00,40.0,12814.0
565470,35970,ZINC FOLKART SLEIGH BELLS,12,2011-09-05 10:06:00,1.69,12576.0
565470,23263,SET OF 3 WOODEN HEART DECORATIONS,12,2011-09-05 10:06:00,1.25,12576.0
565470,23264,SET OF 3 WOODEN SLEIGH DECORATIONS,12,2011-09-05 10:06:00,1.25,12576.0
565470,23265,SET OF 3 WOODEN TREE DECORATIONS,12,2011-09-05 10:06:00,1.25,12576.0
565470,23266,SET OF 3 WOODEN STOCKING DECORATION,12,2011-09-05 10:06:00,1.25,12576.0
565470,21277,FRENCH STYLE EMBOSSED HEART CABINET,1,2011-09-05 10:06:00,21.95,12576.0
565470,22761,CHEST 7 DRAWER MA CAMPAGNE,1,2011-09-05 10:06:00,24.95,12576.0
565470,23198,PANTRY MAGNETIC  SHOPPING LIST,24,2011-09-05 10:06:00,1.45,12576.0
565470,16016,LARGE CHINESE STYLE SCISSOR,20,2011-09-05 10:06:00,0.85,12576.0
565470,23145,ZINC T-LIGHT HOLDER STAR LARGE,12,2011-09-05 10:06:00,0.95,12576.0
565470,22077,6 RIBBONS RUSTIC CHARM,12,2011-09-05 10:06:00,1.65,12576.0
565470,22567,20 DOLLY PEGS RETROSPOT,12,2011-09-05 10:06:00,1.45,12576.0
565470,35810A,ENAMEL PINK COFFEE CONTAINER,12,2011-09-05 10:06:00,0.83,12576.0
565470,22342,HOME GARLAND PAINTED ZINC,24,2011-09-05 10:06:00,0.75,12576.0
565470,20836,FRENCH PAISLEY CUSHION COVER,12,2011-09-05 10:06:00,0.83,12576.0
565470,20839,FRENCH PAISLEY CUSHION COVER,12,2011-09-05 10:06:00,0.85,12576.0
565583,15056BL,EDWARDIAN PARASOL BLACK,3,2011-09-05 12:41:00,5.95,12816.0
565583,22377,BOTTLE BAG RETROSPOT,5,2011-09-05 12:41:00,2.1,12816.0
565583,22173,METAL 4 HOOK HANGER FRENCH CHATEAU,8,2011-09-05 12:41:00,2.95,12816.0
565583,22781,GUMBALL MAGAZINE RACK,2,2011-09-05 12:41:00,7.65,12816.0
565583,22847,BREAD BIN DINER STYLE IVORY,1,2011-09-05 12:41:00,16.95,12816.0
565583,22624,IVORY KITCHEN SCALES,2,2011-09-05 12:41:00,8.5,12816.0
565583,22720,SET OF 3 CAKE TINS PANTRY DESIGN,3,2011-09-05 12:41:00,4.95,12816.0
565583,23054,RECYCLED ACAPULCO MAT LAVENDER,2,2011-09-05 12:41:00,8.25,12816.0
565583,23052,RECYCLED ACAPULCO MAT TURQUOISE,2,2011-09-05 12:41:00,8.25,12816.0
565583,22366,DOORMAT AIRMAIL,2,2011-09-05 12:41:00,7.95,12816.0
565583,82484,WOOD BLACK BOARD ANT WHITE FINISH,2,2011-09-05 12:41:00,7.95,12816.0
565583,22176,BLUE OWL SOFT TOY,6,2011-09-05 12:41:00,2.95,12816.0
565583,22494,EMERGENCY FIRST AID TIN,12,2011-09-05 12:41:00,1.25,12816.0
565583,POST,POSTAGE,1,2011-09-05 12:41:00,40.0,12816.0
