581175,22973,CHILDREN'S CIRCUS PARADE MUG,48,2011-12-07 15:16:00,1.45,14646.0
581175,23280,FOLDING BUTTERFLY MIRROR HOT PINK,96,2011-12-07 15:16:00,0.72,14646.0
581175,23281,FOLDING BUTTERFLY MIRROR RED,96,2011-12-07 15:16:00,0.72,14646.0
581175,23498,CLASSIC BICYCLE CLIPS,72,2011-12-07 15:16:00,1.25,14646.0
581175,23575,SNACK TRAY PAISLEY PARK,48,2011-12-07 15:16:00,1.65,14646.0
581175,22483,RED GINGHAM TEDDY BEAR,48,2011-12-07 15:16:00,2.55,14646.0
581175,22326,ROUND SNACK BOXES SET OF4 WOODLAND,96,2011-12-07 15:16:00,2.55,14646.0
581175,23446,BLUE BUNNY EASTER EGG BASKET,144,2011-12-07 15:16:00,1.45,14646.0
581175,23238,SET OF 4 KNICK KNACK TINS LONDON,48,2011-12-07 15:16:00,3.75,14646.0
581175,22814,CARD PARTY GAMES,144,2011-12-07 15:16:00,0.36,14646.0
581175,22037,ROBOT BIRTHDAY CARD,144,2011-12-07 15:16:00,0.36,14646.0
581175,23569,TRADTIONAL ALPHABET STAMP SET,108,2011-12-07 15:16:00,4.15,14646.0
581175,23440,PAINT YOUR OWN EGGS IN CRATE,144,2011-12-07 15:16:00,1.79,14646.0
581175,20718,RED RETROSPOT SHOPPER BAG,100,2011-12-07 15:16:00,1.06,14646.0
581175,21156,RETROSPOT CHILDRENS APRON,60,2011-12-07 15:16:00,1.65,14646.0
581175,21485,RETROSPOT HEART HOT WATER BOTTLE,24,2011-12-07 15:16:00,4.25,14646.0
581175,21791,VINTAGE HEADS AND TAILS CARD GAME,72,2011-12-07 15:16:00,1.06,14646.0
581175,22029,SPACEBOY BIRTHDAY CARD,144,2011-12-07 15:16:00,0.36,14646.0
581175,22175,PINK OWL SOFT TOY,48,2011-12-07 15:16:00,2.55,14646.0
581175,21564,PINK  HEART SHAPE LOVE BUCKET,120,2011-12-07 15:16:00,0.79,14646.0
581175,21563,RED HEART SHAPE LOVE BUCKET,120,2011-12-07 15:16:00,0.79,14646.0
581175,22471,TV DINNER TRAY AIR HOSTESS,32,2011-12-07 15:16:00,1.95,14646.0
581175,22472,TV DINNER TRAY DOLLY GIRL,32,2011-12-07 15:16:00,1.95,14646.0
581175,22474,SPACEBOY TV DINNER TRAY,32,2011-12-07 15:16:00,1.95,14646.0
581175,22539,MINI JIGSAW DOLLY GIRL,144,2011-12-07 15:16:00,0.19,14646.0
581175,22509,SEWING BOX RETROSPOT DESIGN,16,2011-12-07 15:16:00,3.95,14646.0
581175,22540,MINI JIGSAW CIRCUS PARADE,144,2011-12-07 15:16:00,0.19,14646.0
581175,22544,MINI JIGSAW SPACEBOY,144,2011-12-07 15:16:00,0.19,14646.0
581175,22755,SMALL PURPLE BABUSHKA NOTEBOOK,144,2011-12-07 15:16:00,0.21,14646.0
581175,22758,LARGE PURPLE BABUSHKA NOTEBOOK,144,2011-12-07 15:16:00,0.39,14646.0
581175,22754,SMALL RED BABUSHKA NOTEBOOK,144,2011-12-07 15:16:00,0.21,14646.0
581175,22757,LARGE RED BABUSHKA NOTEBOOK,144,2011-12-07 15:16:00,0.39,14646.0
581175,22905,CALENDAR IN SEASON DESIGN,40,2011-12-07 15:16:00,1.25,14646.0
581175,84805B,BLUE CLIMBING HYDRANGA ART FLOWER,24,2011-12-07 15:16:00,1.25,14646.0
581175,84804B,BLUE DELPHINIUM ARTIFICIAL FLOWER,36,2011-12-07 15:16:00,0.79,14646.0
581175,84806A,PINK CANDYSTUFT ARTIFICIAL FLOWER,24,2011-12-07 15:16:00,0.39,14646.0
581175,22393,PAPERWEIGHT VINTAGE COLLAGE,96,2011-12-07 15:16:00,0.39,14646.0
581175,22423,REGENCY CAKESTAND 3 TIER,32,2011-12-07 15:16:00,10.95,14646.0
581175,22549,PICTURE DOMINOES,72,2011-12-07 15:16:00,1.25,14646.0
581175,22960,JAM MAKING SET WITH JARS,24,2011-12-07 15:16:00,3.75,14646.0
581175,22712,CARD DOLLY GIRL,144,2011-12-07 15:16:00,0.36,14646.0
581175,23245,SET OF 3 REGENCY CAKE TINS,48,2011-12-07 15:16:00,4.15,14646.0
581175,23292,SPACEBOY CHILDRENS CUP,96,2011-12-07 15:16:00,1.05,14646.0
581175,23560,SET OF 6 RIBBONS COUNTRY STYLE,60,2011-12-07 15:16:00,2.49,14646.0
581175,23561,SET OF 6 RIBBONS PARTY,60,2011-12-07 15:16:00,2.49,14646.0
581175,23562,SET OF 6 RIBBONS PERFECTLY PRETTY,60,2011-12-07 15:16:00,2.49,14646.0
581175,22625,RED KITCHEN SCALES,12,2011-12-07 15:16:00,7.65,14646.0
581175,22626,BLACK KITCHEN SCALES,12,2011-12-07 15:16:00,7.65,14646.0
581175,23192,BUNDLE OF 3 ALPHABET EXERCISE BOOKS,96,2011-12-07 15:16:00,1.45,14646.0
581175,22865,HAND WARMER OWL DESIGN,96,2011-12-07 15:16:00,1.85,14646.0
581175,23390,DOLLY GIRL MINI BACKPACK,50,2011-12-07 15:16:00,3.75,14646.0
581175,23229,VINTAGE DONKEY TAIL GAME,36,2011-12-07 15:16:00,3.39,14646.0
581175,23256,CHILDRENS CUTLERY SPACEBOY,72,2011-12-07 15:16:00,3.75,14646.0
581175,22432,WATERING CAN PINK BUNNY,48,2011-12-07 15:16:00,1.65,14646.0
581175,23552,BICYCLE PUNCTURE REPAIR KIT,72,2011-12-07 15:16:00,1.79,14646.0
581175,23598,PAPER BUNTING VINTAGE PARTY,80,2011-12-07 15:16:00,2.55,14646.0
581175,23597,PAPER BUNTING PAISLEY PARK,80,2011-12-07 15:16:00,2.55,14646.0
581175,23483,HANGING  BUTTERFLY T-LIGHT HOLDER,72,2011-12-07 15:16:00,1.04,14646.0
581175,23447,PINK BUNNY EASTER EGG BASKET,144,2011-12-07 15:16:00,1.45,14646.0
581175,47593B,SCOTTIE DOGS BABY BIB,96,2011-12-07 15:16:00,0.39,14646.0
581175,23081,GREEN METAL BOX ARMY SUPPLIES,16,2011-12-07 15:16:00,7.5,14646.0
581175,23080,RED METAL BOX TOP SECRET,16,2011-12-07 15:16:00,7.5,14646.0
581175,21671,RED SPOT CERAMIC DRAWER KNOB,96,2011-12-07 15:16:00,1.25,14646.0
581175,21731,RED TOADSTOOL LED NIGHT LIGHT,24,2011-12-07 15:16:00,1.65,14646.0
581175,22467,GUMBALL COAT RACK,72,2011-12-07 15:16:00,2.1,14646.0
581175,22487,WHITE WOOD GARDEN PLANT LADDER,4,2011-12-07 15:16:00,8.5,14646.0
581175,22489,PACK OF 12 TRADITIONAL CRAYONS,144,2011-12-07 15:16:00,0.36,14646.0
581175,22563,HAPPY STENCIL CRAFT,72,2011-12-07 15:16:00,1.06,14646.0
581175,22846,BREAD BIN DINER STYLE RED,4,2011-12-07 15:16:00,14.95,14646.0
581175,23154,SET OF 4 JAM JAR MAGNETS,120,2011-12-07 15:16:00,1.85,14646.0
581175,23171,REGENCY TEA PLATE GREEN,48,2011-12-07 15:16:00,1.45,14646.0
581175,23172,REGENCY TEA PLATE PINK,48,2011-12-07 15:16:00,1.45,14646.0
581175,23209,LUNCH BAG VINTAGE DOILY,100,2011-12-07 15:16:00,1.45,14646.0
581175,23290,SPACEBOY CHILDRENS BOWL,144,2011-12-07 15:16:00,1.05,14646.0
581175,22867,HAND WARMER BIRD DESIGN,96,2011-12-07 15:16:00,1.85,14646.0
581175,23084,RABBIT NIGHT LIGHT,1440,2011-12-07 15:16:00,1.79,14646.0
581175,22343,PARTY PIZZA DISH RED RETROSPOT,96,2011-12-07 15:16:00,0.19,14646.0
581176,22561,WOODEN SCHOOL COLOURING SET,72,2011-12-07 15:19:00,1.45,14646.0
581176,22795,SWEETHEART RECIPE BOOK STAND,16,2011-12-07 15:19:00,5.95,14646.0
581176,23112,PARISIENNE CURIO CABINET,12,2011-12-07 15:19:00,6.65,14646.0
581176,23118,PARISIENNE JEWELLERY DRAWER,16,2011-12-07 15:19:00,6.65,14646.0
581176,22908,PACK OF 20 NAPKINS RED APPLES,96,2011-12-07 15:19:00,0.72,14646.0
581176,22907,PACK OF 20 NAPKINS PANTRY DESIGN,96,2011-12-07 15:19:00,0.72,14646.0
581176,22029,SPACEBOY BIRTHDAY CARD,72,2011-12-07 15:19:00,0.36,14646.0
581176,22712,CARD DOLLY GIRL,72,2011-12-07 15:19:00,0.36,14646.0
581338,23344,JUMBO BAG 50'S CHRISTMAS,140,2011-12-08 12:12:00,1.79,14646.0
