565218,23245,SET OF 3 REGENCY CAKE TINS,4,2011-09-01 17:45:00,4.95,12739.0
565218,22629,SPACEBOY LUNCH BOX,12,2011-09-01 17:45:00,1.95,12739.0
565218,22630,DOLLY GIRL LUNCH BOX,12,2011-09-01 17:45:00,1.95,12739.0
565218,23293,SET OF 12 FAIRY CAKE BAKING CASES,8,2011-09-01 17:45:00,0.83,12739.0
565218,23294,SET OF 6 SNACK LOAF BAKING CASES,8,2011-09-01 17:45:00,0.83,12739.0
565218,23296,SET OF 6 TEA TIME BAKING CASES,8,2011-09-01 17:45:00,1.25,12739.0
565218,22955,36 FOIL STAR CAKE CASES,6,2011-09-01 17:45:00,2.1,12739.0
565218,22027,TEA PARTY BIRTHDAY CARD,12,2011-09-01 17:45:00,0.42,12739.0
565218,22028,PENNY FARTHING BIRTHDAY CARD,12,2011-09-01 17:45:00,0.42,12739.0
565218,22037,ROBOT BIRTHDAY CARD,12,2011-09-01 17:45:00,0.42,12739.0
565218,22582,PACK OF 6 SWEETIE GIFT BOXES,6,2011-09-01 17:45:00,2.55,12739.0
565218,23231,WRAP  VINTAGE DOILY,25,2011-09-01 17:45:00,0.42,12739.0
565218,23546,WRAP PAISLEY PARK,25,2011-09-01 17:45:00,0.42,12739.0
565218,23318,BOX OF 6 MINI VINTAGE CRACKERS,6,2011-09-01 17:45:00,2.49,12739.0
565218,23319,BOX OF 6 MINI 50'S CRACKERS,6,2011-09-01 17:45:00,2.49,12739.0
565218,23320,GIANT 50'S CHRISTMAS CRACKER,12,2011-09-01 17:45:00,2.89,12739.0
565218,22492,MINI PAINT SET VINTAGE,36,2011-09-01 17:45:00,0.65,12739.0
565218,22962,JAM JAR WITH PINK LID,12,2011-09-01 17:45:00,0.85,12739.0
565218,22963,JAM JAR WITH GREEN LID,24,2011-09-01 17:45:00,0.85,12739.0
565218,22076,6 RIBBONS EMPIRE,12,2011-09-01 17:45:00,1.65,12739.0
565218,22077,6 RIBBONS RUSTIC CHARM,12,2011-09-01 17:45:00,1.65,12739.0
565218,21984,PACK OF 12 PINK PAISLEY TISSUES,24,2011-09-01 17:45:00,0.29,12739.0
565218,22092,BLUE PAISLEY TISSUE BOX,36,2011-09-01 17:45:00,0.39,12739.0
565218,23238,SET OF 4 KNICK KNACK TINS LONDON,6,2011-09-01 17:45:00,4.15,12739.0
565218,23240,SET OF 4 KNICK KNACK TINS DOILY,6,2011-09-01 17:45:00,4.15,12739.0
565218,22557,PLASTERS IN TIN VINTAGE PAISLEY,12,2011-09-01 17:45:00,1.65,12739.0
565218,22554,PLASTERS IN TIN WOODLAND ANIMALS,12,2011-09-01 17:45:00,1.65,12739.0
565218,22139,RETROSPOT TEA SET CERAMIC 11 PC,12,2011-09-01 17:45:00,4.95,12739.0
565218,20984,12 PENCILS TALL TUBE POSY,12,2011-09-01 17:45:00,0.29,12739.0
565218,22418,10 COLOUR SPACEBOY PEN,24,2011-09-01 17:45:00,0.85,12739.0
565218,22507,MEMO BOARD RETROSPOT  DESIGN,4,2011-09-01 17:45:00,4.95,12739.0
565218,22045,SPACEBOY GIFT WRAP,25,2011-09-01 17:45:00,0.42,12739.0
565218,23007,SPACEBOY BABY GIFT SET,6,2011-09-01 17:45:00,14.95,12739.0
565218,23009,I LOVE LONDON BABY GIFT SET,6,2011-09-01 17:45:00,14.95,12739.0
565218,23008,DOLLY GIRL BABY GIFT SET,6,2011-09-01 17:45:00,14.95,12739.0
565218,21974,SET OF 36 PAISLEY FLOWER DOILIES,12,2011-09-01 17:45:00,1.45,12739.0
565218,22423,REGENCY CAKESTAND 3 TIER,12,2011-09-01 17:45:00,12.75,12739.0
567824,POST,POSTAGE,1,2011-09-22 13:00:00,37.5,12739.0
