542586,21206,STRAWBERRY HONEYCOMB  GARLAND,12,2011-01-28 15:45:00,1.65,12377.0
542586,22197,SMALL POPCORN HOLDER,12,2011-01-28 15:45:00,0.85,12377.0
542586,20750,RED RETROSPOT MINI CASES,2,2011-01-28 15:45:00,7.95,12377.0
542586,20662,FIRST CLASS HOLIDAY PURSE,6,2011-01-28 15:45:00,2.95,12377.0
542586,20856,DENIM PATCH PURSE PINK BUTTERFLY,10,2011-01-28 15:45:00,1.65,12377.0
542586,22449,SILK PURSE BABUSHKA PINK,6,2011-01-28 15:45:00,3.35,12377.0
542586,37495,FAIRY CAKE BIRTHDAY CANDLE SET,4,2011-01-28 15:45:00,3.75,12377.0
542586,85206A,CREAM FELT EASTER EGG BASKET,6,2011-01-28 15:45:00,1.65,12377.0
542586,22448,PIN CUSHION BABUSHKA RED,6,2011-01-28 15:45:00,3.35,12377.0
542586,21380,WOODEN HAPPY BIRTHDAY GARLAND,6,2011-01-28 15:45:00,2.95,12377.0
542586,47590A,BLUE HAPPY BIRTHDAY BUNTING,6,2011-01-28 15:45:00,5.45,12377.0
542586,22090,PAPER BUNTING RETROSPOT,6,2011-01-28 15:45:00,2.95,12377.0
542586,21365,MIRRORED WALL ART STARS,12,2011-01-28 15:45:00,2.95,12377.0
542586,22367,CHILDRENS APRON SPACEBOY DESIGN,16,2011-01-28 15:45:00,1.95,12377.0
542586,21080,SET/20 RED RETROSPOT PAPER NAPKINS,12,2011-01-28 15:45:00,0.85,12377.0
542586,21094,SET/6 RED SPOTTY PAPER PLATES,12,2011-01-28 15:45:00,0.85,12377.0
542586,22501,PICNIC BASKET WICKER LARGE,6,2011-01-28 15:45:00,9.95,12377.0
542586,84997D,PINK 3 PIECE POLKADOT CUTLERY SET,6,2011-01-28 15:45:00,3.75,12377.0
542586,84997C,BLUE 3 PIECE POLKADOT CUTLERY SET,6,2011-01-28 15:45:00,3.75,12377.0
542586,21559,STRAWBERRY LUNCH BOX WITH CUTLERY,6,2011-01-28 15:45:00,2.55,12377.0
542586,22326,ROUND SNACK BOXES SET OF4 WOODLAND,6,2011-01-28 15:45:00,2.95,12377.0
542586,21561,DINOSAUR LUNCH BOX WITH CUTLERY,6,2011-01-28 15:45:00,2.55,12377.0
542586,22037,ROBOT BIRTHDAY CARD,12,2011-01-28 15:45:00,0.42,12377.0
542586,22029,SPACEBOY BIRTHDAY CARD,12,2011-01-28 15:45:00,0.42,12377.0
542586,22716,CARD CIRCUS PARADE,12,2011-01-28 15:45:00,0.42,12377.0
542586,16012,FOOD/DRINK SPONGE STICKERS,24,2011-01-28 15:45:00,0.21,12377.0
542586,21721,CANDY SHOP  STICKER SHEET,12,2011-01-28 15:45:00,0.85,12377.0
542586,21680,WOODLAND  STICKERS,12,2011-01-28 15:45:00,0.85,12377.0
542586,22540,MINI JIGSAW CIRCUS PARADE,24,2011-01-28 15:45:00,0.42,12377.0
542586,22544,MINI JIGSAW SPACEBOY,24,2011-01-28 15:45:00,0.42,12377.0
542586,22539,MINI JIGSAW DOLLY GIRL,24,2011-01-28 15:45:00,0.42,12377.0
542586,22746,POPPY'S PLAYHOUSE LIVINGROOM,6,2011-01-28 15:45:00,2.1,12377.0
542586,22021,BLUE FELT EASTER EGG BASKET,6,2011-01-28 15:45:00,1.65,12377.0
542586,POST,POSTAGE,2,2011-01-28 15:45:00,40.0,12377.0
543180,22625,RED KITCHEN SCALES,2,2011-02-04 10:38:00,8.5,12410.0
543180,22627,MINT KITCHEN SCALES,4,2011-02-04 10:38:00,8.5,12410.0
543180,22626,BLACK KITCHEN SCALES,4,2011-02-04 10:38:00,8.5,12410.0
543180,22674,FRENCH TOILET SIGN BLUE METAL,12,2011-02-04 10:38:00,1.25,12410.0
543180,22672,FRENCH BATHROOM SIGN BLUE METAL,24,2011-02-04 10:38:00,1.65,12410.0
543180,22675,FRENCH KITCHEN SIGN BLUE METAL,24,2011-02-04 10:38:00,1.25,12410.0
543180,21218,RED SPOTTY BISCUIT TIN,6,2011-02-04 10:38:00,3.75,12410.0
543180,22624,IVORY KITCHEN SCALES,2,2011-02-04 10:38:00,8.5,12410.0
543180,22423,REGENCY CAKESTAND 3 TIER,2,2011-02-04 10:38:00,12.75,12410.0
543180,84988,SET OF 72 PINK HEART PAPER DOILIES,12,2011-02-04 10:38:00,1.45,12410.0
543180,21974,SET OF 36 PAISLEY FLOWER DOILIES,12,2011-02-04 10:38:00,1.45,12410.0
543180,22957,SET 3 PAPER VINTAGE CHICK PAPER EGG,6,2011-02-04 10:38:00,2.95,12410.0
543180,22967,SET 3 SONG BIRD PAPER EGGS ASSORTED,6,2011-02-04 10:38:00,2.95,12410.0
543180,20749,ASSORTED COLOUR MINI CASES,4,2011-02-04 10:38:00,7.95,12410.0
543180,20750,RED RETROSPOT MINI CASES,4,2011-02-04 10:38:00,7.95,12410.0
543180,22242,5 HOOK HANGER MAGIC TOADSTOOL,12,2011-02-04 10:38:00,1.65,12410.0
543180,22243,5 HOOK HANGER RED MAGIC TOADSTOOL,12,2011-02-04 10:38:00,1.65,12410.0
543180,22914,BLUE COAT RACK PARIS FASHION,3,2011-02-04 10:38:00,4.95,12410.0
543180,82552,WASHROOM METAL SIGN,12,2011-02-04 10:38:00,1.45,12410.0
543180,22670,FRENCH WC SIGN BLUE METAL,12,2011-02-04 10:38:00,1.25,12410.0
543180,21916,SET 12 RETRO WHITE CHALK STICKS,24,2011-02-04 10:38:00,0.42,12410.0
543180,POST,POSTAGE,4,2011-02-04 10:38:00,40.0,12410.0
543181,22191,IVORY DINER WALL CLOCK,2,2011-02-04 10:39:00,8.5,12410.0
543181,22192,BLUE DINER WALL CLOCK,2,2011-02-04 10:39:00,8.5,12410.0
543181,22193,RED DINER WALL CLOCK,2,2011-02-04 10:39:00,8.5,12410.0
543181,22194,BLACK DINER WALL CLOCK,2,2011-02-04 10:39:00,8.5,12410.0
C543773,21218,RED SPOTTY BISCUIT TIN,-1,2011-02-11 15:47:00,3.75,12410.0
C543773,22626,BLACK KITCHEN SCALES,-1,2011-02-11 15:47:00,8.5,12410.0
544931,21680,WOODLAND  STICKERS,12,2011-02-24 18:59:00,0.85,13501.0
544931,22968,ROSE COTTAGE KEEPSAKE BOX,8,2011-02-24 18:59:00,8.5,13501.0
544931,22061,LARGE CAKE STAND  HANGING STRAWBERY,2,2011-02-24 18:59:00,9.95,13501.0
544931,37495,FAIRY CAKE BIRTHDAY CANDLE SET,4,2011-02-24 18:59:00,3.75,13501.0
544931,15060B,FAIRY CAKE DESIGN UMBRELLA,4,2011-02-24 18:59:00,3.75,13501.0
544931,22891,TEA FOR ONE POLKADOT,3,2011-02-24 18:59:00,4.25,13501.0
544931,22558,CLOTHES PEGS RETROSPOT PACK 24,12,2011-02-24 18:59:00,1.49,13501.0
544931,84991,60 TEATIME FAIRY CAKE CASES,24,2011-02-24 18:59:00,0.55,13501.0
544931,22057,CERAMIC PLATE STRAWBERRY DESIGN,12,2011-02-24 18:59:00,1.49,13501.0
544931,37449,CERAMIC CAKE STAND + HANGING CAKES,2,2011-02-24 18:59:00,9.95,13501.0
544931,37446,MINI CAKE STAND WITH HANGING CAKES,8,2011-02-24 18:59:00,1.45,13501.0
544931,37448,CERAMIC CAKE DESIGN SPOTTED MUG,12,2011-02-24 18:59:00,1.49,13501.0
544931,22851,SET 20 NAPKINS FAIRY CAKES DESIGN,12,2011-02-24 18:59:00,0.85,13501.0
544931,22450,SILK PURSE BABUSHKA BLUE,6,2011-02-24 18:59:00,3.35,13501.0
544931,22570,FELTCRAFT CUSHION RABBIT,4,2011-02-24 18:59:00,3.75,13501.0
544931,21485,RETROSPOT HEART HOT WATER BOTTLE,4,2011-02-24 18:59:00,4.95,13501.0
544931,22063,CERAMIC BOWL WITH STRAWBERRY DESIGN,6,2011-02-24 18:59:00,2.95,13501.0
544931,37447,CERAMIC CAKE DESIGN SPOTTED PLATE,12,2011-02-24 18:59:00,1.49,13501.0
544931,47559B,TEA TIME OVEN GLOVE,10,2011-02-24 18:59:00,1.25,13501.0
544931,84987,SET OF 36 TEATIME PAPER DOILIES,12,2011-02-24 18:59:00,1.45,13501.0
544931,22804,CANDLEHOLDER PINK HANGING HEART,36,2011-02-24 18:59:00,2.55,13501.0
544931,21733,RED HANGING HEART T-LIGHT HOLDER,36,2011-02-24 18:59:00,2.55,13501.0
544931,85123A,WHITE HANGING HEART T-LIGHT HOLDER,36,2011-02-24 18:59:00,2.55,13501.0
544931,72741,GRAND CHOCOLATECANDLE,9,2011-02-24 18:59:00,1.45,13501.0
544931,22808,SET OF 6 T-LIGHTS EASTER CHICKS,6,2011-02-24 18:59:00,2.95,13501.0
544931,85175,CACTI T-LIGHT CANDLES,16,2011-02-24 18:59:00,0.42,13501.0
544931,48111,DOORMAT 3 SMILEY CATS,2,2011-02-24 18:59:00,7.95,13501.0
544931,48194,DOORMAT HEARTS,2,2011-02-24 18:59:00,7.95,13501.0
544931,48116,DOORMAT MULTICOLOUR STRIPE,2,2011-02-24 18:59:00,7.95,13501.0
544931,48129,DOORMAT TOPIARY,2,2011-02-24 18:59:00,7.95,13501.0
544931,22822,CREAM WALL PLANTER HEART SHAPED,16,2011-02-24 18:59:00,4.95,13501.0
544931,22430,ENAMEL WATERING CAN CREAM,4,2011-02-24 18:59:00,4.95,13501.0
544931,22441,GROW YOUR OWN BASIL IN ENAMEL MUG,8,2011-02-24 18:59:00,2.1,13501.0
544931,22852,DOG BOWL VINTAGE CREAM,4,2011-02-24 18:59:00,4.25,13501.0
544931,22845,VINTAGE CREAM CAT FOOD CONTAINER,2,2011-02-24 18:59:00,6.35,13501.0
544931,22844,VINTAGE CREAM DOG FOOD CONTAINER,2,2011-02-24 18:59:00,8.5,13501.0
544931,22843,BISCUIT TIN VINTAGE GREEN,2,2011-02-24 18:59:00,6.75,13501.0
544931,22842,BISCUIT TIN VINTAGE RED,2,2011-02-24 18:59:00,6.75,13501.0
544931,22841,ROUND CAKE TIN VINTAGE GREEN,2,2011-02-24 18:59:00,7.95,13501.0
544931,22840,ROUND CAKE TIN VINTAGE RED,2,2011-02-24 18:59:00,7.95,13501.0
544931,22469,HEART OF WICKER SMALL,24,2011-02-24 18:59:00,1.65,13501.0
544931,84459B,YELLOW METAL CHICKEN HEART,12,2011-02-24 18:59:00,1.49,13501.0
544931,22231,JIGSAW TREE WITH BIRDHOUSE,12,2011-02-24 18:59:00,1.45,13501.0
544931,22445,PENCIL CASE LIFE IS BEAUTIFUL,12,2011-02-24 18:59:00,2.95,13501.0
544931,21648,ASSORTED TUTTI FRUTTI SMALL PURSE,24,2011-02-24 18:59:00,1.25,13501.0
544931,21643,ASSORTED TUTTI FRUTTI MIRROR,24,2011-02-24 18:59:00,1.25,13501.0
544931,22139,RETROSPOT TEA SET CERAMIC 11 PC,24,2011-02-24 18:59:00,4.25,13501.0
544931,22746,POPPY'S PLAYHOUSE LIVINGROOM,6,2011-02-24 18:59:00,2.1,13501.0
544931,21329,DINOSAURS  WRITING SET,12,2011-02-24 18:59:00,1.65,13501.0
544931,21328,BALLOONS  WRITING SET,24,2011-02-24 18:59:00,1.65,13501.0
544931,10133,COLOURING PENCILS BROWN TUBE,10,2011-02-24 18:59:00,0.85,13501.0
544931,20977,36 PENCILS TUBE WOODLAND,16,2011-02-24 18:59:00,1.25,13501.0
545034,22858,EASTER TIN KEEPSAKE,60,2011-02-25 16:42:00,1.65,13493.0
545034,22222,CAKE PLATE LOVEBIRD WHITE,3,2011-02-25 16:42:00,4.95,13493.0
545034,22236,CAKE STAND 3 TIER MAGIC GARDEN,2,2011-02-25 16:42:00,12.75,13493.0
545034,POST,POSTAGE,1,2011-02-25 16:42:00,40.0,13493.0
545084,21829,DINOSAUR KEYRINGS ASSORTED,72,2011-02-28 10:55:00,0.21,12458.0
545084,20726,LUNCH BAG WOODLAND,20,2011-02-28 10:55:00,1.65,12458.0
545084,20728,LUNCH BAG CARS BLUE,30,2011-02-28 10:55:00,1.65,12458.0
545084,22662,LUNCH BAG DOLLY GIRL DESIGN,10,2011-02-28 10:55:00,1.65,12458.0
545084,22630,DOLLY GIRL LUNCH BOX,24,2011-02-28 10:55:00,1.95,12458.0
545084,21441,BLUE BIRDHOUSE DECORATION,12,2011-02-28 10:55:00,0.85,12458.0
545084,20819,SILVER TEDDY BEAR,4,2011-02-28 10:55:00,3.75,12458.0
545084,22318,FIVE HEART HANGING DECORATION,6,2011-02-28 10:55:00,2.95,12458.0
545084,22317,FIVE CATS HANGING DECORATION,6,2011-02-28 10:55:00,2.95,12458.0
545084,20681,PINK POLKADOT CHILDRENS UMBRELLA,6,2011-02-28 10:55:00,3.25,12458.0
545084,22326,ROUND SNACK BOXES SET OF4 WOODLAND,12,2011-02-28 10:55:00,2.95,12458.0
545084,22329,ROUND CONTAINER SET OF 5 RETROSPOT,12,2011-02-28 10:55:00,1.65,12458.0
545084,22261,FELT EGG COSY WHITE RABBIT,12,2011-02-28 10:55:00,0.85,12458.0
545084,85206A,CREAM FELT EASTER EGG BASKET,6,2011-02-28 10:55:00,1.65,12458.0
545084,22321,BIRD DECORATION RED RETROSPOT,12,2011-02-28 10:55:00,0.85,12458.0
545084,22322,BIRD DECORATION GREEN POLKADOT,12,2011-02-28 10:55:00,0.85,12458.0
545084,22747,POPPY'S PLAYHOUSE BATHROOM,6,2011-02-28 10:55:00,2.1,12458.0
545084,22745,POPPY'S PLAYHOUSE BEDROOM,6,2011-02-28 10:55:00,2.1,12458.0
545084,POST,POSTAGE,2,2011-02-28 10:55:00,40.0,12458.0
546134,22860,EASTER TIN CHICKS PINK DAISY,60,2011-03-09 15:35:00,1.65,13493.0
546134,22858,EASTER TIN KEEPSAKE,108,2011-03-09 15:35:00,1.45,13493.0
546134,22857,ASSORTED EASTER GIFT TAGS,144,2011-03-09 15:35:00,0.72,13493.0
546134,POST,POSTAGE,2,2011-03-09 15:35:00,40.0,13493.0
547815,22554,PLASTERS IN TIN WOODLAND ANIMALS,36,2011-03-25 14:19:00,1.65,13520.0
547815,22326,ROUND SNACK BOXES SET OF4 WOODLAND,36,2011-03-25 14:19:00,2.95,13520.0
547815,22556,PLASTERS IN TIN CIRCUS PARADE,36,2011-03-25 14:19:00,1.65,13520.0
547815,22551,PLASTERS IN TIN SPACEBOY,24,2011-03-25 14:19:00,1.65,13520.0
547815,22328,ROUND SNACK BOXES SET OF 4 FRUITS,18,2011-03-25 14:19:00,2.95,13520.0
547815,20676,RED RETROSPOT BOWL,16,2011-03-25 14:19:00,1.25,13520.0
547815,20675,BLUE POLKADOT BOWL,16,2011-03-25 14:19:00,1.25,13520.0
547815,22716,CARD CIRCUS PARADE,12,2011-03-25 14:19:00,0.42,13520.0
547815,22029,SPACEBOY BIRTHDAY CARD,12,2011-03-25 14:19:00,0.42,13520.0
547815,84997A,CHILDRENS CUTLERY POLKADOT GREEN,8,2011-03-25 14:19:00,4.15,13520.0
547815,84997B,CHILDRENS CUTLERY RETROSPOT RED,8,2011-03-25 14:19:00,4.15,13520.0
547815,84997D,CHILDRENS CUTLERY POLKADOT PINK,4,2011-03-25 14:19:00,4.15,13520.0
547815,POST,POSTAGE,1,2011-03-25 14:19:00,40.0,13520.0
548212,48173C,DOORMAT BLACK FLOCK,2,2011-03-30 09:12:00,7.95,12456.0
548212,20685,DOORMAT RED RETROSPOT,2,2011-03-30 09:12:00,7.95,12456.0
548212,21668,RED STRIPE CERAMIC DRAWER KNOB,12,2011-03-30 09:12:00,1.25,12456.0
548212,21669,BLUE STRIPE CERAMIC DRAWER KNOB,12,2011-03-30 09:12:00,1.25,12456.0
548212,21672,WHITE SPOT RED CERAMIC DRAWER KNOB,12,2011-03-30 09:12:00,1.25,12456.0
548212,22417,PACK OF 60 SPACEBOY CAKE CASES,24,2011-03-30 09:12:00,0.55,12456.0
548212,84988,SET OF 72 PINK HEART PAPER DOILIES,12,2011-03-30 09:12:00,1.45,12456.0
548212,21210,SET OF 72 RETROSPOT PAPER  DOILIES,12,2011-03-30 09:12:00,1.45,12456.0
548212,22416,SET OF 36 DOILIES SPACEBOY DESIGN,12,2011-03-30 09:12:00,1.45,12456.0
548212,84997A,CHILDRENS CUTLERY POLKADOT GREEN,6,2011-03-30 09:12:00,4.15,12456.0
548212,84997D,CHILDRENS CUTLERY POLKADOT PINK,6,2011-03-30 09:12:00,4.15,12456.0
548212,84997B,CHILDRENS CUTLERY RETROSPOT RED,6,2011-03-30 09:12:00,4.15,12456.0
548212,22423,REGENCY CAKESTAND 3 TIER,4,2011-03-30 09:12:00,12.75,12456.0
548212,22961,JAM MAKING SET PRINTED,12,2011-03-30 09:12:00,1.45,12456.0
548212,21932,SCANDINAVIAN PAISLEY PICNIC BAG,5,2011-03-30 09:12:00,2.95,12456.0
548212,22418,10 COLOUR SPACEBOY PEN,24,2011-03-30 09:12:00,0.85,12456.0
548212,22492,MINI PAINT SET VINTAGE,36,2011-03-30 09:12:00,0.65,12456.0
548212,21918,SET 12 KIDS COLOUR  CHALK STICKS,24,2011-03-30 09:12:00,0.42,12456.0
548212,22551,PLASTERS IN TIN SPACEBOY,12,2011-03-30 09:12:00,1.65,12456.0
548212,22554,PLASTERS IN TIN WOODLAND ANIMALS,12,2011-03-30 09:12:00,1.65,12456.0
548212,22613,PACK OF 20 SPACEBOY NAPKINS,12,2011-03-30 09:12:00,0.85,12456.0
548212,22534,MAGIC DRAWING SLATE SPACEBOY,24,2011-03-30 09:12:00,0.42,12456.0
548212,22045,SPACEBOY GIFT WRAP,25,2011-03-30 09:12:00,0.42,12456.0
548212,22857,ASSORTED EASTER GIFT TAGS,12,2011-03-30 09:12:00,0.85,12456.0
548212,21394,RED POLKADOT BEAKER,12,2011-03-30 09:12:00,0.39,12456.0
548212,21395,BLUE POLKADOT BEAKER,12,2011-03-30 09:12:00,0.39,12456.0
548212,23049,RECYCLED ACAPULCO MAT RED,4,2011-03-30 09:12:00,8.25,12456.0
548212,23052,RECYCLED ACAPULCO MAT TURQUOISE,6,2011-03-30 09:12:00,8.25,12456.0
548212,23050,RECYCLED ACAPULCO MAT GREEN,6,2011-03-30 09:12:00,8.25,12456.0
548212,23053,RECYCLED ACAPULCO MAT PINK,2,2011-03-30 09:12:00,8.25,12456.0
548212,23051,RECYCLED ACAPULCO MAT BLUE,4,2011-03-30 09:12:00,8.25,12456.0
548212,23054,RECYCLED ACAPULCO MAT LAVENDER,4,2011-03-30 09:12:00,8.25,12456.0
548212,22467,GUMBALL COAT RACK,6,2011-03-30 09:12:00,2.55,12456.0
548212,22595,GINGHAM HEART DECORATION,12,2011-03-30 09:12:00,0.85,12456.0
548212,84692,BOX OF 24 COCKTAIL PARASOLS,25,2011-03-30 09:12:00,0.42,12456.0
548212,22426,ENAMEL WASH BOWL CREAM,4,2011-03-30 09:12:00,3.75,12456.0
548212,21683,MEDIUM MEDINA STAMPED METAL BOWL,6,2011-03-30 09:12:00,2.95,12456.0
548212,22698,PINK REGENCY TEACUP AND SAUCER,6,2011-03-30 09:12:00,2.95,12456.0
548212,22699,ROSES REGENCY TEACUP AND SAUCER,6,2011-03-30 09:12:00,2.95,12456.0
548212,22697,GREEN REGENCY TEACUP AND SAUCER,6,2011-03-30 09:12:00,2.95,12456.0
548212,POST,POSTAGE,4,2011-03-30 09:12:00,40.0,12456.0
