569647,22722,SET OF 6 SPICE TINS PANTRY DESIGN,240,2011-10-05 12:35:00,3.45,12415.0
569650,23392,SPACEBOY ROCKET LOLLY MAKERS,96,2011-10-05 12:44:00,1.79,12415.0
569650,22722,SET OF 6 SPICE TINS PANTRY DESIGN,120,2011-10-05 12:44:00,3.45,12415.0
569650,23512,EMBROIDERED RIBBON REEL ROSIE,144,2011-10-05 12:44:00,1.79,12415.0
569650,23513,EMBROIDERED RIBBON REEL SUSIE,144,2011-10-05 12:44:00,1.79,12415.0
569650,23519,EMBROIDERED RIBBON REEL CLAIRE,72,2011-10-05 12:44:00,3.29,12415.0
569650,23515,EMBROIDERED RIBBON REEL DAISY,144,2011-10-05 12:44:00,1.79,12415.0
569650,23518,EMBROIDERED RIBBON REEL RACHEL,96,2011-10-05 12:44:00,2.49,12415.0
569650,23516,EMBROIDERED RIBBON REEL SOPHIE,72,2011-10-05 12:44:00,3.29,12415.0
569650,23502,PLAYING CARDS VINTAGE DOILY,100,2011-10-05 12:44:00,1.04,12415.0
569650,23505,PLAYING CARDS I LOVE LONDON,100,2011-10-05 12:44:00,1.04,12415.0
569650,23507,MINI PLAYING CARDS BUFFALO BILL,250,2011-10-05 12:44:00,0.36,12415.0
569650,23510,MINI PLAYING CARDS GYMKHANA,250,2011-10-05 12:44:00,0.36,12415.0
569650,22720,SET OF 3 CAKE TINS PANTRY DESIGN,32,2011-10-05 12:44:00,4.25,12415.0
569650,22969,HOMEMADE JAM SCENTED CANDLES,192,2011-10-05 12:44:00,1.25,12415.0
569650,22978,PANTRY ROLLING PIN,48,2011-10-05 12:44:00,3.39,12415.0
569650,22907,PACK OF 20 NAPKINS PANTRY DESIGN,96,2011-10-05 12:44:00,0.72,12415.0
569650,22726,ALARM CLOCK BAKELIKE GREEN,50,2011-10-05 12:44:00,3.39,12415.0
569650,22728,ALARM CLOCK BAKELIKE PINK,50,2011-10-05 12:44:00,3.39,12415.0
569650,22730,ALARM CLOCK BAKELIKE IVORY,50,2011-10-05 12:44:00,3.39,12415.0
569650,22727,ALARM CLOCK BAKELIKE RED,50,2011-10-05 12:44:00,3.39,12415.0
569650,22725,ALARM CLOCK BAKELIKE CHOCOLATE,50,2011-10-05 12:44:00,3.39,12415.0
569650,22191,IVORY DINER WALL CLOCK,12,2011-10-05 12:44:00,7.65,12415.0
569650,22193,RED DINER WALL CLOCK,12,2011-10-05 12:44:00,7.65,12415.0
569650,23342,MINT DINER WALL CLOCK,12,2011-10-05 12:44:00,7.65,12415.0
569650,22192,BLUE DINER WALL CLOCK,12,2011-10-05 12:44:00,7.65,12415.0
569650,23341,PINK DINER WALL CLOCK,12,2011-10-05 12:44:00,7.65,12415.0
569650,22892,SET OF SALT AND PEPPER TOADSTOOLS,72,2011-10-05 12:44:00,1.06,12415.0
569650,23113,PANTRY CHOPPING BOARD,36,2011-10-05 12:44:00,4.15,12415.0
569650,23114,VINTAGE LEAF CHOPPING BOARD,36,2011-10-05 12:44:00,4.15,12415.0
569650,23012,GLASS APOTHECARY BOTTLE PERFUME,12,2011-10-05 12:44:00,3.45,12415.0
569650,23014,GLASS APOTHECARY BOTTLE ELIXIR,12,2011-10-05 12:44:00,3.45,12415.0
569650,23013,GLASS APOTHECARY BOTTLE TONIC,12,2011-10-05 12:44:00,3.45,12415.0
569650,23524,HORSE & PONY WALL ART,48,2011-10-05 12:44:00,3.29,12415.0
569650,23527,ANIMALS AND NATURE WALL ART,48,2011-10-05 12:44:00,3.29,12415.0
569650,23525,BUFFALO BILL WALL ART,48,2011-10-05 12:44:00,3.29,12415.0
569650,23523,TREASURE AHOY WALL ART,48,2011-10-05 12:44:00,3.29,12415.0
569650,23526,DOG LICENCE WALL ART,180,2011-10-05 12:44:00,5.35,12415.0
569650,23534,STOP FOR TEA WALL ART,180,2011-10-05 12:44:00,5.35,12415.0
569650,23535,BICYCLE SAFTEY WALL ART,180,2011-10-05 12:44:00,5.35,12415.0
569650,23536,VILLAGE SHOW WALL ART,180,2011-10-05 12:44:00,5.35,12415.0
569650,23541,WALL ART CLASSIC PUDDINGS,48,2011-10-05 12:44:00,7.45,12415.0
569650,23542,70'S ALPHABET WALL ART,6,2011-10-05 12:44:00,7.45,12415.0
569650,23533,WALL ART GARDEN HAVEN,36,2011-10-05 12:44:00,5.35,12415.0
569650,22386,JUMBO BAG PINK POLKADOT,100,2011-10-05 12:44:00,1.79,12415.0
569650,20711,JUMBO BAG TOYS,100,2011-10-05 12:44:00,1.79,12415.0
569650,23206,LUNCH BAG APPLE DESIGN,100,2011-10-05 12:44:00,1.45,12415.0
569650,22631,CIRCUS PARADE LUNCH BOX,192,2011-10-05 12:44:00,1.65,12415.0
569650,22629,SPACEBOY LUNCH BOX,64,2011-10-05 12:44:00,1.65,12415.0
569650,22630,DOLLY GIRL LUNCH BOX,64,2011-10-05 12:44:00,1.65,12415.0
569650,23371,SET 36 COLOUR PENCILS SPACEBOY,128,2011-10-05 12:44:00,1.06,12415.0
569650,23372,SET 36 COLOUR PENCILS DOLLY GIRL,128,2011-10-05 12:44:00,1.06,12415.0
569650,23370,SET 36 COLOURING PENCILS DOILY,128,2011-10-05 12:44:00,1.06,12415.0
569650,20979,36 PENCILS TUBE RED RETROSPOT,128,2011-10-05 12:44:00,1.06,12415.0
569650,20978,36 PENCILS TUBE SKULLS,128,2011-10-05 12:44:00,1.06,12415.0
569650,20727,LUNCH BAG  BLACK SKULL.,100,2011-10-05 12:44:00,1.45,12415.0
569650,23390,DOLLY GIRL MINI BACKPACK,100,2011-10-05 12:44:00,3.75,12415.0
569650,23389,SPACEBOY MINI BACKPACK,100,2011-10-05 12:44:00,3.75,12415.0
569650,23388,WOODLAND MINI BACKPACK,100,2011-10-05 12:44:00,3.75,12415.0
569650,22029,SPACEBOY BIRTHDAY CARD,72,2011-10-05 12:44:00,0.36,12415.0
569650,22539,MINI JIGSAW DOLLY GIRL,240,2011-10-05 12:44:00,0.36,12415.0
569650,22544,MINI JIGSAW SPACEBOY,240,2011-10-05 12:44:00,0.36,12415.0
569650,22546,MINI JIGSAW PURDEY,240,2011-10-05 12:44:00,0.36,12415.0
569650,23108,SET OF 10 LED DOLLY LIGHTS,60,2011-10-05 12:44:00,5.39,12415.0
569650,23236,STORAGE TIN VINTAGE DOILY,48,2011-10-05 12:44:00,2.49,12415.0
569650,22698,PINK REGENCY TEACUP AND SAUCER,24,2011-10-05 12:44:00,2.55,12415.0
569650,22699,ROSES REGENCY TEACUP AND SAUCER,24,2011-10-05 12:44:00,2.55,12415.0
569650,22423,REGENCY CAKESTAND 3 TIER,16,2011-10-05 12:44:00,10.95,12415.0
569650,23175,REGENCY MILK JUG PINK,24,2011-10-05 12:44:00,2.75,12415.0
569650,23245,SET OF 3 REGENCY CAKE TINS,32,2011-10-05 12:44:00,4.15,12415.0
569650,21115,ROSE CARAVAN DOORSTOP,16,2011-10-05 12:44:00,5.95,12415.0
569650,21770,OPEN CLOSED METAL SIGN,36,2011-10-05 12:44:00,4.25,12415.0
569650,21539,RED RETROSPOT BUTTER DISH,3,2011-10-05 12:44:00,4.95,12415.0
569650,21843,RED RETROSPOT CAKE STAND,24,2011-10-05 12:44:00,9.95,12415.0
569650,23308,SET OF 60 VINTAGE LEAF CAKE CASES,120,2011-10-05 12:44:00,0.42,12415.0
569650,22090,PAPER BUNTING RETROSPOT,40,2011-10-05 12:44:00,2.55,12415.0
569650,22549,PICTURE DOMINOES,72,2011-10-05 12:44:00,1.25,12415.0
569650,22620,4 TRADITIONAL SPINNING TOPS,48,2011-10-05 12:44:00,1.45,12415.0
569650,22991,GIRAFFE WOODEN RULER,144,2011-10-05 12:44:00,1.65,12415.0
569650,22992,REVOLVER WOODEN RULER,144,2011-10-05 12:44:00,1.65,12415.0
569650,21791,VINTAGE HEADS AND TAILS CARD GAME,72,2011-10-05 12:44:00,1.06,12415.0
569650,22327,ROUND SNACK BOXES SET OF 4 SKULLS,48,2011-10-05 12:44:00,2.55,12415.0
569722,23355,HOT WATER BOTTLE KEEP CALM,12,2011-10-06 09:31:00,4.95,12431.0
569722,23389,SPACEBOY MINI BACKPACK,4,2011-10-06 09:31:00,4.15,12431.0
569722,23392,SPACEBOY ROCKET LOLLY MAKERS,6,2011-10-06 09:31:00,2.08,12431.0
569722,85014A,BLACK/BLUE POLKADOT UMBRELLA,3,2011-10-06 09:31:00,5.95,12431.0
569722,85014B,RED RETROSPOT UMBRELLA,3,2011-10-06 09:31:00,5.95,12431.0
569722,21936,RED RETROSPOT PICNIC BAG,5,2011-10-06 09:31:00,2.95,12431.0
569722,22385,JUMBO BAG SPACEBOY DESIGN,20,2011-10-06 09:31:00,2.08,12431.0
569722,20712,JUMBO BAG WOODLAND ANIMALS,10,2011-10-06 09:31:00,2.08,12431.0
569722,23559,WOODLAND BUNNIES LOLLY MAKERS,6,2011-10-06 09:31:00,2.08,12431.0
569722,22423,REGENCY CAKESTAND 3 TIER,4,2011-10-06 09:31:00,12.75,12431.0
569722,16169E,WRAP 50'S  CHRISTMAS,25,2011-10-06 09:31:00,0.42,12431.0
569722,22045,SPACEBOY GIFT WRAP,25,2011-10-06 09:31:00,0.42,12431.0
569722,22726,ALARM CLOCK BAKELIKE GREEN,12,2011-10-06 09:31:00,3.75,12431.0
569722,22193,RED DINER WALL CLOCK,4,2011-10-06 09:31:00,8.5,12431.0
569722,22727,ALARM CLOCK BAKELIKE RED,12,2011-10-06 09:31:00,3.75,12431.0
569722,23316,RED REFECTORY CLOCK,2,2011-10-06 09:31:00,9.95,12431.0
569722,23342,MINT DINER WALL CLOCK,2,2011-10-06 09:31:00,8.5,12431.0
569722,22690,DOORMAT HOME SWEET HOME BLUE,4,2011-10-06 09:31:00,8.25,12431.0
569722,23502,PLAYING CARDS VINTAGE DOILY,12,2011-10-06 09:31:00,1.25,12431.0
569722,23506,MINI PLAYING CARDS SPACEBOY,20,2011-10-06 09:31:00,0.42,12431.0
569722,23298,SPOTTY BUNTING,3,2011-10-06 09:31:00,4.95,12431.0
569722,23245,SET OF 3 REGENCY CAKE TINS,4,2011-10-06 09:31:00,4.95,12431.0
569722,22029,SPACEBOY BIRTHDAY CARD,12,2011-10-06 09:31:00,0.42,12431.0
569722,22037,ROBOT BIRTHDAY CARD,12,2011-10-06 09:31:00,0.42,12431.0
569722,21770,OPEN CLOSED METAL SIGN,2,2011-10-06 09:31:00,4.95,12431.0
569722,21164,HOME SWEET HOME METAL SIGN,6,2011-10-06 09:31:00,2.95,12431.0
569722,21243,PINK  POLKADOT PLATE,8,2011-10-06 09:31:00,1.69,12431.0
569723,20712,JUMBO BAG WOODLAND ANIMALS,10,2011-10-06 09:32:00,2.08,12431.0
569723,23108,SET OF 10 LED DOLLY LIGHTS,2,2011-10-06 09:32:00,6.25,12431.0
569723,22411,JUMBO SHOPPER VINTAGE RED PAISLEY,10,2011-10-06 09:32:00,2.08,12431.0
569723,85014B,RED RETROSPOT UMBRELLA,3,2011-10-06 09:32:00,5.95,12431.0
569723,85014A,BLACK/BLUE POLKADOT UMBRELLA,3,2011-10-06 09:32:00,5.95,12431.0
574014,23247,BISCUIT TIN 50'S CHRISTMAS,216,2011-11-02 12:03:00,2.89,12415.0
C574019,22738,RIBBON REEL SNOWY VILLAGE,-120,2011-11-02 12:05:00,1.45,12415.0
574138,23157,SET OF 6 NATIVITY MAGNETS,36,2011-11-03 11:26:00,2.08,12415.0
574138,23382,BOX OF 6 CHRISTMAS CAKE DECORATIONS,36,2011-11-03 11:26:00,3.29,12415.0
574138,23084,RABBIT NIGHT LIGHT,96,2011-11-03 11:26:00,1.79,12415.0
574138,22818,CARD CHRISTMAS VILLAGE,24,2011-11-03 11:26:00,0.42,12415.0
574138,23234,BISCUIT TIN VINTAGE CHRISTMAS,216,2011-11-03 11:26:00,0.0,12415.0
C574344,POST,POSTAGE,-1,2011-11-04 10:18:00,262.73,12415.0
574469,23084,RABBIT NIGHT LIGHT,336,2011-11-04 11:55:00,1.79,12431.0
574469,22385,JUMBO BAG SPACEBOY DESIGN,12,2011-11-04 11:55:00,0.0,12431.0
