560360,23323,WHITE WICKER STAR,18,2011-07-18 11:55:00,2.1,12744.0
560360,22343,PARTY PIZZA DISH RED RETROSPOT,72,2011-07-18 11:55:00,0.72,12744.0
560360,22423,REGENCY CAKESTAND 3 TIER,16,2011-07-18 11:55:00,10.95,12744.0
560360,22191,IVORY DINER WALL CLOCK,12,2011-07-18 11:55:00,7.65,12744.0
560360,23341,PINK DINER WALL CLOCK,12,2011-07-18 11:55:00,7.65,12744.0
560360,22925,BLUE GIANT GARDEN THERMOMETER,12,2011-07-18 11:55:00,5.95,12744.0
560360,22927,GREEN GIANT GARDEN THERMOMETER,12,2011-07-18 11:55:00,5.95,12744.0
560360,21955,DOORMAT UNION JACK GUNS AND ROSES,10,2011-07-18 11:55:00,6.75,12744.0
560360,22689,DOORMAT MERRY CHRISTMAS RED,10,2011-07-18 11:55:00,6.75,12744.0
560360,22596,CHRISTMAS STAR WISH LIST CHALKBOARD,48,2011-07-18 11:55:00,1.25,12744.0
560360,22558,CLOTHES PEGS RETROSPOT PACK 24,12,2011-07-18 11:55:00,1.65,12744.0
560360,20984,12 PENCILS TALL TUBE POSY,24,2011-07-18 11:55:00,0.29,12744.0
560360,21179,NO JUNK MAIL METAL SIGN,24,2011-07-18 11:55:00,0.39,12744.0
560360,21359,RELAX LARGE WOOD LETTERS,6,2011-07-18 11:55:00,3.95,12744.0
560360,47503A,ASS FLORAL PRINT MULTI SCREWDRIVER,24,2011-07-18 11:55:00,0.42,12744.0
560360,81950B,FLOWER BLUE CLOCK WITH SUCKER,20,2011-07-18 11:55:00,0.29,12744.0
560360,84596F,SMALL MARSHMALLOWS PINK BOWL,16,2011-07-18 11:55:00,0.42,12744.0
560360,85071A,BLUE CHARLIE+LOLA PERSONAL DOORSIGN,24,2011-07-18 11:55:00,0.39,12744.0
560360,22893,MINI CAKE STAND T-LIGHT HOLDER,24,2011-07-18 11:55:00,0.42,12744.0
560360,22119,PEACE WOODEN BLOCK LETTERS,12,2011-07-18 11:55:00,6.35,12744.0
560360,22121,NOEL WOODEN BLOCK LETTERS,12,2011-07-18 11:55:00,5.45,12744.0
560360,23100,SILVER BELLS TABLE DECORATION,24,2011-07-18 11:55:00,1.25,12744.0
560360,23101,SILVER STARS TABLE DECORATION,12,2011-07-18 11:55:00,0.83,12744.0
560360,23102,SILVER HEARTS TABLE DECORATION,12,2011-07-18 11:55:00,0.83,12744.0
560360,21351,CINAMMON & ORANGE WREATH,16,2011-07-18 11:55:00,5.95,12744.0
560360,23131,MISTLETOE HEART WREATH CREAM,8,2011-07-18 11:55:00,4.15,12744.0
560360,23129,HEART SHAPED HOLLY WREATH,8,2011-07-18 11:55:00,4.15,12744.0
560360,21810,CHRISTMAS HANGING STAR WITH BELL,48,2011-07-18 11:55:00,1.25,12744.0
560360,21809,CHRISTMAS HANGING TREE WITH BELL,48,2011-07-18 11:55:00,1.25,12744.0
560360,21819,GLITTER CHRISTMAS STAR,48,2011-07-18 11:55:00,0.85,12744.0
560360,22339,CHRISTMAS TREE PAINTED ZINC,288,2011-07-18 11:55:00,0.55,12744.0
560360,23214,JINGLE BELL HEART ANTIQUE GOLD,48,2011-07-18 11:55:00,2.08,12744.0
560360,23215,JINGLE BELL HEART ANTIQUE SILVER,48,2011-07-18 11:55:00,2.08,12744.0
560360,23218,LAUREL STAR ANTIQUE GOLD,48,2011-07-18 11:55:00,1.25,12744.0
560360,23225,CHERUB HEART DECORATION SILVER,48,2011-07-18 11:55:00,0.83,12744.0
560360,22578,WOODEN STAR CHRISTMAS SCANDINAVIAN,48,2011-07-18 11:55:00,0.85,12744.0
560360,22593,CHRISTMAS GINGHAM STAR,48,2011-07-18 11:55:00,0.85,12744.0
560360,22601,CHRISTMAS RETROSPOT ANGEL WOOD,48,2011-07-18 11:55:00,0.85,12744.0
560360,22579,WOODEN TREE CHRISTMAS SCANDINAVIAN,48,2011-07-18 11:55:00,0.85,12744.0
560360,22594,CHRISTMAS GINGHAM TREE,48,2011-07-18 11:55:00,0.85,12744.0
560360,22581,WOOD STOCKING CHRISTMAS SCANDISPOT,48,2011-07-18 11:55:00,0.85,12744.0
560360,22600,CHRISTMAS RETROSPOT STAR WOOD,48,2011-07-18 11:55:00,0.85,12744.0
560360,23266,SET OF 3 WOODEN STOCKING DECORATION,48,2011-07-18 11:55:00,1.25,12744.0
560360,22571,ROCKING HORSE RED CHRISTMAS,48,2011-07-18 11:55:00,0.85,12744.0
560360,23211,RED ROCKING HORSE HAND PAINTED,48,2011-07-18 11:55:00,1.25,12744.0
560360,23212,HEART WREATH DECORATION WITH BELL,48,2011-07-18 11:55:00,1.25,12744.0
560360,22910,PAPER CHAIN KIT VINTAGE CHRISTMAS,18,2011-07-18 11:55:00,2.95,12744.0
560360,22086,PAPER CHAIN KIT 50'S CHRISTMAS,18,2011-07-18 11:55:00,2.95,12744.0
560360,85048,15CM CHRISTMAS GLASS BALL 20 LIGHTS,12,2011-07-18 11:55:00,6.95,12744.0
560360,21733,RED HANGING HEART T-LIGHT HOLDER,32,2011-07-18 11:55:00,2.55,12744.0
560360,85123A,WHITE HANGING HEART T-LIGHT HOLDER,32,2011-07-18 11:55:00,2.55,12744.0
560360,22457,NATURAL SLATE HEART CHALKBOARD,6,2011-07-18 11:55:00,2.95,12744.0
560360,21165,BEWARE OF THE CAT METAL SIGN,12,2011-07-18 11:55:00,1.69,12744.0
560360,82582,AREA PATROLLED METAL SIGN,12,2011-07-18 11:55:00,2.1,12744.0
560360,21621,VINTAGE UNION JACK BUNTING,6,2011-07-18 11:55:00,8.5,12744.0
560360,23255,CHILDRENS CUTLERY CIRCUS PARADE,4,2011-07-18 11:55:00,4.15,12744.0
560360,23254,CHILDRENS CUTLERY DOLLY GIRL,4,2011-07-18 11:55:00,4.15,12744.0
560360,23108,SET OF 10 LED DOLLY LIGHTS,2,2011-07-18 11:55:00,6.25,12744.0
560360,23109,LED TEA LIGHTS,18,2011-07-18 11:55:00,2.89,12744.0
560360,21471,STRAWBERRY RAFFIA FOOD COVER,6,2011-07-18 11:55:00,3.75,12744.0
560360,21470,FLOWER VINE RAFFIA FOOD COVER,6,2011-07-18 11:55:00,3.75,12744.0
560360,23175,REGENCY MILK JUG PINK,12,2011-07-18 11:55:00,3.25,12744.0
560360,23174,REGENCY SUGAR BOWL GREEN,12,2011-07-18 11:55:00,4.15,12744.0
560360,21936,RED RETROSPOT PICNIC BAG,50,2011-07-18 11:55:00,2.55,12744.0
560360,22192,BLUE DINER WALL CLOCK,12,2011-07-18 11:55:00,7.65,12744.0
560360,23028,DRAWER KNOB CRACKLE GLAZE BLUE,18,2011-07-18 11:55:00,1.65,12744.0
560360,23029,DRAWER KNOB CRACKLE GLAZE GREEN,18,2011-07-18 11:55:00,1.65,12744.0
560360,23298,SPOTTY BUNTING,12,2011-07-18 11:55:00,4.95,12744.0
560360,47566,PARTY BUNTING,8,2011-07-18 11:55:00,4.95,12744.0
560360,22090,PAPER BUNTING RETROSPOT,12,2011-07-18 11:55:00,2.95,12744.0
560360,23284,DOORMAT KEEP CALM AND COME IN,10,2011-07-18 11:55:00,6.75,12744.0
560360,22469,HEART OF WICKER SMALL,40,2011-07-18 11:55:00,1.45,12744.0
560360,35970,ZINC FOLKART SLEIGH BELLS,72,2011-07-18 11:55:00,1.49,12744.0
560360,23020,GLASS  SONGBIRD STORAGE JAR,8,2011-07-18 11:55:00,11.15,12744.0
560360,23312,VINTAGE CHRISTMAS GIFT SACK,36,2011-07-18 11:55:00,4.15,12744.0
