574745,21619,4 VANILLA BOTANICAL CANDLES,12,2011-11-07 08:26:00,1.25,14911.0
574745,21824,PAINTED METAL STAR WITH HOLLY BELLS,24,2011-11-07 08:26:00,0.39,14911.0
574745,22043,CHRISTMAS CARD SCREEN PRINT,24,2011-11-07 08:26:00,0.19,14911.0
574745,22578,WOODEN STAR CHRISTMAS SCANDINAVIAN,24,2011-11-07 08:26:00,0.29,14911.0
574745,22579,WOODEN TREE CHRISTMAS SCANDINAVIAN,48,2011-11-07 08:26:00,0.29,14911.0
574745,22340,NOEL GARLAND PAINTED ZINC,24,2011-11-07 08:26:00,0.39,14911.0
574745,22577,WOODEN HEART CHRISTMAS SCANDINAVIAN,24,2011-11-07 08:26:00,0.29,14911.0
574745,35953,FOLKART STAR CHRISTMAS DECORATIONS,48,2011-11-07 08:26:00,0.39,14911.0
574745,21992,VINTAGE PAISLEY STATIONERY SET,12,2011-11-07 08:26:00,1.25,14911.0
574745,23264,SET OF 3 WOODEN SLEIGH DECORATIONS,12,2011-11-07 08:26:00,1.25,14911.0
574745,22909,SET OF 20 VINTAGE CHRISTMAS NAPKINS,12,2011-11-07 08:26:00,0.85,14911.0
574745,22734,SET OF 6 RIBBONS VINTAGE CHRISTMAS,6,2011-11-07 08:26:00,2.89,14911.0
574745,21108,FAIRY CAKE FLANNEL ASSORTED COLOUR,18,2011-11-07 08:26:00,0.79,14911.0
574745,21817,GLITTER CHRISTMAS TREE,36,2011-11-07 08:26:00,0.39,14911.0
574745,C2,CARRIAGE,1,2011-11-07 08:26:00,50.0,14911.0
574841,84078A,SET/4 WHITE RETRO STORAGE CUBES,8,2011-11-07 11:42:00,34.95,14156.0
574841,22580,ADVENT CALENDAR GINGHAM SACK,3,2011-11-07 11:42:00,5.95,14156.0
574841,23320,GIANT 50'S CHRISTMAS CRACKER,12,2011-11-07 11:42:00,2.89,14156.0
574841,23311,VINTAGE CHRISTMAS STOCKING,6,2011-11-07 11:42:00,2.55,14156.0
574841,C2,CARRIAGE,1,2011-11-07 11:42:00,50.0,14156.0
574874,22578,WOODEN STAR CHRISTMAS SCANDINAVIAN,264,2011-11-07 13:06:00,0.29,14911.0
574874,23314,VINTAGE CHRISTMAS TABLECLOTH,2,2011-11-07 13:06:00,12.5,14911.0
574874,21929,JUMBO BAG PINK VINTAGE PAISLEY,10,2011-11-07 13:06:00,2.08,14911.0
574874,20712,JUMBO BAG WOODLAND ANIMALS,10,2011-11-07 13:06:00,2.08,14911.0
574874,23199,JUMBO BAG APPLES,10,2011-11-07 13:06:00,2.08,14911.0
574874,23536,WALL ART VILLAGE SHOW,4,2011-11-07 13:06:00,5.95,14911.0
574874,23534,WALL ART STOP FOR TEA,3,2011-11-07 13:06:00,5.95,14911.0
574874,23541,WALL ART CLASSIC PUDDINGS,2,2011-11-07 13:06:00,8.25,14911.0
574874,23532,WALL ART WORK REST AND PLAY,3,2011-11-07 13:06:00,4.95,14911.0
574874,22593,CHRISTMAS GINGHAM STAR,12,2011-11-07 13:06:00,0.85,14911.0
574874,C2,CARRIAGE,1,2011-11-07 13:06:00,50.0,14911.0
574874,22594,CHRISTMAS GINGHAM TREE,12,2011-11-07 13:06:00,0.85,14911.0
574874,23314,VINTAGE CHRISTMAS TABLECLOTH,2,2011-11-07 13:06:00,12.5,14911.0
574938,22469,HEART OF WICKER SMALL,12,2011-11-07 17:15:00,1.65,14911.0
574938,85123A,WHITE HANGING HEART T-LIGHT HOLDER,64,2011-11-07 17:15:00,2.55,14911.0
574938,22622,BOX OF VINTAGE ALPHABET BLOCKS,2,2011-11-07 17:15:00,11.95,14911.0
C575079,22990,COTTON APRON PANTRY DESIGN,-2,2011-11-08 13:28:00,4.95,14911.0
C575079,22666,RECIPE BOX PANTRY YELLOW DESIGN,-2,2011-11-08 13:28:00,2.95,14911.0
C575079,22452,MEASURING TAPE BABUSHKA PINK,-1,2011-11-08 13:28:00,2.95,14911.0
C575160,23247,BISCUIT TIN 50'S CHRISTMAS,-1,2011-11-08 16:23:00,2.89,14911.0
C575160,71477,COLOUR GLASS. STAR T-LIGHT HOLDER,-2,2011-11-08 16:23:00,3.95,14911.0
C575160,23301,GARDENERS KNEELING PAD KEEP CALM,-2,2011-11-08 16:23:00,1.65,14911.0
C575174,21313,GLASS HEART T-LIGHT HOLDER,-5,2011-11-08 17:56:00,0.85,14156.0
C575327,85048,15CM CHRISTMAS GLASS BALL 20 LIGHTS,-2,2011-11-09 13:47:00,7.95,14911.0
575486,22338,STAR DECORATION PAINTED ZINC,96,2011-11-09 17:07:00,0.19,14911.0
575486,22339,CHRISTMAS TREE PAINTED ZINC,96,2011-11-09 17:07:00,0.19,14911.0
575486,22086,PAPER CHAIN KIT 50'S CHRISTMAS,24,2011-11-09 17:07:00,2.95,14911.0
575486,22952,60 CAKE CASES VINTAGE CHRISTMAS,24,2011-11-09 17:07:00,0.55,14911.0
575486,72598,SET/12 TAPER CANDLES,24,2011-11-09 17:07:00,0.85,14911.0
575486,23434,3 RAFFIA RIBBONS 50'S CHRISTMAS,20,2011-11-09 17:07:00,0.79,14911.0
575486,22943,CHRISTMAS LIGHTS 10 VINTAGE BAUBLES,24,2011-11-09 17:07:00,4.25,14911.0
575486,85048,15CM CHRISTMAS GLASS BALL 20 LIGHTS,24,2011-11-09 17:07:00,6.95,14911.0
575486,84978,HANGING HEART JAR T-LIGHT HOLDER,36,2011-11-09 17:07:00,1.06,14911.0
575486,23144,ZINC T-LIGHT HOLDER STARS SMALL,36,2011-11-09 17:07:00,0.83,14911.0
575486,23250,VINTAGE RED TRIM ENAMEL BOWL,24,2011-11-09 17:07:00,1.25,14911.0
575486,23251,VINTAGE RED ENAMEL TRIM MUG,24,2011-11-09 17:07:00,1.25,14911.0
575486,23252,VINTAGE RED ENAMEL TRIM JUG,8,2011-11-09 17:07:00,3.75,14911.0
575486,23249,VINTAGE RED ENAMEL TRIM PLATE,12,2011-11-09 17:07:00,1.65,14911.0
575486,23168,CLASSIC CAFE SUGAR DISPENSER,12,2011-11-09 17:07:00,1.25,14911.0
575486,23169,CLASSIC GLASS COOKIE JAR,6,2011-11-09 17:07:00,4.15,14911.0
575486,22561,WOODEN SCHOOL COLOURING SET,24,2011-11-09 17:07:00,1.65,14911.0
575486,84029E,RED WOOLLY HOTTIE WHITE HEART.,12,2011-11-09 17:07:00,4.25,14911.0
575486,21189,WHITE HONEYCOMB PAPER GARLAND,12,2011-11-09 17:07:00,1.65,14911.0
575486,23489,VINTAGE BELLS GARLAND,18,2011-11-09 17:07:00,2.89,14911.0
575486,35961,FOLKART ZINC HEART CHRISTMAS DEC,24,2011-11-09 17:07:00,0.85,14911.0
575728,23475,WOODLAND SMALL PINK FELT HEART,12,2011-11-10 19:40:00,0.83,14911.0
575728,23479,WIRE EGG BASKET,4,2011-11-10 19:40:00,7.85,14911.0
575728,22577,WOODEN HEART CHRISTMAS SCANDINAVIAN,24,2011-11-10 19:40:00,0.29,14911.0
575728,22944,CHRISTMAS METAL POSTCARD WITH BELLS,72,2011-11-10 19:40:00,0.39,14911.0
575728,23186,FRENCH STYLE STORAGE JAR CAFE,48,2011-11-10 19:40:00,0.29,14911.0
575728,79030D,TUMBLER BAROQUE,12,2011-11-10 19:40:00,0.39,14911.0
575728,15056BL,EDWARDIAN PARASOL BLACK,3,2011-11-10 19:40:00,5.95,14911.0
575728,20679,EDWARDIAN PARASOL RED,3,2011-11-10 19:40:00,5.95,14911.0
575728,15056P,EDWARDIAN PARASOL PINK,3,2011-11-10 19:40:00,5.95,14911.0
575728,15056N,EDWARDIAN PARASOL NATURAL,3,2011-11-10 19:40:00,5.95,14911.0
575728,22947,WOODEN ADVENT CALENDAR RED,6,2011-11-10 19:40:00,7.95,14911.0
575728,23311,VINTAGE CHRISTMAS STOCKING,24,2011-11-10 19:40:00,2.55,14911.0
575728,23264,SET OF 3 WOODEN SLEIGH DECORATIONS,12,2011-11-10 19:40:00,1.25,14911.0
575728,23266,SET OF 3 WOODEN STOCKING DECORATION,12,2011-11-10 19:40:00,1.25,14911.0
575728,22430,ENAMEL WATERING CAN CREAM,4,2011-11-10 19:40:00,4.95,14911.0
575728,21257,VICTORIAN SEWING BOX MEDIUM,4,2011-11-10 19:40:00,7.95,14911.0
575728,22509,SEWING BOX RETROSPOT DESIGN,3,2011-11-10 19:40:00,16.95,14911.0
575728,21770,OPEN CLOSED METAL SIGN,2,2011-11-10 19:40:00,4.95,14911.0
575728,22722,SET OF 6 SPICE TINS PANTRY DESIGN,4,2011-11-10 19:40:00,3.95,14911.0
575728,22723,SET OF 6 HERB TINS SKETCHBOOK,4,2011-11-10 19:40:00,3.95,14911.0
575728,22282,12 EGG HOUSE PAINTED WOOD,4,2011-11-10 19:40:00,12.75,14911.0
575728,22892,SET OF SALT AND PEPPER TOADSTOOLS,12,2011-11-10 19:40:00,1.25,14911.0
575728,23328,SET 6 SCHOOL MILK BOTTLES IN CRATE,4,2011-11-10 19:40:00,3.75,14911.0
575728,84880,WHITE WIRE EGG HOLDER,6,2011-11-10 19:40:00,7.5,14911.0
575728,20914,SET/5 RED RETROSPOT LID GLASS BOWLS,12,2011-11-10 19:40:00,2.95,14911.0
575728,22138,BAKING SET 9 PIECE RETROSPOT,6,2011-11-10 19:40:00,4.95,14911.0
575728,16161G,WRAP BAD HAIR DAY,25,2011-11-10 19:40:00,0.1,14911.0
575728,23081,GREEN METAL BOX ARMY SUPPLIES,2,2011-11-10 19:40:00,8.25,14911.0
575728,23080,RED METAL BOX TOP SECRET,2,2011-11-10 19:40:00,8.25,14911.0
575728,23348,CHILDRENS TOY COOKING UTENSIL SET,6,2011-11-10 19:40:00,2.08,14911.0
575728,21219,SET/4 BADGES BALLOON GIRL,10,2011-11-10 19:40:00,1.25,14911.0
575728,21224,SET/4 SKULL BADGES,10,2011-11-10 19:40:00,1.25,14911.0
575728,84508C,BLUE CIRCLES DESIGN TEDDY,6,2011-11-10 19:40:00,2.55,14911.0
575728,22175,PINK OWL SOFT TOY,6,2011-11-10 19:40:00,2.95,14911.0
575728,22650,CERAMIC PIRATE CHEST MONEY BANK,12,2011-11-10 19:40:00,1.45,14911.0
575728,22580,ADVENT CALENDAR GINGHAM SACK,3,2011-11-10 19:40:00,5.95,14911.0
575728,23076,ICE CREAM SUNDAE LIP GLOSS,24,2011-11-10 19:40:00,1.25,14911.0
575728,23078,ICE CREAM PEN LIP GLOSS,24,2011-11-10 19:40:00,1.25,14911.0
575728,22483,RED GINGHAM TEDDY BEAR,6,2011-11-10 19:40:00,2.95,14911.0
575728,84931B,BLUE SCOTTIE DOG W FLOWER PATTERN,6,2011-11-10 19:40:00,2.55,14911.0
575728,84931A,PINK SCOTTIE DOG W FLOWER PATTERN,6,2011-11-10 19:40:00,2.55,14911.0
575728,21832,CHOCOLATE CALCULATOR,12,2011-11-10 19:40:00,1.65,14911.0
575728,20985,HEART CALCULATOR,12,2011-11-10 19:40:00,1.25,14911.0
575728,21080,SET/20 RED RETROSPOT PAPER NAPKINS,12,2011-11-10 19:40:00,0.85,14911.0
575728,22797,CHEST OF DRAWERS GINGHAM HEART,1,2011-11-10 19:40:00,16.95,14911.0
575728,23110,PARISIENNE KEY CABINET,2,2011-11-10 19:40:00,5.75,14911.0
575728,23397,FOOT STOOL HOME SWEET HOME,2,2011-11-10 19:40:00,9.95,14911.0
575728,23405,HOME SWEET HOME 2 DRAWER CABINET,4,2011-11-10 19:40:00,4.95,14911.0
575735,23435,3 RAFFIA RIBBONS VINTAGE CHRISTMAS,10,2011-11-11 08:46:00,0.79,14156.0
575735,85179A,GREEN BITTY LIGHT CHAIN,12,2011-11-11 08:46:00,1.25,14156.0
575735,23367,SET 12 COLOUR PENCILS SPACEBOY,16,2011-11-11 08:46:00,0.65,14156.0
575735,23534,WALL ART STOP FOR TEA,6,2011-11-11 08:46:00,5.95,14156.0
575735,23507,MINI PLAYING CARDS BUFFALO BILL,20,2011-11-11 08:46:00,0.42,14156.0
575735,71477,COLOUR GLASS. STAR T-LIGHT HOLDER,12,2011-11-11 08:46:00,3.95,14156.0
575735,21326,AGED GLASS SILVER T-LIGHT HOLDER,12,2011-11-11 08:46:00,0.65,14156.0
575735,23273,HEART T-LIGHT HOLDER WILLIE WINKIE,12,2011-11-11 08:46:00,1.65,14156.0
575735,21733,RED HANGING HEART T-LIGHT HOLDER,6,2011-11-11 08:46:00,2.95,14156.0
575735,85123A,WHITE HANGING HEART T-LIGHT HOLDER,6,2011-11-11 08:46:00,2.95,14156.0
575735,23129,HEART SHAPED HOLLY WREATH,4,2011-11-11 08:46:00,4.15,14156.0
575735,23491,VINTAGE JINGLE BELLS HEART,2,2011-11-11 08:46:00,8.25,14156.0
575735,22592,CARDHOLDER HOLLY WREATH METAL,4,2011-11-11 08:46:00,3.75,14156.0
575735,23497,CLASSIC CHROME BICYCLE BELL,12,2011-11-11 08:46:00,1.45,14156.0
575735,22947,WOODEN ADVENT CALENDAR RED,6,2011-11-11 08:46:00,7.95,14156.0
575735,22469,HEART OF WICKER SMALL,12,2011-11-11 08:46:00,1.65,14156.0
575735,C2,CARRIAGE,1,2011-11-11 08:46:00,50.0,14156.0
575751,20717,STRAWBERRY SHOPPER BAG,30,2011-11-11 10:32:00,1.25,14911.0
575751,23298,SPOTTY BUNTING,12,2011-11-11 10:32:00,4.95,14911.0
575751,23076,ICE CREAM SUNDAE LIP GLOSS,24,2011-11-11 10:32:00,1.25,14911.0
575751,23320,GIANT 50'S CHRISTMAS CRACKER,24,2011-11-11 10:32:00,2.89,14911.0
575751,23203,JUMBO BAG VINTAGE DOILY,10,2011-11-11 10:32:00,2.08,14911.0
575751,22469,HEART OF WICKER SMALL,12,2011-11-11 10:32:00,1.65,14911.0
575751,23209,LUNCH BAG VINTAGE DOILY,10,2011-11-11 10:32:00,1.65,14911.0
575751,23344,JUMBO BAG 50'S CHRISTMAS,10,2011-11-11 10:32:00,2.08,14911.0
575751,21519,GIN & TONIC DIET GREETING CARD,24,2011-11-11 10:32:00,0.42,14911.0
575751,23082,SET 6 PAPER TABLE LANTERN HEARTS,18,2011-11-11 10:32:00,3.75,14911.0
575751,23083,SET 6 PAPER TABLE LANTERN STARS,18,2011-11-11 10:32:00,3.75,14911.0
575751,22138,BAKING SET 9 PIECE RETROSPOT,6,2011-11-11 10:32:00,4.95,14911.0
575751,22693,GROW A FLYTRAP OR SUNFLOWER IN TIN,24,2011-11-11 10:32:00,1.25,14911.0
575751,23301,GARDENERS KNEELING PAD KEEP CALM,12,2011-11-11 10:32:00,1.65,14911.0
575751,23355,HOT WATER BOTTLE KEEP CALM,24,2011-11-11 10:32:00,4.15,14911.0
575751,23356,LOVE HOT WATER BOTTLE,24,2011-11-11 10:32:00,4.95,14911.0
575751,22865,HAND WARMER OWL DESIGN,12,2011-11-11 10:32:00,2.1,14911.0
575751,84077,WORLD WAR 2 GLIDERS ASSTD DESIGNS,48,2011-11-11 10:32:00,0.29,14911.0
575751,21380,WOODEN HAPPY BIRTHDAY GARLAND,18,2011-11-11 10:32:00,2.95,14911.0
575751,22694,WICKER STAR,12,2011-11-11 10:32:00,2.1,14911.0
575751,22355,CHARLOTTE BAG SUKI DESIGN,40,2011-11-11 10:32:00,0.85,14911.0
575751,22027,TEA PARTY BIRTHDAY CARD,24,2011-11-11 10:32:00,0.42,14911.0
575751,22037,ROBOT BIRTHDAY CARD,12,2011-11-11 10:32:00,0.42,14911.0
575751,23439,HAND WARMER RED LOVE HEART,12,2011-11-11 10:32:00,2.1,14911.0
575751,21730,GLASS STAR FROSTED T-LIGHT HOLDER,18,2011-11-11 10:32:00,4.25,14911.0
575751,71477,COLOUR GLASS. STAR T-LIGHT HOLDER,12,2011-11-11 10:32:00,3.95,14911.0
575751,22795,SWEETHEART RECIPE BOOK STAND,8,2011-11-11 10:32:00,6.75,14911.0
575751,21114,LAVENDER SCENTED FABRIC HEART,20,2011-11-11 10:32:00,1.25,14911.0
575751,22457,NATURAL SLATE HEART CHALKBOARD,18,2011-11-11 10:32:00,2.95,14911.0
575751,84946,ANTIQUE SILVER T-LIGHT GLASS,12,2011-11-11 10:32:00,1.25,14911.0
575751,20727,LUNCH BAG  BLACK SKULL.,20,2011-11-11 10:32:00,1.65,14911.0
575751,21479,WHITE SKULL HOT WATER BOTTLE,12,2011-11-11 10:32:00,4.25,14911.0
575751,21677,HEARTS  STICKERS,24,2011-11-11 10:32:00,0.85,14911.0
575751,21679,SKULLS  STICKERS,24,2011-11-11 10:32:00,0.85,14911.0
575751,82583,HOT BATHS METAL SIGN,12,2011-11-11 10:32:00,2.1,14911.0
575751,22379,RECYCLING BAG RETROSPOT,5,2011-11-11 10:32:00,2.1,14911.0
575751,22483,RED GINGHAM TEDDY BEAR,12,2011-11-11 10:32:00,2.95,14911.0
575751,21733,RED HANGING HEART T-LIGHT HOLDER,24,2011-11-11 10:32:00,2.95,14911.0
575751,22938,CUPCAKE LACE PAPER SET 6,24,2011-11-11 10:32:00,1.95,14911.0
575751,23500,KEY RING BASEBALL BOOT ASSORTED,20,2011-11-11 10:32:00,1.25,14911.0
575751,72225C,LAVENDER SCENT CAKE CANDLE,48,2011-11-11 10:32:00,0.29,14911.0
575751,23497,CLASSIC CHROME BICYCLE BELL,12,2011-11-11 10:32:00,1.45,14911.0
575751,22310,IVORY KNITTED MUG COSY,18,2011-11-11 10:32:00,1.65,14911.0
575751,21877,HOME SWEET HOME MUG,12,2011-11-11 10:32:00,1.65,14911.0
575751,22308,TEA COSY BLUE STRIPE,18,2011-11-11 10:32:00,2.55,14911.0
575751,22846,BREAD BIN DINER STYLE RED,1,2011-11-11 10:32:00,16.95,14911.0
575751,85053,FRENCH ENAMEL CANDLEHOLDER,6,2011-11-11 10:32:00,2.1,14911.0
575871,22197,POPCORN HOLDER,24,2011-11-11 12:52:00,0.85,14911.0
575871,85099B,JUMBO BAG RED RETROSPOT,10,2011-11-11 12:52:00,2.08,14911.0
575871,23524,WALL ART HORSE & PONY,6,2011-11-11 12:52:00,3.75,14911.0
575871,21786,POLKADOT RAIN HAT,24,2011-11-11 12:52:00,0.42,14911.0
575871,22531,MAGIC DRAWING SLATE CIRCUS PARADE,24,2011-11-11 12:52:00,0.42,14911.0
575871,21790,VINTAGE SNAP CARDS,24,2011-11-11 12:52:00,0.85,14911.0
575871,20973,12 PENCIL SMALL TUBE WOODLAND,24,2011-11-11 12:52:00,0.65,14911.0
575871,22865,HAND WARMER OWL DESIGN,12,2011-11-11 12:52:00,2.1,14911.0
575871,22923,FRIDGE MAGNETS LES ENFANTS ASSORTED,12,2011-11-11 12:52:00,0.85,14911.0
575871,21980,PACK OF 12 RED RETROSPOT TISSUES,24,2011-11-11 12:52:00,0.39,14911.0
575871,22195,LARGE HEART MEASURING SPOONS,12,2011-11-11 12:52:00,1.65,14911.0
575871,22841,ROUND CAKE TIN VINTAGE GREEN,2,2011-11-11 12:52:00,7.95,14911.0
575871,22840,ROUND CAKE TIN VINTAGE RED,2,2011-11-11 12:52:00,7.95,14911.0
575871,22558,CLOTHES PEGS RETROSPOT PACK 24,24,2011-11-11 12:52:00,1.65,14911.0
575871,21470,FLOWER VINE RAFFIA FOOD COVER,6,2011-11-11 12:52:00,3.75,14911.0
575871,22635,CHILDS BREAKFAST SET DOLLY GIRL,2,2011-11-11 12:52:00,9.95,14911.0
575871,22974,CHILDRENS DOLLY GIRL MUG,12,2011-11-11 12:52:00,1.65,14911.0
575871,21770,OPEN CLOSED METAL SIGN,2,2011-11-11 12:52:00,4.95,14911.0
575871,85048,15CM CHRISTMAS GLASS BALL 20 LIGHTS,12,2011-11-11 12:52:00,6.95,14911.0
575871,C2,CARRIAGE,1,2011-11-11 12:52:00,50.0,14911.0
575933,23318,BOX OF 6 MINI VINTAGE CRACKERS,144,2011-11-13 10:41:00,2.08,14911.0
575933,22952,60 CAKE CASES VINTAGE CHRISTMAS,240,2011-11-13 10:41:00,0.42,14911.0
575933,22909,SET OF 20 VINTAGE CHRISTMAS NAPKINS,288,2011-11-13 10:41:00,0.72,14911.0
575933,22561,WOODEN SCHOOL COLOURING SET,72,2011-11-13 10:41:00,1.45,14911.0
575933,22491,PACK OF 12 COLOURED PENCILS,144,2011-11-13 10:41:00,0.72,14911.0
575933,22086,PAPER CHAIN KIT 50'S CHRISTMAS,120,2011-11-13 10:41:00,2.55,14911.0
575933,21889,WOODEN BOX OF DOMINOES,48,2011-11-13 10:41:00,1.25,14911.0
575933,21790,VINTAGE SNAP CARDS,144,2011-11-13 10:41:00,0.72,14911.0
575973,23512,EMBROIDERED RIBBON REEL ROSIE,6,2011-11-13 13:03:00,2.08,""
575973,23493,VINTAGE DOILY TRAVEL SEWING KIT,10,2011-11-13 13:03:00,1.95,""
575973,23013,GLASS APOTHECARY BOTTLE TONIC,4,2011-11-13 13:03:00,3.95,""
575973,23012,GLASS APOTHECARY BOTTLE PERFUME,4,2011-11-13 13:03:00,3.95,""
575973,84378,SET OF 3 HEART COOKIE CUTTERS,12,2011-11-13 13:03:00,1.45,""
575973,23495,SET OF 3 PANTRY WOODEN SPOONS,12,2011-11-13 13:03:00,1.25,""
575973,23496,PANTRY KITCHEN THERMOMETER,12,2011-11-13 13:03:00,1.25,""
575973,22666,RECIPE BOX PANTRY YELLOW DESIGN,6,2011-11-13 13:03:00,2.95,""
575973,22907,PACK OF 20 NAPKINS PANTRY DESIGN,12,2011-11-13 13:03:00,0.85,""
575973,21871,SAVE THE PLANET MUG,12,2011-11-13 13:03:00,1.65,""
575973,23307,SET OF 60 PANTRY DESIGN CAKE CASES,24,2011-11-13 13:03:00,0.55,""
575973,22838,3 TIER CAKE TIN RED AND CREAM,2,2011-11-13 13:03:00,14.95,""
575973,22424,ENAMEL BREAD BIN CREAM,3,2011-11-13 13:03:00,12.75,""
575973,22558,CLOTHES PEGS RETROSPOT PACK 24,12,2011-11-13 13:03:00,1.65,""
575973,23034,DRAWER KNOB CERAMIC BLACK,6,2011-11-13 13:03:00,1.45,""
575973,23035,DRAWER KNOB CERAMIC IVORY,24,2011-11-13 13:03:00,1.45,""
575973,21169,YOU'RE CONFUSING ME METAL SIGN,12,2011-11-13 13:03:00,1.69,""
575973,82583,HOT BATHS METAL SIGN,12,2011-11-13 13:03:00,2.1,""
575973,82581,TOILET METAL SIGN,12,2011-11-13 13:03:00,0.55,""
575973,84946,ANTIQUE SILVER T-LIGHT GLASS,12,2011-11-13 13:03:00,1.25,""
575973,23534,WALL ART STOP FOR TEA,3,2011-11-13 13:03:00,5.95,""
575973,23359,SET OF 12 T-LIGHTS VINTAGE DOILY,12,2011-11-13 13:03:00,1.95,""
575973,23360,SET 8 CANDLES VINTAGE DOILY,12,2011-11-13 13:03:00,1.95,""
575973,23535,WALL ART BICYCLE SAFETY,4,2011-11-13 13:03:00,5.95,""
575973,21888,BINGO SET,8,2011-11-13 13:03:00,3.75,""
575973,21791,VINTAGE HEADS AND TAILS CARD GAME,12,2011-11-13 13:03:00,1.25,""
575973,21790,VINTAGE SNAP CARDS,12,2011-11-13 13:03:00,0.85,""
575973,23569,TRADTIONAL ALPHABET STAMP SET,4,2011-11-13 13:03:00,4.95,""
575973,22846,BREAD BIN DINER STYLE RED,2,2011-11-13 13:03:00,16.95,""
575973,22847,BREAD BIN DINER STYLE IVORY,4,2011-11-13 13:03:00,14.95,""
575973,23571,TRADITIONAL NAUGHTS & CROSSES,12,2011-11-13 13:03:00,1.65,""
575973,23570,TRADITIONAL PICK UP STICKS GAME,12,2011-11-13 13:03:00,1.25,""
575973,22621,TRADITIONAL KNITTING NANCY,12,2011-11-13 13:03:00,1.65,""
575973,23511,EMBROIDERED RIBBON REEL EMILY,6,2011-11-13 13:03:00,2.08,""
575973,22079,RIBBON REEL HEARTS DESIGN,10,2011-11-13 13:03:00,1.65,""
575973,84832,ZINC WILLIE WINKIE  CANDLE STICK,12,2011-11-13 13:03:00,0.85,""
575973,84755,COLOUR GLASS T-LIGHT HOLDER HANGING,16,2011-11-13 13:03:00,0.65,""
575973,23485,BOTANICAL GARDENS WALL CLOCK,1,2011-11-13 13:03:00,25.0,""
575973,23470,CARD HOLDER LOVE BIRD LARGE,2,2011-11-13 13:03:00,6.25,""
575973,23413,DECORATIVE VINTAGE COFFEE  BOX,3,2011-11-13 13:03:00,4.95,""
575973,23461,SWEETHEART BIRD HOUSE,4,2011-11-13 13:03:00,4.15,""
575973,85066,CREAM SWEETHEART MINI CHEST,2,2011-11-13 13:03:00,12.75,""
575973,22169,FAMILY ALBUM WHITE PICTURE FRAME,2,2011-11-13 13:03:00,8.5,""
575973,23409,PHOTO FRAME LINEN AND LACE LARGE,6,2011-11-13 13:03:00,3.75,""
575973,23457,LARGE PARLOUR PICTURE FRAME,6,2011-11-13 13:03:00,4.95,""
575973,22573,STAR WOODEN CHRISTMAS DECORATION,12,2011-11-13 13:03:00,0.85,""
575973,22945,CHRISTMAS METAL TAGS ASSORTED,12,2011-11-13 13:03:00,0.85,""
575973,23092,LARGE ANTIQUE WHITE PHOTO FRAME,2,2011-11-13 13:03:00,7.9,""
575973,23454,THREE MINI HANGING FRAMES,8,2011-11-13 13:03:00,4.15,""
575973,84879,ASSORTED COLOUR BIRD ORNAMENT,8,2011-11-13 13:03:00,1.69,""
575973,23273,HEART T-LIGHT HOLDER WILLIE WINKIE,12,2011-11-13 13:03:00,1.65,""
575973,84347,ROTATING SILVER ANGELS T-LIGHT HLDR,12,2011-11-13 13:03:00,2.55,""
575973,22144,CHRISTMAS CRAFT LITTLE FRIENDS,12,2011-11-13 13:03:00,2.1,""
575973,23354,6 GIFT TAGS 50'S CHRISTMAS,12,2011-11-13 13:03:00,0.83,""
575973,22816,CARD MOTORBIKE SANTA,12,2011-11-13 13:03:00,0.42,""
575974,22722,SET OF 6 SPICE TINS PANTRY DESIGN,8,2011-11-13 13:05:00,3.95,""
576051,23247,BISCUIT TIN 50'S CHRISTMAS,6,2011-11-13 14:45:00,2.89,14911.0
576051,22898,CHILDRENS APRON APPLES DESIGN,16,2011-11-13 14:45:00,1.95,14911.0
576051,22897,OVEN MITT APPLES DESIGN,20,2011-11-13 14:45:00,1.45,14911.0
576051,22939,ADULT APRON APPLE DELIGHT,8,2011-11-13 14:45:00,4.95,14911.0
576051,22573,STAR WOODEN CHRISTMAS DECORATION,36,2011-11-13 14:45:00,0.85,14911.0
576051,22572,ROCKING HORSE GREEN CHRISTMAS,36,2011-11-13 14:45:00,0.85,14911.0
576051,22739,RIBBON REEL CHRISTMAS SOCK BAUBLE,20,2011-11-13 14:45:00,1.65,14911.0
576051,22737,RIBBON REEL CHRISTMAS PRESENT,20,2011-11-13 14:45:00,1.65,14911.0
576051,22952,60 CAKE CASES VINTAGE CHRISTMAS,48,2011-11-13 14:45:00,0.55,14911.0
576051,23320,GIANT 50'S CHRISTMAS CRACKER,12,2011-11-13 14:45:00,2.89,14911.0
576051,22899,CHILDREN'S APRON DOLLY GIRL,6,2011-11-13 14:45:00,2.1,14911.0
576051,22951,60 CAKE CASES DOLLY GIRL DESIGN,24,2011-11-13 14:45:00,0.55,14911.0
576051,21231,SWEETHEART CERAMIC TRINKET BOX,12,2011-11-13 14:45:00,1.25,14911.0
576051,21232,STRAWBERRY CERAMIC TRINKET POT,12,2011-11-13 14:45:00,1.25,14911.0
576051,47559B,TEA TIME OVEN GLOVE,10,2011-11-13 14:45:00,1.25,14911.0
576051,47567B,TEA TIME KITCHEN APRON,6,2011-11-13 14:45:00,5.95,14911.0
576051,47591D,PINK FAIRY CAKE CHILDRENS APRON,8,2011-11-13 14:45:00,1.95,14911.0
576051,22795,SWEETHEART RECIPE BOOK STAND,16,2011-11-13 14:45:00,5.95,14911.0
576051,72760B,VINTAGE CREAM 3 BASKET CAKE STAND,6,2011-11-13 14:45:00,9.95,14911.0
576051,21977,PACK OF 60 PINK PAISLEY CAKE CASES,24,2011-11-13 14:45:00,0.55,14911.0
576051,22961,JAM MAKING SET PRINTED,36,2011-11-13 14:45:00,1.45,14911.0
576051,23423,PANTRY 3 HOOK ROLLING PIN HANGER,12,2011-11-13 14:45:00,3.75,14911.0
576051,23495,SET OF 3 PANTRY WOODEN SPOONS,24,2011-11-13 14:45:00,1.25,14911.0
576051,22720,SET OF 3 CAKE TINS PANTRY DESIGN,12,2011-11-13 14:45:00,4.95,14911.0
576051,22960,JAM MAKING SET WITH JARS,24,2011-11-13 14:45:00,3.75,14911.0
576051,22722,SET OF 6 SPICE TINS PANTRY DESIGN,12,2011-11-13 14:45:00,3.95,14911.0
576051,22969,HOMEMADE JAM SCENTED CANDLES,36,2011-11-13 14:45:00,1.45,14911.0
576051,22993,SET OF 4 PANTRY JELLY MOULDS,12,2011-11-13 14:45:00,1.25,14911.0
576051,23166,MEDIUM CERAMIC TOP STORAGE JAR,12,2011-11-13 14:45:00,1.25,14911.0
576051,22962,JAM JAR WITH PINK LID,12,2011-11-13 14:45:00,0.85,14911.0
576051,22963,JAM JAR WITH GREEN LID,12,2011-11-13 14:45:00,0.85,14911.0
576051,22978,PANTRY ROLLING PIN,12,2011-11-13 14:45:00,3.75,14911.0
576051,22979,PANTRY WASHING UP BRUSH,12,2011-11-13 14:45:00,1.45,14911.0
576051,23307,SET OF 60 PANTRY DESIGN CAKE CASES,24,2011-11-13 14:45:00,0.55,14911.0
576051,23243,SET OF TEA COFFEE SUGAR TINS PANTRY,12,2011-11-13 14:45:00,4.95,14911.0
576051,22982,PANTRY PASTRY BRUSH,24,2011-11-13 14:45:00,1.25,14911.0
576051,20677,PINK POLKADOT BOWL,8,2011-11-13 14:45:00,1.25,14911.0
576051,20674,GREEN POLKADOT BOWL,8,2011-11-13 14:45:00,1.25,14911.0
576051,20675,BLUE POLKADOT BOWL,8,2011-11-13 14:45:00,1.25,14911.0
576051,23285,PINK VINTAGE SPOT BEAKER,8,2011-11-13 14:45:00,0.85,14911.0
576051,23288,GREEN VINTAGE SPOT BEAKER,8,2011-11-13 14:45:00,0.85,14911.0
576051,23286,BLUE VINTAGE SPOT BEAKER,8,2011-11-13 14:45:00,0.85,14911.0
576051,22423,REGENCY CAKESTAND 3 TIER,6,2011-11-13 14:45:00,12.75,14911.0
576051,22697,GREEN REGENCY TEACUP AND SAUCER,12,2011-11-13 14:45:00,2.95,14911.0
576051,22698,PINK REGENCY TEACUP AND SAUCER,12,2011-11-13 14:45:00,2.95,14911.0
576051,22699,ROSES REGENCY TEACUP AND SAUCER,12,2011-11-13 14:45:00,2.95,14911.0
576051,23170,REGENCY TEA PLATE ROSES,12,2011-11-13 14:45:00,1.65,14911.0
576051,23171,REGENCY TEA PLATE GREEN,12,2011-11-13 14:45:00,1.65,14911.0
576051,23172,REGENCY TEA PLATE PINK,12,2011-11-13 14:45:00,1.65,14911.0
576051,23245,SET OF 3 REGENCY CAKE TINS,4,2011-11-13 14:45:00,4.95,14911.0
576051,22624,IVORY KITCHEN SCALES,6,2011-11-13 14:45:00,8.5,14911.0
576051,22627,MINT KITCHEN SCALES,6,2011-11-13 14:45:00,8.5,14911.0
576051,22838,3 TIER CAKE TIN RED AND CREAM,6,2011-11-13 14:45:00,14.95,14911.0
576051,20676,RED RETROSPOT BOWL,8,2011-11-13 14:45:00,1.25,14911.0
576051,21094,SET/6 RED SPOTTY PAPER PLATES,12,2011-11-13 14:45:00,0.85,14911.0
576051,21154,RED RETROSPOT OVEN GLOVE,10,2011-11-13 14:45:00,1.25,14911.0
576051,21080,SET/20 RED RETROSPOT PAPER NAPKINS,12,2011-11-13 14:45:00,0.85,14911.0
576051,21156,RETROSPOT CHILDRENS APRON,8,2011-11-13 14:45:00,1.95,14911.0
576051,21217,RED RETROSPOT ROUND CAKE TINS,6,2011-11-13 14:45:00,9.95,14911.0
576051,21212,PACK OF 72 RETROSPOT CAKE CASES,24,2011-11-13 14:45:00,0.55,14911.0
576051,21535,RED RETROSPOT SMALL MILK JUG,6,2011-11-13 14:45:00,2.55,14911.0
576051,21537,RED RETROSPOT PUDDING BOWL,8,2011-11-13 14:45:00,4.25,14911.0
576051,21531,RED RETROSPOT SUGAR JAM BOWL,6,2011-11-13 14:45:00,2.55,14911.0
576051,21533,RETROSPOT LARGE MILK JUG,6,2011-11-13 14:45:00,4.95,14911.0
576051,21843,RED RETROSPOT CAKE STAND,5,2011-11-13 14:45:00,10.95,14911.0
576051,22138,BAKING SET 9 PIECE RETROSPOT,12,2011-11-13 14:45:00,4.95,14911.0
576051,23293,SET OF 12 FAIRY CAKE BAKING CASES,16,2011-11-13 14:45:00,0.83,14911.0
576051,23296,SET OF 6 TEA TIME BAKING CASES,16,2011-11-13 14:45:00,1.25,14911.0
576051,23294,SET OF 6 SNACK LOAF BAKING CASES,8,2011-11-13 14:45:00,0.83,14911.0
576141,23144,ZINC T-LIGHT HOLDER STARS SMALL,12,2011-11-14 10:47:00,0.83,14911.0
576141,22589,CARDHOLDER GINGHAM STAR,6,2011-11-14 10:47:00,2.89,14911.0
576141,22141,CHRISTMAS CRAFT TREE TOP ANGEL,6,2011-11-14 10:47:00,2.1,14911.0
576141,22150,3 STRIPEY MICE FELTCRAFT,6,2011-11-14 10:47:00,1.95,14911.0
576141,22839,3 TIER CAKE TIN GREEN AND CREAM,1,2011-11-14 10:47:00,14.95,14911.0
576141,22637,PIGGY BANK RETROSPOT,4,2011-11-14 10:47:00,2.55,14911.0
576141,22138,BAKING SET 9 PIECE RETROSPOT,6,2011-11-14 10:47:00,4.95,14911.0
576141,21243,PINK POLKADOT PLATE,8,2011-11-14 10:47:00,1.69,14911.0
576141,21650,ASSORTED TUTTI FRUTTI BRACELET,24,2011-11-14 10:47:00,0.19,14911.0
576141,22110,BIRD HOUSE HOT WATER BOTTLE,6,2011-11-14 10:47:00,2.55,14911.0
576141,23354,6 GIFT TAGS 50'S CHRISTMAS,12,2011-11-14 10:47:00,0.83,14911.0
576141,22082,RIBBON REEL STRIPES DESIGN,10,2011-11-14 10:47:00,1.65,14911.0
576141,22144,CHRISTMAS CRAFT LITTLE FRIENDS,6,2011-11-14 10:47:00,2.1,14911.0
576141,21403,BLUE EGG  SPOON,24,2011-11-14 10:47:00,0.12,14911.0
576141,22610,PENS ASSORTED FUNNY FACE,36,2011-11-14 10:47:00,0.19,14911.0
576141,21411,GINGHAM HEART  DOORSTOP RED,3,2011-11-14 10:47:00,4.25,14911.0
576141,23461,SWEETHEART BIRD HOUSE,4,2011-11-14 10:47:00,4.15,14911.0
576141,23298,SPOTTY BUNTING,3,2011-11-14 10:47:00,4.95,14911.0
576141,20981,12 PENCILS TALL TUBE WOODLAND,12,2011-11-14 10:47:00,0.85,14911.0
576141,84580,MOUSE TOY WITH PINK T-SHIRT,4,2011-11-14 10:47:00,3.75,14911.0
576141,85123A,WHITE HANGING HEART T-LIGHT HOLDER,6,2011-11-14 10:47:00,2.95,14911.0
576141,22070,SMALL RED RETROSPOT MUG IN BOX,6,2011-11-14 10:47:00,3.75,14911.0
576141,C2,CARRIAGE,1,2011-11-14 10:47:00,50.0,14911.0
576371,23130,MISTLETOE HEART WREATH GREEN,4,2011-11-15 08:07:00,4.15,14911.0
576371,23131,MISTLETOE HEART WREATH CREAM,4,2011-11-15 08:07:00,4.15,14911.0
576371,85123A,WHITE HANGING HEART T-LIGHT HOLDER,12,2011-11-15 08:07:00,2.95,14911.0
576371,22578,WOODEN STAR CHRISTMAS SCANDINAVIAN,48,2011-11-15 08:07:00,0.29,14911.0
576371,22579,WOODEN TREE CHRISTMAS SCANDINAVIAN,48,2011-11-15 08:07:00,0.29,14911.0
576371,22577,WOODEN HEART CHRISTMAS SCANDINAVIAN,48,2011-11-15 08:07:00,0.29,14911.0
576371,22338,STAR DECORATION PAINTED ZINC,96,2011-11-15 08:07:00,0.19,14911.0
576371,22340,NOEL GARLAND PAINTED ZINC,24,2011-11-15 08:07:00,0.39,14911.0
576371,22339,CHRISTMAS TREE PAINTED ZINC,96,2011-11-15 08:07:00,0.19,14911.0
576371,22163,HEART STRING MEMO HOLDER HANGING,48,2011-11-15 08:07:00,0.79,14911.0
576371,22595,GINGHAM HEART DECORATION,24,2011-11-15 08:07:00,0.85,14911.0
576371,22593,CHRISTMAS GINGHAM STAR,24,2011-11-15 08:07:00,0.85,14911.0
576371,22696,WICKER WREATH LARGE,12,2011-11-15 08:07:00,1.95,14911.0
576371,22186,RED STAR CARD HOLDER,12,2011-11-15 08:07:00,1.95,14911.0
576371,72760B,VINTAGE CREAM 3 BASKET CAKE STAND,2,2011-11-15 08:07:00,9.95,14911.0
576371,23035,DRAWER KNOB CERAMIC IVORY,30,2011-11-15 08:07:00,1.45,14911.0
576371,22487,WHITE WOOD GARDEN PLANT LADDER,1,2011-11-15 08:07:00,9.95,14911.0
576371,C2,CARRIAGE,1,2011-11-15 08:07:00,50.0,14911.0
576595,85123A,WHITE HANGING HEART T-LIGHT HOLDER,96,2011-11-15 14:56:00,2.55,14911.0
576595,22577,WOODEN HEART CHRISTMAS SCANDINAVIAN,24,2011-11-15 14:56:00,0.29,14911.0
576595,22579,WOODEN TREE CHRISTMAS SCANDINAVIAN,24,2011-11-15 14:56:00,0.29,14911.0
576595,22578,WOODEN STAR CHRISTMAS SCANDINAVIAN,24,2011-11-15 14:56:00,0.29,14911.0
576595,22581,WOOD STOCKING CHRISTMAS SCANDISPOT,12,2011-11-15 14:56:00,0.85,14911.0
576595,23265,SET OF 3 WOODEN TREE DECORATIONS,12,2011-11-15 14:56:00,1.25,14911.0
576595,22580,ADVENT CALENDAR GINGHAM SACK,6,2011-11-15 14:56:00,5.95,14911.0
576595,C2,CARRIAGE,1,2011-11-15 14:56:00,50.0,14911.0
576596,82486,3 DRAWER ANTIQUE WHITE WOOD CABINET,4,2011-11-15 14:57:00,8.95,14911.0
576596,23269,SET OF 2 CERAMIC CHRISTMAS TREES,12,2011-11-15 14:57:00,1.45,14911.0
576596,23329,DECORATIVE WICKER HEART LARGE,12,2011-11-15 14:57:00,1.65,14911.0
576596,23332,IVORY WICKER HEART LARGE,12,2011-11-15 14:57:00,1.65,14911.0
576596,23265,SET OF 3 WOODEN TREE DECORATIONS,12,2011-11-15 14:57:00,1.25,14911.0
576602,23382,BOX OF 6 CHRISTMAS CAKE DECORATIONS,12,2011-11-15 15:20:00,3.75,14156.0
576602,23175,REGENCY MILK JUG PINK,24,2011-11-15 15:20:00,2.75,14156.0
576602,23536,VILLAGE SHOW WALL ART,4,2011-11-15 15:20:00,5.95,14156.0
576602,23534,STOP FOR TEA WALL ART,12,2011-11-15 15:20:00,5.35,14156.0
576602,23485,BOTANICAL GARDENS WALL CLOCK,4,2011-11-15 15:20:00,20.8,14156.0
576602,23454,SET OF 3 MINI HANGING PORTRAITS,24,2011-11-15 15:20:00,3.75,14156.0
576602,23457,LARGE PARLOUR FRAME,24,2011-11-15 15:20:00,4.5,14156.0
576602,23456,MEDIUM PARLOUR FRAME,18,2011-11-15 15:20:00,3.75,14156.0
576602,23455,SMALL PARLOUR FRAME,36,2011-11-15 15:20:00,2.49,14156.0
576602,23490,T-LIGHT HOLDER HANGING LOVE BIRD,36,2011-11-15 15:20:00,3.29,14156.0
576602,23569,TRADTIONAL ALPHABET STAMP SET,8,2011-11-15 15:20:00,4.95,14156.0
576602,23571,TRADITIONAL NAUGHTS & CROSSES,12,2011-11-15 15:20:00,1.65,14156.0
576602,23497,CLASSIC CROME BICYCLE BELL,12,2011-11-15 15:20:00,1.45,14156.0
576603,23300,GARDENERS KNEELING PAD CUP OF TEA,12,2011-11-15 15:22:00,1.65,14911.0
576603,22113,GREY HEART HOT WATER BOTTLE,4,2011-11-15 15:22:00,4.25,14911.0
576603,22112,CHOCOLATE HOT WATER BOTTLE,3,2011-11-15 15:22:00,4.95,14911.0
576603,22835,HOT WATER BOTTLE I AM SO POORLY,4,2011-11-15 15:22:00,4.95,14911.0
576603,21169,YOU'RE CONFUSING ME METAL SIGN,12,2011-11-15 15:22:00,1.69,14911.0
576603,48187,DOORMAT NEW ENGLAND,2,2011-11-15 15:22:00,8.25,14911.0
576603,21524,DOORMAT SPOTTY HOME SWEET HOME,2,2011-11-15 15:22:00,8.25,14911.0
576603,22688,DOORMAT PEACE ON EARTH BLUE,2,2011-11-15 15:22:00,8.25,14911.0
576603,C2,CARRIAGE,1,2011-11-15 15:22:00,50.0,14911.0
576603,22941,CHRISTMAS LIGHTS 10 REINDEER,2,2011-11-15 15:22:00,8.5,14911.0
576603,22622,BOX OF VINTAGE ALPHABET BLOCKS,2,2011-11-15 15:22:00,11.95,14911.0
576603,22623,BOX OF VINTAGE JIGSAW BLOCKS,3,2011-11-15 15:22:00,5.95,14911.0
576603,22549,PICTURE DOMINOES,12,2011-11-15 15:22:00,1.45,14911.0
576603,21790,VINTAGE SNAP CARDS,12,2011-11-15 15:22:00,0.85,14911.0
576603,21791,VINTAGE HEADS AND TAILS CARD GAME,12,2011-11-15 15:22:00,1.25,14911.0
576603,47591D,PINK FAIRY CAKE CHILDRENS APRON,8,2011-11-15 15:22:00,1.95,14911.0
576603,21892,TRADITIONAL WOODEN CATCH CUP GAME,12,2011-11-15 15:22:00,1.25,14911.0
576603,22550,HOLIDAY FUN LUDO,4,2011-11-15 15:22:00,3.75,14911.0
576603,21888,BINGO SET,4,2011-11-15 15:22:00,3.75,14911.0
576603,23229,VINTAGE DONKEY TAIL GAME,6,2011-11-15 15:22:00,3.75,14911.0
576603,21912,VINTAGE SNAKES & LADDERS,4,2011-11-15 15:22:00,3.75,14911.0
576603,22748,POPPY'S PLAYHOUSE KITCHEN,6,2011-11-15 15:22:00,2.1,14911.0
576603,22745,POPPY'S PLAYHOUSE BEDROOM,6,2011-11-15 15:22:00,2.1,14911.0
576603,20971,PINK BLUE FELT CRAFT TRINKET BOX,12,2011-11-15 15:22:00,1.25,14911.0
576603,20972,PINK CREAM FELT CRAFT TRINKET BOX,12,2011-11-15 15:22:00,1.25,14911.0
576603,22940,FELTCRAFT CHRISTMAS FAIRY,4,2011-11-15 15:22:00,4.25,14911.0
576603,23201,JUMBO BAG ALPHABET,10,2011-11-15 15:22:00,2.08,14911.0
576603,23344,JUMBO BAG 50'S CHRISTMAS,10,2011-11-15 15:22:00,2.08,14911.0
576603,23301,GARDENERS KNEELING PAD KEEP CALM,12,2011-11-15 15:22:00,1.65,14911.0
576653,21877,HOME SWEET HOME MUG,72,2011-11-16 10:45:00,1.45,14156.0
576653,21790,VINTAGE SNAP CARDS,72,2011-11-16 10:45:00,0.72,14156.0
576653,22491,PACK OF 12 COLOURED PENCILS,144,2011-11-16 10:45:00,0.72,14156.0
576653,21977,PACK OF 60 PINK PAISLEY CAKE CASES,240,2011-11-16 10:45:00,0.42,14156.0
576653,22838,3 TIER CAKE TIN RED AND CREAM,48,2011-11-16 10:45:00,12.75,14156.0
576653,22960,JAM MAKING SET WITH JARS,48,2011-11-16 10:45:00,3.75,14156.0
576653,85178,VICTORIAN SEWING KIT,24,2011-11-16 10:45:00,1.25,14156.0
576653,84992,72 SWEETHEART FAIRY CAKE CASES,240,2011-11-16 10:45:00,0.42,14156.0
576653,84991,60 TEATIME FAIRY CAKE CASES,240,2011-11-16 10:45:00,0.42,14156.0
576653,84849D,HOT BATHS SOAP HOLDER,72,2011-11-16 10:45:00,1.69,14156.0
576653,23294,SET OF 6 SNACK LOAF BAKING CASES,128,2011-11-16 10:45:00,0.72,14156.0
576653,23293,SET OF 12 FAIRY CAKE BAKING CASES,128,2011-11-16 10:45:00,0.72,14156.0
576653,47566,PARTY BUNTING,96,2011-11-16 10:45:00,4.15,14156.0
576653,23236,STORAGE TIN VINTAGE DOILY,48,2011-11-16 10:45:00,2.49,14156.0
576653,23230,WRAP ALPHABET DESIGN,200,2011-11-16 10:45:00,0.36,14156.0
576653,23192,BUNDLE OF 3 ALPHABET EXERCISE BOOKS,48,2011-11-16 10:45:00,1.45,14156.0
576653,23164,REGENCY CAKE SLICE,60,2011-11-16 10:45:00,4.15,14156.0
576653,23108,SET OF 10 LED DOLLY LIGHTS,48,2011-11-16 10:45:00,5.39,14156.0
576653,22993,SET OF 4 PANTRY JELLY MOULDS,72,2011-11-16 10:45:00,1.06,14156.0
576653,22112,CHOCOLATE HOT WATER BOTTLE,72,2011-11-16 10:45:00,4.25,14156.0
576653,22111,SCOTTIE DOG HOT WATER BOTTLE,96,2011-11-16 10:45:00,4.25,14156.0
576653,22045,SPACEBOY GIFT WRAP,200,2011-11-16 10:45:00,0.36,14156.0
576653,21485,RETROSPOT HEART HOT WATER BOTTLE,72,2011-11-16 10:45:00,4.25,14156.0
576653,21165,BEWARE OF THE CAT METAL SIGN,96,2011-11-16 10:45:00,1.45,14156.0
576653,20914,SET/5 RED RETROSPOT LID GLASS BOWLS,48,2011-11-16 10:45:00,2.55,14156.0
576653,22489,PACK OF 12 TRADITIONAL CRAYONS,288,2011-11-16 10:45:00,0.36,14156.0
576829,22139,RETROSPOT TEA SET CERAMIC 11 PC,9,2011-11-16 14:40:00,4.95,""
576829,23084,RABBIT NIGHT LIGHT,12,2011-11-16 14:40:00,2.08,""
576829,23082,SET 6 PAPER TABLE LANTERN HEARTS,12,2011-11-16 14:40:00,3.75,""
576829,C2,CARRIAGE,1,2011-11-16 14:40:00,50.0,""
576880,23569,TRADTIONAL ALPHABET STAMP SET,4,2011-11-16 17:03:00,4.95,14911.0
576880,23084,RABBIT NIGHT LIGHT,6,2011-11-16 17:03:00,2.08,14911.0
576880,22138,BAKING SET 9 PIECE RETROSPOT,6,2011-11-16 17:03:00,4.95,14911.0
576880,22617,BAKING SET SPACEBOY DESIGN,3,2011-11-16 17:03:00,4.95,14911.0
576880,16169E,WRAP 50'S  CHRISTMAS,25,2011-11-16 17:03:00,0.42,14911.0
576880,22027,TEA PARTY BIRTHDAY CARD,12,2011-11-16 17:03:00,0.42,14911.0
576880,21791,VINTAGE HEADS AND TAILS CARD GAME,12,2011-11-16 17:03:00,1.25,14911.0
576880,22622,BOX OF VINTAGE ALPHABET BLOCKS,2,2011-11-16 17:03:00,11.95,14911.0
576880,23494,VINTAGE DOILY DELUXE SEWING KIT,3,2011-11-16 17:03:00,5.95,14911.0
576880,23192,BUNDLE OF 3 ALPHABET EXERCISE BOOKS,12,2011-11-16 17:03:00,1.65,14911.0
576880,22621,TRADITIONAL KNITTING NANCY,12,2011-11-16 17:03:00,1.65,14911.0
576880,22274,FELTCRAFT DOLL EMILY,6,2011-11-16 17:03:00,2.95,14911.0
576880,22750,FELTCRAFT PRINCESS LOLA DOLL,4,2011-11-16 17:03:00,3.75,14911.0
576880,23126,FELTCRAFT GIRL AMELIE KIT,4,2011-11-16 17:03:00,4.95,14911.0
576880,22554,PLASTERS IN TIN WOODLAND ANIMALS,12,2011-11-16 17:03:00,1.65,14911.0
576880,22551,PLASTERS IN TIN SPACEBOY,12,2011-11-16 17:03:00,1.65,14911.0
576880,22553,PLASTERS IN TIN SKULLS,12,2011-11-16 17:03:00,1.65,14911.0
576880,C2,CARRIAGE,1,2011-11-16 17:03:00,50.0,14911.0
576899,23175,REGENCY MILK JUG PINK,4,2011-11-17 08:49:00,3.25,14911.0
576899,15056BL,EDWARDIAN PARASOL BLACK,3,2011-11-17 08:49:00,5.95,14911.0
576899,15056P,EDWARDIAN PARASOL PINK,3,2011-11-17 08:49:00,5.95,14911.0
576899,20679,EDWARDIAN PARASOL RED,3,2011-11-17 08:49:00,5.95,14911.0
576899,15056N,EDWARDIAN PARASOL NATURAL,3,2011-11-17 08:49:00,5.95,14911.0
576899,23243,SET OF TEA COFFEE SUGAR TINS PANTRY,4,2011-11-17 08:49:00,4.95,14911.0
576899,85232D,SET/3 DECOUPAGE STACKING TINS,3,2011-11-17 08:49:00,4.95,14911.0
576899,22843,BISCUIT TIN VINTAGE GREEN,2,2011-11-17 08:49:00,6.75,14911.0
576899,22842,BISCUIT TIN VINTAGE RED,2,2011-11-17 08:49:00,6.75,14911.0
576899,21523,DOORMAT FANCY FONT HOME SWEET HOME,2,2011-11-17 08:49:00,8.25,14911.0
576899,21524,DOORMAT SPOTTY HOME SWEET HOME,2,2011-11-17 08:49:00,8.25,14911.0
576899,22851,SET 20 NAPKINS FAIRY CAKES DESIGN,12,2011-11-17 08:49:00,0.85,14911.0
576899,22907,PACK OF 20 NAPKINS PANTRY DESIGN,12,2011-11-17 08:49:00,0.85,14911.0
576899,22698,PINK REGENCY TEACUP AND SAUCER,18,2011-11-17 08:49:00,2.95,14911.0
576899,22699,ROSES REGENCY TEACUP AND SAUCER,18,2011-11-17 08:49:00,2.95,14911.0
576899,22697,GREEN REGENCY TEACUP AND SAUCER,18,2011-11-17 08:49:00,2.95,14911.0
576899,71053,WHITE METAL LANTERN,4,2011-11-17 08:49:00,3.75,14911.0
576899,72807A,SET/3 ROSE CANDLE IN JEWELLED BOX,4,2011-11-17 08:49:00,4.25,14911.0
576899,85035C,ROSE 3 WICK MORRIS BOX CANDLE,24,2011-11-17 08:49:00,1.25,14911.0
576899,85034B,3 WHITE CHOC MORRIS BOXED CANDLES,24,2011-11-17 08:49:00,1.25,14911.0
576899,72807B,SET/3 OCEAN SCENT CANDLE JEWEL BOX,4,2011-11-17 08:49:00,4.25,14911.0
576899,21688,SILVER PLATE CANDLE BOWL SMALL,6,2011-11-17 08:49:00,2.95,14911.0
576899,21136,PAINTED METAL PEARS ASSORTED,8,2011-11-17 08:49:00,1.69,14911.0
576899,22624,IVORY KITCHEN SCALES,2,2011-11-17 08:49:00,8.5,14911.0
576899,22627,MINT KITCHEN SCALES,2,2011-11-17 08:49:00,8.5,14911.0
576899,22720,SET OF 3 CAKE TINS PANTRY DESIGN,6,2011-11-17 08:49:00,4.95,14911.0
576899,23245,SET OF 3 REGENCY CAKE TINS,8,2011-11-17 08:49:00,4.95,14911.0
576899,22423,REGENCY CAKESTAND 3 TIER,7,2011-11-17 08:49:00,12.75,14911.0
576899,84926A,WAKE UP COCKEREL TILE COASTER,24,2011-11-17 08:49:00,0.29,14911.0
576899,84510A,SET OF 4 ENGLISH ROSE COASTERS,10,2011-11-17 08:49:00,1.25,14911.0
576899,23253,16 PIECE CUTLERY SET PANTRY DESIGN,2,2011-11-17 08:49:00,15.95,14911.0
576899,23174,REGENCY SUGAR BOWL GREEN,4,2011-11-17 08:49:00,4.15,14911.0
577061,23569,TRADTIONAL ALPHABET STAMP SET,4,2011-11-17 14:40:00,4.95,14911.0
577061,21791,VINTAGE HEADS AND TAILS CARD GAME,12,2011-11-17 14:40:00,1.25,14911.0
577061,21914,BLUE HARMONICA IN BOX,12,2011-11-17 14:40:00,1.25,14911.0
577061,22550,HOLIDAY FUN LUDO,4,2011-11-17 14:40:00,3.75,14911.0
577061,22745,POPPY'S PLAYHOUSE BEDROOM,6,2011-11-17 14:40:00,2.1,14911.0
577061,22748,POPPY'S PLAYHOUSE KITCHEN,6,2011-11-17 14:40:00,2.1,14911.0
577061,22746,POPPY'S PLAYHOUSE LIVINGROOM,6,2011-11-17 14:40:00,2.1,14911.0
577061,23382,BOX OF 6 CHRISTMAS CAKE DECORATIONS,4,2011-11-17 14:40:00,3.75,14911.0
577061,23374,RED SPOT PAPER GIFT BAG,10,2011-11-17 14:40:00,0.82,14911.0
577061,23470,CARD HOLDER LOVE BIRD LARGE,2,2011-11-17 14:40:00,6.25,14911.0
577061,23469,CARD HOLDER LOVE BIRD SMALL,6,2011-11-17 14:40:00,4.15,14911.0
577061,23473,WOODLAND SMALL RED FELT HEART,12,2011-11-17 14:40:00,0.83,14911.0
577061,23480,MINI LIGHTS WOODLAND MUSHROOMS,4,2011-11-17 14:40:00,3.75,14911.0
577061,23486,ANTIQUE HEART SHELF UNIT,4,2011-11-17 14:40:00,16.65,14911.0
577061,23492,VINTAGE JINGLE BELLS WREATH,2,2011-11-17 14:40:00,8.25,14911.0
577061,23542,WALL ART 70'S ALPHABET,4,2011-11-17 14:40:00,8.25,14911.0
577061,22734,SET OF 6 RIBBONS VINTAGE CHRISTMAS,6,2011-11-17 14:40:00,2.89,14911.0
577061,23434,3 RAFFIA RIBBONS 50'S CHRISTMAS,10,2011-11-17 14:40:00,0.79,14911.0
577061,22739,RIBBON REEL CHRISTMAS SOCK BAUBLE,10,2011-11-17 14:40:00,1.65,14911.0
577061,22737,RIBBON REEL CHRISTMAS PRESENT,10,2011-11-17 14:40:00,1.65,14911.0
577061,22959,WRAP CHRISTMAS VILLAGE,25,2011-11-17 14:40:00,0.42,14911.0
577061,23320,GIANT 50'S CHRISTMAS CRACKER,12,2011-11-17 14:40:00,2.89,14911.0
577061,23319,BOX OF 6 MINI 50'S CRACKERS,6,2011-11-17 14:40:00,2.49,14911.0
577061,72817,SET OF 2 CHRISTMAS DECOUPAGE CANDLE,24,2011-11-17 14:40:00,0.79,14911.0
577061,22591,CARDHOLDER GINGHAM CHRISTMAS TREE,6,2011-11-17 14:40:00,3.25,14911.0
577061,22141,CHRISTMAS CRAFT TREE TOP ANGEL,6,2011-11-17 14:40:00,2.1,14911.0
577061,22940,FELTCRAFT CHRISTMAS FAIRY,4,2011-11-17 14:40:00,4.25,14911.0
577061,22952,60 CAKE CASES VINTAGE CHRISTMAS,24,2011-11-17 14:40:00,0.55,14911.0
577061,35970,ZINC FOLKART SLEIGH BELLS,12,2011-11-17 14:40:00,1.69,14911.0
577061,20668,DISCO BALL CHRISTMAS DECORATION,24,2011-11-17 14:40:00,0.12,14911.0
577061,23311,VINTAGE CHRISTMAS STOCKING,6,2011-11-17 14:40:00,2.55,14911.0
577061,85066,CREAM SWEETHEART MINI CHEST,2,2011-11-17 14:40:00,12.75,14911.0
577061,20961,STRAWBERRY BATH SPONGE,10,2011-11-17 14:40:00,1.25,14911.0
577061,20963,APPLE BATH SPONGE,10,2011-11-17 14:40:00,1.25,14911.0
577061,21485,RETROSPOT HEART HOT WATER BOTTLE,3,2011-11-17 14:40:00,4.95,14911.0
577061,22111,SCOTTIE DOG HOT WATER BOTTLE,3,2011-11-17 14:40:00,4.95,14911.0
577061,22110,BIRD HOUSE HOT WATER BOTTLE,6,2011-11-17 14:40:00,2.55,14911.0
577061,21484,CHICK GREY HOT WATER BOTTLE,4,2011-11-17 14:40:00,4.25,14911.0
577061,23084,RABBIT NIGHT LIGHT,12,2011-11-17 14:40:00,2.08,14911.0
577061,23083,SET 6 PAPER TABLE LANTERN STARS,12,2011-11-17 14:40:00,3.75,14911.0
577061,23109,PACK OF SIX LED TEA LIGHTS,6,2011-11-17 14:40:00,2.89,14911.0
577061,20761,BLUE PAISLEY SKETCHBOOK,4,2011-11-17 14:40:00,3.75,14911.0
577061,20764,ABSTRACT CIRCLES SKETCHBOOK,4,2011-11-17 14:40:00,3.75,14911.0
577061,21733,RED HANGING HEART T-LIGHT HOLDER,12,2011-11-17 14:40:00,2.95,14911.0
577061,85123A,WHITE HANGING HEART T-LIGHT HOLDER,12,2011-11-17 14:40:00,2.95,14911.0
577355,23171,REGENCY TEA PLATE GREEN,12,2011-11-18 15:53:00,1.65,14911.0
577355,22423,REGENCY CAKESTAND 3 TIER,2,2011-11-18 15:53:00,12.75,14911.0
577355,23175,REGENCY MILK JUG PINK,4,2011-11-18 15:53:00,3.25,14911.0
577355,23174,REGENCY SUGAR BOWL GREEN,4,2011-11-18 15:53:00,4.15,14911.0
577355,23173,REGENCY TEAPOT ROSES,2,2011-11-18 15:53:00,9.95,14911.0
577355,21871,SAVE THE PLANET MUG,12,2011-11-18 15:53:00,1.65,14911.0
577355,23144,ZINC T-LIGHT HOLDER STARS SMALL,12,2011-11-18 15:53:00,0.83,14911.0
577355,85123A,WHITE HANGING HEART T-LIGHT HOLDER,12,2011-11-18 15:53:00,2.95,14911.0
577355,71459,HANGING JAM JAR T-LIGHT HOLDERS,24,2011-11-18 15:53:00,0.85,14911.0
577355,23413,DECORATIVE VINTAGE COFFEE  BOX,3,2011-11-18 15:53:00,4.95,14911.0
577355,23403,LETTER HOLDER HOME SWEET HOME,4,2011-11-18 15:53:00,3.75,14911.0
577355,23490,T-LIGHT HOLDER HANGING LOVE BIRD,6,2011-11-18 15:53:00,3.75,14911.0
577355,22942,CHRISTMAS LIGHTS 10 SANTAS,2,2011-11-18 15:53:00,8.5,14911.0
577355,23085,ANTIQUE SILVER BAUBLE LAMP,2,2011-11-18 15:53:00,10.4,14911.0
577355,23083,SET 6 PAPER TABLE LANTERN STARS,6,2011-11-18 15:53:00,3.75,14911.0
577355,23109,PACK OF SIX LED TEA LIGHTS,6,2011-11-18 15:53:00,2.89,14911.0
577355,23040,PAPER LANTERN 9 POINT SNOW STAR,3,2011-11-18 15:53:00,5.75,14911.0
577355,23046,PAPER LANTERN 9 POINT DELUXE STAR,2,2011-11-18 15:53:00,6.65,14911.0
577355,23271,CHRISTMAS TABLE SILVER CANDLE SPIKE,16,2011-11-18 15:53:00,0.83,14911.0
577355,22809,SET OF 6 T-LIGHTS SANTA,6,2011-11-18 15:53:00,2.95,14911.0
577355,22141,CHRISTMAS CRAFT TREE TOP ANGEL,6,2011-11-18 15:53:00,2.1,14911.0
577355,22940,FELTCRAFT CHRISTMAS FAIRY,4,2011-11-18 15:53:00,4.25,14911.0
577355,23157,SET OF 6 NATIVITY MAGNETS,12,2011-11-18 15:53:00,2.08,14911.0
577355,22078,RIBBON REEL LACE DESIGN,10,2011-11-18 15:53:00,2.1,14911.0
577355,23479,WIRE EGG BASKET,2,2011-11-18 15:53:00,7.85,14911.0
577355,71477,COLOUR GLASS. STAR T-LIGHT HOLDER,4,2011-11-18 15:53:00,3.95,14911.0
577355,23245,SET OF 3 REGENCY CAKE TINS,4,2011-11-18 15:53:00,4.95,14911.0
577355,79321,CHILLI LIGHTS,4,2011-11-18 15:53:00,5.75,14911.0
577355,23189,SET OF 12 FORK CANDLES,6,2011-11-18 15:53:00,2.89,14911.0
577355,23108,SET OF 10 LED DOLLY LIGHTS,4,2011-11-18 15:53:00,6.25,14911.0
577355,22139,RETROSPOT TEA SET CERAMIC 11 PC,3,2011-11-18 15:53:00,4.95,14911.0
577355,22138,BAKING SET 9 PIECE RETROSPOT,3,2011-11-18 15:53:00,4.95,14911.0
577355,23126,FELTCRAFT GIRL AMELIE KIT,4,2011-11-18 15:53:00,4.95,14911.0
577355,22030,SWALLOWS GREETING CARD,12,2011-11-18 15:53:00,0.42,14911.0
577355,22028,PENNY FARTHING BIRTHDAY CARD,12,2011-11-18 15:53:00,0.42,14911.0
577355,22835,HOT WATER BOTTLE I AM SO POORLY,4,2011-11-18 15:53:00,4.95,14911.0
577355,22113,GREY HEART HOT WATER BOTTLE,4,2011-11-18 15:53:00,4.25,14911.0
577355,22969,HOMEMADE JAM SCENTED CANDLES,12,2011-11-18 15:53:00,1.45,14911.0
577355,22699,ROSES REGENCY TEACUP AND SAUCER,6,2011-11-18 15:53:00,2.95,14911.0
577355,22698,PINK REGENCY TEACUP AND SAUCER,6,2011-11-18 15:53:00,2.95,14911.0
577355,22697,GREEN REGENCY TEACUP AND SAUCER,6,2011-11-18 15:53:00,2.95,14911.0
577355,23170,REGENCY TEA PLATE ROSES,12,2011-11-18 15:53:00,1.65,14911.0
577355,20970,PINK FLORAL FELTCRAFT SHOULDER BAG,4,2011-11-18 15:53:00,3.75,14911.0
577355,23172,REGENCY TEA PLATE PINK,12,2011-11-18 15:53:00,1.65,14911.0
C577384,21313,GLASS HEART T-LIGHT HOLDER,-10,2011-11-18 16:50:00,0.64,14156.0
C577388,22699,ROSES REGENCY TEACUP AND SAUCER,-6,2011-11-18 16:58:00,2.95,14911.0
C577388,22698,PINK REGENCY TEACUP AND SAUCER,-1,2011-11-18 16:58:00,2.95,14911.0
C577388,22697,GREEN REGENCY TEACUP AND SAUCER,-5,2011-11-18 16:58:00,2.95,14911.0
C577388,22182,CAKE STAND VICTORIAN FILIGREE SMALL,-1,2011-11-18 16:58:00,4.95,14911.0
C577388,22507,MEMO BOARD RETROSPOT  DESIGN,-3,2011-11-18 16:58:00,4.95,14911.0
C577388,22941,CHRISTMAS LIGHTS 10 REINDEER,-1,2011-11-18 16:58:00,8.5,14911.0
C577388,22423,REGENCY CAKESTAND 3 TIER,-1,2011-11-18 16:58:00,12.75,14911.0
C577388,23454,THREE MINI HANGING FRAMES,-2,2011-11-18 16:58:00,4.15,14911.0
C577388,21429,RED GINGHAM ROSE JEWELLERY BOX,-2,2011-11-18 16:58:00,1.95,14911.0
C577388,23118,PARISIENNE JEWELLERY DRAWER,-1,2011-11-18 16:58:00,7.5,14911.0
577479,20725,LUNCH BAG RED RETROSPOT,10,2011-11-20 11:34:00,1.65,14911.0
577479,20727,LUNCH BAG  BLACK SKULL.,10,2011-11-20 11:34:00,1.65,14911.0
577479,20829,GLITTER HANGING BUTTERFLY STRING,8,2011-11-20 11:34:00,2.1,14911.0
577479,23275,SET OF 3 HANGING OWLS OLLIE BEAK,12,2011-11-20 11:34:00,1.25,14911.0
577479,21906,PHARMACIE FIRST AID TIN,4,2011-11-20 11:34:00,6.75,14911.0
577479,23197,SKETCHBOOK MAGNETIC SHOPPING LIST,12,2011-11-20 11:34:00,1.45,14911.0
577479,35001G,HAND OPEN SHAPE GOLD,6,2011-11-20 11:34:00,4.25,14911.0
577479,21704,BAG 250g SWIRLY MARBLES,12,2011-11-20 11:34:00,0.85,14911.0
577479,21258,VICTORIAN SEWING BOX LARGE,2,2011-11-20 11:34:00,12.75,14911.0
577479,21259,VICTORIAN SEWING BOX SMALL,2,2011-11-20 11:34:00,5.95,14911.0
577479,21891,TRADITIONAL WOODEN SKIPPING ROPE,12,2011-11-20 11:34:00,1.45,14911.0
577479,21914,BLUE HARMONICA IN BOX,12,2011-11-20 11:34:00,1.25,14911.0
577479,22580,ADVENT CALENDAR GINGHAM SACK,6,2011-11-20 11:34:00,5.95,14911.0
577479,23081,GREEN METAL BOX ARMY SUPPLIES,4,2011-11-20 11:34:00,8.25,14911.0
577479,22282,12 EGG HOUSE PAINTED WOOD,8,2011-11-20 11:34:00,10.95,14911.0
577479,22483,RED GINGHAM TEDDY BEAR,6,2011-11-20 11:34:00,2.95,14911.0
577479,22175,PINK OWL SOFT TOY,12,2011-11-20 11:34:00,2.95,14911.0
577479,23491,VINTAGE JINGLE BELLS HEART,4,2011-11-20 11:34:00,8.25,14911.0
577479,22469,HEART OF WICKER SMALL,12,2011-11-20 11:34:00,1.65,14911.0
577479,22197,POPCORN HOLDER,12,2011-11-20 11:34:00,0.85,14911.0
577479,90057,DIAMANTE RING ASSORTED IN BOX.,24,2011-11-20 11:34:00,1.25,14911.0
577479,22579,WOODEN TREE CHRISTMAS SCANDINAVIAN,24,2011-11-20 11:34:00,0.29,14911.0
577479,22578,WOODEN STAR CHRISTMAS SCANDINAVIAN,24,2011-11-20 11:34:00,0.29,14911.0
577479,22944,CHRISTMAS METAL POSTCARD WITH BELLS,72,2011-11-20 11:34:00,0.39,14911.0
577479,23263,SET OF 3 WOODEN HEART DECORATIONS,12,2011-11-20 11:34:00,1.25,14911.0
577479,23265,SET OF 3 WOODEN TREE DECORATIONS,12,2011-11-20 11:34:00,1.25,14911.0
577479,23328,SET 6 SCHOOL MILK BOTTLES IN CRATE,4,2011-11-20 11:34:00,3.75,14911.0
577479,21428,SET3 BOOK BOX GREEN GINGHAM FLOWER,12,2011-11-20 11:34:00,4.25,14911.0
577479,21430,SET/3 RED GINGHAM ROSE STORAGE BOX,12,2011-11-20 11:34:00,3.75,14911.0
577479,23486,ANTIQUE HEART SHELF UNIT,1,2011-11-20 11:34:00,16.65,14911.0
577479,20914,SET/5 RED RETROSPOT LID GLASS BOWLS,12,2011-11-20 11:34:00,2.95,14911.0
577479,82613C,"METAL SIGN,CUPCAKE SINGLE HOOK",8,2011-11-20 11:34:00,1.25,14911.0
577479,22912,YELLOW COAT RACK PARIS FASHION,3,2011-11-20 11:34:00,4.95,14911.0
577479,22794,SWEETHEART WIRE MAGAZINE RACK,2,2011-11-20 11:34:00,7.95,14911.0
577479,22317,FIVE CATS HANGING DECORATION,6,2011-11-20 11:34:00,2.95,14911.0
577479,22318,FIVE HEART HANGING DECORATION,6,2011-11-20 11:34:00,2.95,14911.0
577479,22766,PHOTO FRAME CORNICE,8,2011-11-20 11:34:00,2.95,14911.0
577479,85024B,EAU DE NILE JEWELLED PHOTOFRAME,12,2011-11-20 11:34:00,1.65,14911.0
577479,21429,RED GINGHAM ROSE JEWELLERY BOX,8,2011-11-20 11:34:00,1.95,14911.0
577479,23150,IVORY SWEETHEART SOAP DISH,6,2011-11-20 11:34:00,2.49,14911.0
577479,22110,BIRD HOUSE HOT WATER BOTTLE,6,2011-11-20 11:34:00,2.55,14911.0
577607,22947,WOODEN ADVENT CALENDAR RED,12,2011-11-21 09:21:00,7.95,14911.0
577613,20979,36 PENCILS TUBE RED RETROSPOT,16,2011-11-21 10:02:00,1.25,14911.0
577613,22489,PACK OF 12 TRADITIONAL CRAYONS,24,2011-11-21 10:02:00,0.42,14911.0
577613,22438,BALLOON ART MAKE YOUR OWN FLOWERS,10,2011-11-21 10:02:00,1.95,14911.0
577613,23155,KNICKERBOCKERGLORY MAGNET ASSORTED,12,2011-11-21 10:02:00,0.83,14911.0
577613,21913,VINTAGE SEASIDE JIGSAW PUZZLES,4,2011-11-21 10:02:00,3.75,14911.0
577613,22138,BAKING SET 9 PIECE RETROSPOT,3,2011-11-21 10:02:00,4.95,14911.0
577613,23502,PLAYING CARDS VINTAGE DOILY,12,2011-11-21 10:02:00,1.25,14911.0
577613,21912,VINTAGE SNAKES & LADDERS,4,2011-11-21 10:02:00,3.75,14911.0
577613,22554,PLASTERS IN TIN WOODLAND ANIMALS,12,2011-11-21 10:02:00,1.65,14911.0
577613,21983,PACK OF 12 BLUE PAISLEY TISSUES,24,2011-11-21 10:02:00,0.39,14911.0
577613,21980,PACK OF 12 RED RETROSPOT TISSUES,24,2011-11-21 10:02:00,0.39,14911.0
577613,21985,PACK OF 12 HEARTS DESIGN TISSUES,24,2011-11-21 10:02:00,0.39,14911.0
577613,23378,PACK OF 12 50'S CHRISTMAS TISSUES,24,2011-11-21 10:02:00,0.39,14911.0
577613,23551,PACK OF 12 PAISLEY PARK TISSUES,24,2011-11-21 10:02:00,0.39,14911.0
577613,22328,ROUND SNACK BOXES SET OF 4 FRUITS,6,2011-11-21 10:02:00,2.95,14911.0
577613,22939,ADULT APRON APPLE DELIGHT,4,2011-11-21 10:02:00,4.95,14911.0
577613,22898,CHILDRENS APRON APPLES DESIGN,8,2011-11-21 10:02:00,1.95,14911.0
577613,23433,HANGING QUILTED PATCHWORK APPLES,12,2011-11-21 10:02:00,0.83,14911.0
577613,23298,SPOTTY BUNTING,3,2011-11-21 10:02:00,4.95,14911.0
577613,47566,PARTY BUNTING,4,2011-11-21 10:02:00,4.95,14911.0
577613,23493,VINTAGE DOILY TRAVEL SEWING KIT,10,2011-11-21 10:02:00,1.95,14911.0
577613,23494,VINTAGE DOILY DELUXE SEWING KIT,3,2011-11-21 10:02:00,5.95,14911.0
577613,21523,DOORMAT FANCY FONT HOME SWEET HOME,2,2011-11-21 10:02:00,8.25,14911.0
577613,48129,DOORMAT TOPIARY,2,2011-11-21 10:02:00,8.25,14911.0
577613,48194,DOORMAT HEARTS,2,2011-11-21 10:02:00,8.25,14911.0
577613,22605,WOODEN CROQUET GARDEN SET,3,2011-11-21 10:02:00,14.95,14911.0
577613,84347,ROTATING SILVER ANGELS T-LIGHT HLDR,6,2011-11-21 10:02:00,2.55,14911.0
577613,22909,SET OF 20 VINTAGE CHRISTMAS NAPKINS,12,2011-11-21 10:02:00,0.85,14911.0
577613,23351,ROLL WRAP 50'S CHRISTMAS,12,2011-11-21 10:02:00,1.25,14911.0
577613,23349,ROLL WRAP VINTAGE CHRISTMAS,12,2011-11-21 10:02:00,1.25,14911.0
577613,16156S,WRAP PINK FAIRY CAKES,25,2011-11-21 10:02:00,0.42,14911.0
577613,22985,WRAP BILLBOARD FONTS DESIGN,25,2011-11-21 10:02:00,0.42,14911.0
577613,21122,SET/10 PINK POLKADOT PARTY CANDLES,24,2011-11-21 10:02:00,1.25,14911.0
577613,21124,SET/10 BLUE POLKADOT PARTY CANDLES,24,2011-11-21 10:02:00,1.25,14911.0
577613,21121,SET/10 RED POLKADOT PARTY CANDLES,24,2011-11-21 10:02:00,1.25,14911.0
577613,21485,RETROSPOT HEART HOT WATER BOTTLE,3,2011-11-21 10:02:00,4.95,14911.0
577613,22113,GREY HEART HOT WATER BOTTLE,4,2011-11-21 10:02:00,4.25,14911.0
577613,22111,SCOTTIE DOG HOT WATER BOTTLE,3,2011-11-21 10:02:00,4.95,14911.0
577613,21577,SAVE THE PLANET COTTON TOTE BAG,6,2011-11-21 10:02:00,2.25,14911.0
577613,23359,SET OF 12 T-LIGHTS VINTAGE DOILY,12,2011-11-21 10:02:00,1.95,14911.0
577613,21212,PACK OF 72 RETROSPOT CAKE CASES,24,2011-11-21 10:02:00,0.55,14911.0
577613,21210,SET OF 72 RETROSPOT PAPER  DOILIES,12,2011-11-21 10:02:00,1.45,14911.0
577613,21080,SET/20 RED RETROSPOT PAPER NAPKINS,12,2011-11-21 10:02:00,0.85,14911.0
577613,21977,PACK OF 60 PINK PAISLEY CAKE CASES,24,2011-11-21 10:02:00,0.55,14911.0
577613,21974,SET OF 36 PAISLEY FLOWER DOILIES,12,2011-11-21 10:02:00,1.45,14911.0
577613,22851,SET 20 NAPKINS FAIRY CAKES DESIGN,12,2011-11-21 10:02:00,0.85,14911.0
577613,84991,60 TEATIME FAIRY CAKE CASES,24,2011-11-21 10:02:00,0.55,14911.0
577613,84987,SET OF 36 TEATIME PAPER DOILIES,12,2011-11-21 10:02:00,1.45,14911.0
577613,84509A,SET OF 4 ENGLISH ROSE PLACEMATS,4,2011-11-21 10:02:00,3.75,14911.0
577613,84510A,SET OF 4 ENGLISH ROSE COASTERS,10,2011-11-21 10:02:00,1.25,14911.0
C577828,23318,BOX OF 6 MINI VINTAGE CRACKERS,-11,2011-11-22 09:53:00,2.08,14911.0
577850,23415,HOME SWEET HOME HOOK,12,2011-11-22 11:04:00,1.65,14911.0
577850,23422,PANTRY HOOK BALLOON WHISK,12,2011-11-22 11:04:00,2.08,14911.0
577850,23423,PANTRY 3 HOOK ROLLING PIN HANGER,6,2011-11-22 11:04:00,3.75,14911.0
577850,22978,PANTRY ROLLING PIN,6,2011-11-22 11:04:00,3.75,14911.0
577850,22252,BIRDCAGE DECORATION TEALIGHT HOLDER,12,2011-11-22 11:04:00,1.25,14911.0
577850,23090,VINTAGE GLASS T-LIGHT HOLDER,12,2011-11-22 11:04:00,0.83,14911.0
577850,23429,RED RETRO KITCHEN WALL CLOCK,2,2011-11-22 11:04:00,8.15,14911.0
577850,23430,BLUE RETRO KITCHEN WALL CLOCK,2,2011-11-22 11:04:00,8.15,14911.0
577850,23428,IVORY RETRO KITCHEN WALL CLOCK,2,2011-11-22 11:04:00,8.15,14911.0
577850,22186,RED STAR CARD HOLDER,12,2011-11-22 11:04:00,1.95,14911.0
577850,23485,BOTANICAL GARDENS WALL CLOCK,4,2011-11-22 11:04:00,20.8,14911.0
577850,23479,WIRE EGG BASKET,2,2011-11-22 11:04:00,7.85,14911.0
577850,23569,TRADTIONAL ALPHABET STAMP SET,12,2011-11-22 11:04:00,4.95,14911.0
577850,21015,DARK BIRD HOUSE TREE DECORATION,24,2011-11-22 11:04:00,0.29,14911.0
577850,21616,4 PEAR BOTANICAL DINNER CANDLES,12,2011-11-22 11:04:00,1.25,14911.0
577850,22340,NOEL GARLAND PAINTED ZINC,24,2011-11-22 11:04:00,0.39,14911.0
577850,22577,WOODEN HEART CHRISTMAS SCANDINAVIAN,24,2011-11-22 11:04:00,0.29,14911.0
577850,22578,WOODEN STAR CHRISTMAS SCANDINAVIAN,24,2011-11-22 11:04:00,0.29,14911.0
577850,22338,STAR DECORATION PAINTED ZINC,96,2011-11-22 11:04:00,0.19,14911.0
577850,22579,WOODEN TREE CHRISTMAS SCANDINAVIAN,24,2011-11-22 11:04:00,0.29,14911.0
577850,21530,DAIRY MAID TOASTRACK,18,2011-11-22 11:04:00,0.79,14911.0
577850,85015,SET OF 12  VINTAGE POSTCARD SET,24,2011-11-22 11:04:00,0.65,14911.0
577850,23084,RABBIT NIGHT LIGHT,6,2011-11-22 11:04:00,2.08,14911.0
577850,21212,PACK OF 72 RETROSPOT CAKE CASES,24,2011-11-22 11:04:00,0.55,14911.0
577850,84946,ANTIQUE SILVER T-LIGHT GLASS,12,2011-11-22 11:04:00,1.25,14911.0
577850,22573,STAR WOODEN CHRISTMAS DECORATION,24,2011-11-22 11:04:00,0.85,14911.0
577850,22576,SWALLOW WOODEN CHRISTMAS DECORATION,12,2011-11-22 11:04:00,0.85,14911.0
577850,22603,CHRISTMAS RETROSPOT TREE WOOD,12,2011-11-22 11:04:00,0.85,14911.0
577850,22601,CHRISTMAS RETROSPOT ANGEL WOOD,12,2011-11-22 11:04:00,0.85,14911.0
577850,23266,SET OF 3 WOODEN STOCKING DECORATION,12,2011-11-22 11:04:00,1.25,14911.0
577850,85199S,SMALL HANGING IVORY/RED WOOD BIRD,24,2011-11-22 11:04:00,0.42,14911.0
577850,35961,FOLKART ZINC HEART CHRISTMAS DEC,12,2011-11-22 11:04:00,0.85,14911.0
577850,23218,LAUREL STAR ANTIQUE GOLD,12,2011-11-22 11:04:00,1.25,14911.0
577850,23220,REINDEER HEART DECORATION GOLD,12,2011-11-22 11:04:00,0.83,14911.0
577850,23211,RED ROCKING HORSE HAND PAINTED,24,2011-11-22 11:04:00,1.25,14911.0
577850,22694,WICKER STAR,6,2011-11-22 11:04:00,2.1,14911.0
577850,23213,STAR WREATH DECORATION WITH BELL,12,2011-11-22 11:04:00,1.25,14911.0
577850,23311,VINTAGE CHRISTMAS STOCKING,6,2011-11-22 11:04:00,2.55,14911.0
577850,22086,PAPER CHAIN KIT 50'S CHRISTMAS,6,2011-11-22 11:04:00,2.95,14911.0
577850,22141,CHRISTMAS CRAFT TREE TOP ANGEL,6,2011-11-22 11:04:00,2.1,14911.0
577850,22142,CHRISTMAS CRAFT WHITE FAIRY,12,2011-11-22 11:04:00,1.45,14911.0
577850,21080,SET/20 RED RETROSPOT PAPER NAPKINS,12,2011-11-22 11:04:00,0.85,14911.0
577850,22966,GINGERBREAD MAN COOKIE CUTTER,12,2011-11-22 11:04:00,1.25,14911.0
577850,22965,3 TRADITIONAl BISCUIT CUTTERS  SET,6,2011-11-22 11:04:00,2.1,14911.0
577850,22846,BREAD BIN DINER STYLE RED,4,2011-11-22 11:04:00,14.95,14911.0
577850,84992,72 SWEETHEART FAIRY CAKE CASES,24,2011-11-22 11:04:00,0.55,14911.0
577850,22979,PANTRY WASHING UP BRUSH,12,2011-11-22 11:04:00,1.45,14911.0
577850,22348,TEA BAG PLATE RED RETROSPOT,12,2011-11-22 11:04:00,0.85,14911.0
577850,23495,SET OF 3 PANTRY WOODEN SPOONS,12,2011-11-22 11:04:00,1.25,14911.0
577850,22627,MINT KITCHEN SCALES,2,2011-11-22 11:04:00,8.5,14911.0
577850,23451,SQUARE MINI PORTRAIT FRAME,6,2011-11-22 11:04:00,1.95,14911.0
577850,23452,HEART MINI PORTRAIT FRAME,6,2011-11-22 11:04:00,1.95,14911.0
577850,21986,PACK OF 12 PINK POLKADOT TISSUES,24,2011-11-22 11:04:00,0.39,14911.0
577850,21980,PACK OF 12 RED RETROSPOT TISSUES,24,2011-11-22 11:04:00,0.39,14911.0
577850,23380,PACK OF 12 VINTAGE DOILY TISSUES,24,2011-11-22 11:04:00,0.39,14911.0
577850,22111,SCOTTIE DOG HOT WATER BOTTLE,6,2011-11-22 11:04:00,4.95,14911.0
577850,22113,GREY HEART HOT WATER BOTTLE,8,2011-11-22 11:04:00,4.25,14911.0
577850,21485,RETROSPOT HEART HOT WATER BOTTLE,6,2011-11-22 11:04:00,4.95,14911.0
577850,23356,LOVE HOT WATER BOTTLE,6,2011-11-22 11:04:00,5.95,14911.0
577850,23138,SINGLE WIRE HOOK IVORY HEART,12,2011-11-22 11:04:00,1.45,14911.0
577850,23147,SINGLE ANTIQUE ROSE HOOK IVORY,12,2011-11-22 11:04:00,1.45,14911.0
577850,23148,MINIATURE ANTIQUE ROSE HOOK IVORY,24,2011-11-22 11:04:00,0.83,14911.0
577850,23146,TRIPLE HOOK ANTIQUE IVORY ROSE,4,2011-11-22 11:04:00,3.29,14911.0
578054,23329,DECORATIVE WICKER HEART LARGE,12,2011-11-22 14:59:00,1.65,14911.0
578054,23332,IVORY WICKER HEART LARGE,12,2011-11-22 14:59:00,1.65,14911.0
578054,23333,IVORY WICKER HEART MEDIUM,12,2011-11-22 14:59:00,1.25,14911.0
578054,23330,DECORATIVE WICKER HEART MEDIUM,12,2011-11-22 14:59:00,1.25,14911.0
578054,85123A,WHITE HANGING HEART T-LIGHT HOLDER,160,2011-11-22 14:59:00,2.55,14911.0
578054,22739,RIBBON REEL CHRISTMAS SOCK BAUBLE,10,2011-11-22 14:59:00,1.65,14911.0
578054,22622,BOX OF VINTAGE ALPHABET BLOCKS,2,2011-11-22 14:59:00,11.95,14911.0
578054,C2,CARRIAGE,1,2011-11-22 14:59:00,50.0,14911.0
578054,23323,WHITE WICKER STAR,6,2011-11-22 14:59:00,2.1,14911.0
578054,23322,LARGE WHITE HEART OF WICKER,12,2011-11-22 14:59:00,2.95,14911.0
578093,22579,WOODEN TREE CHRISTMAS SCANDINAVIAN,24,2011-11-22 17:21:00,0.29,14911.0
578093,22578,WOODEN STAR CHRISTMAS SCANDINAVIAN,24,2011-11-22 17:21:00,0.29,14911.0
578093,22577,WOODEN HEART CHRISTMAS SCANDINAVIAN,24,2011-11-22 17:21:00,0.29,14911.0
578093,21500,PINK POLKADOT WRAP,75,2011-11-22 17:21:00,0.42,14911.0
578093,22571,ROCKING HORSE RED CHRISTMAS,24,2011-11-22 17:21:00,0.85,14911.0
578093,21499,BLUE POLKADOT WRAP,50,2011-11-22 17:21:00,0.42,14911.0
578093,16169E,WRAP 50'S  CHRISTMAS,50,2011-11-22 17:21:00,0.42,14911.0
578093,21498,RED RETROSPOT WRAP,50,2011-11-22 17:21:00,0.42,14911.0
578093,22465,HANGING METAL STAR LANTERN,12,2011-11-22 17:21:00,1.65,14911.0
578093,22270,HAPPY EASTER HANGING DECORATION,4,2011-11-22 17:21:00,3.75,14911.0
578093,21428,SET3 BOOK BOX GREEN GINGHAM FLOWER,4,2011-11-22 17:21:00,4.25,14911.0
578093,21430,SET/3 RED GINGHAM ROSE STORAGE BOX,4,2011-11-22 17:21:00,3.75,14911.0
578093,22668,PINK BABY BUNTING,5,2011-11-22 17:21:00,2.95,14911.0
578093,23265,SET OF 3 WOODEN TREE DECORATIONS,12,2011-11-22 17:21:00,1.25,14911.0
578093,23354,6 GIFT TAGS 50'S CHRISTMAS,12,2011-11-22 17:21:00,0.83,14911.0
578093,22776,SWEETHEART 3 TIER CAKE STAND,1,2011-11-22 17:21:00,9.95,14911.0
578093,C2,CARRIAGE,1,2011-11-22 17:21:00,50.0,14911.0
578105,C2,CARRIAGE,1,2011-11-23 08:47:00,50.0,14911.0
578105,23295,SET OF 12 MINI LOAF BAKING CASES,8,2011-11-23 08:47:00,0.83,14911.0
578105,21791,VINTAGE HEADS AND TAILS CARD GAME,12,2011-11-23 08:47:00,1.25,14911.0
578105,23426,METAL SIGN DROP YOUR PANTS,6,2011-11-23 08:47:00,2.89,14911.0
578105,22282,12 EGG HOUSE PAINTED WOOD,3,2011-11-23 08:47:00,12.75,14911.0
578105,47559B,TEA TIME OVEN GLOVE,12,2011-11-23 08:47:00,1.25,14911.0
578105,22961,JAM MAKING SET PRINTED,12,2011-11-23 08:47:00,1.45,14911.0
578105,22666,RECIPE BOX PANTRY YELLOW DESIGN,6,2011-11-23 08:47:00,2.95,14911.0
C578136,71477,COLOURED GLASS STAR T-LIGHT HOLDER,-2,2011-11-23 10:57:00,3.95,14156.0
C578136,23328,SET 6 SCHOOL MILK BOTTLES IN CRATE,-1,2011-11-23 10:57:00,3.75,14156.0
C578136,23325,RUSTIC STRAWBERRY JAM POT SMALL,-5,2011-11-23 10:57:00,1.65,14156.0
C578136,23173,REGENCY TEAPOT ROSES,-1,2011-11-23 10:57:00,9.95,14156.0
578331,22423,REGENCY CAKESTAND 3 TIER,2,2011-11-24 08:44:00,12.75,14911.0
578331,22698,PINK REGENCY TEACUP AND SAUCER,6,2011-11-24 08:44:00,2.95,14911.0
578331,22699,ROSES REGENCY TEACUP AND SAUCER,6,2011-11-24 08:44:00,2.95,14911.0
578331,22697,GREEN REGENCY TEACUP AND SAUCER,6,2011-11-24 08:44:00,2.95,14911.0
578331,22065,CHRISTMAS PUDDING TRINKET POT,48,2011-11-24 08:44:00,0.39,14911.0
578331,21993,FLORAL FOLK STATIONERY SET,12,2011-11-24 08:44:00,1.25,14911.0
578331,22066,LOVE HEART TRINKET POT,48,2011-11-24 08:44:00,0.39,14911.0
578331,21790,VINTAGE SNAP CARDS,12,2011-11-24 08:44:00,0.85,14911.0
578331,85136C,RED SHARK HELICOPTER,2,2011-11-24 08:44:00,7.95,14911.0
578331,C2,CARRIAGE,1,2011-11-24 08:44:00,50.0,14911.0
578792,23490,T-LIGHT HOLDER HANGING LOVE BIRD,36,2011-11-25 12:20:00,3.29,14911.0
578792,20983,12 PENCILS TALL TUBE RED RETROSPOT,12,2011-11-25 12:20:00,0.85,14911.0
578792,21733,RED HANGING HEART T-LIGHT HOLDER,32,2011-11-25 12:20:00,2.55,14911.0
578792,21258,VICTORIAN SEWING BOX LARGE,1,2011-11-25 12:20:00,12.75,14911.0
578792,23201,JUMBO BAG ALPHABET,10,2011-11-25 12:20:00,2.08,14911.0
578792,C2,CARRIAGE,1,2011-11-25 12:20:00,50.0,14911.0
578994,37500,TEA TIME TEAPOT IN GIFT BOX,24,2011-11-27 15:44:00,4.95,14911.0
578994,84509B,SET OF 4 FAIRY CAKE PLACEMATS,12,2011-11-27 15:44:00,3.75,14911.0
578994,47591D,PINK FAIRY CAKE CHILDRENS APRON,8,2011-11-27 15:44:00,1.95,14911.0
578994,84509G,SET OF 4 FAIRY CAKE PLACEMATS,8,2011-11-27 15:44:00,3.75,14911.0
578994,23287,RED VINTAGE SPOT BEAKER,16,2011-11-27 15:44:00,0.85,14911.0
578994,22666,RECIPE BOX PANTRY YELLOW DESIGN,6,2011-11-27 15:44:00,2.95,14911.0
578994,22993,SET OF 4 PANTRY JELLY MOULDS,12,2011-11-27 15:44:00,1.25,14911.0
578994,22423,REGENCY CAKESTAND 3 TIER,16,2011-11-27 15:44:00,10.95,14911.0
578994,22699,ROSES REGENCY TEACUP AND SAUCER,12,2011-11-27 15:44:00,2.95,14911.0
578994,37475,SET/4 COLOURFUL MIXING BOWLS,6,2011-11-27 15:44:00,8.49,14911.0
578994,20914,SET/5 RED RETROSPOT LID GLASS BOWLS,6,2011-11-27 15:44:00,2.95,14911.0
578994,21154,RED RETROSPOT OVEN GLOVE,10,2011-11-27 15:44:00,1.25,14911.0
578994,21156,RETROSPOT CHILDRENS APRON,8,2011-11-27 15:44:00,1.95,14911.0
578994,21238,RED RETROSPOT CUP,8,2011-11-27 15:44:00,0.85,14911.0
578994,21242,RED RETROSPOT PLATE,8,2011-11-27 15:44:00,1.69,14911.0
578994,21537,RED RETROSPOT PUDDING BOWL,12,2011-11-27 15:44:00,4.25,14911.0
578994,21843,RED RETROSPOT CAKE STAND,5,2011-11-27 15:44:00,10.95,14911.0
578994,22139,RETROSPOT TEA SET CERAMIC 11 PC,6,2011-11-27 15:44:00,4.95,14911.0
578994,22348,TEA BAG PLATE RED RETROSPOT,24,2011-11-27 15:44:00,0.85,14911.0
578994,22667,RECIPE BOX RETROSPOT,6,2011-11-27 15:44:00,2.95,14911.0
578994,22635,CHILDS BREAKFAST SET DOLLY GIRL,4,2011-11-27 15:44:00,9.95,14911.0
578994,23254,CHILDRENS CUTLERY DOLLY GIRL,8,2011-11-27 15:44:00,4.15,14911.0
579069,22739,RIBBON REEL CHRISTMAS SOCK BAUBLE,10,2011-11-28 10:31:00,1.65,14911.0
579069,22736,RIBBON REEL MAKING SNOWMEN,10,2011-11-28 10:31:00,1.65,14911.0
579069,22771,CLEAR DRAWER KNOB ACRYLIC EDWARDIAN,12,2011-11-28 10:31:00,1.25,14911.0
579069,22772,PINK DRAWER KNOB ACRYLIC EDWARDIAN,12,2011-11-28 10:31:00,1.25,14911.0
579069,22773,GREEN DRAWER KNOB ACRYLIC EDWARDIAN,12,2011-11-28 10:31:00,1.25,14911.0
579069,22774,RED DRAWER KNOB ACRYLIC EDWARDIAN,12,2011-11-28 10:31:00,1.25,14911.0
579069,23025,DRAWER KNOB VINTAGE GLASS BALL,6,2011-11-28 10:31:00,2.08,14911.0
579069,23031,DRAWER KNOB CRACKLE GLAZE PINK,6,2011-11-28 10:31:00,1.65,14911.0
579069,22467,GUMBALL COAT RACK,6,2011-11-28 10:31:00,2.55,14911.0
579069,23146,TRIPLE HOOK ANTIQUE IVORY ROSE,4,2011-11-28 10:31:00,3.29,14911.0
579069,22185,SLATE TILE NATURAL HANGING,24,2011-11-28 10:31:00,1.65,14911.0
579069,21172,PARTY METAL SIGN,12,2011-11-28 10:31:00,1.45,14911.0
579069,85150,LADIES & GENTLEMEN METAL SIGN,6,2011-11-28 10:31:00,2.55,14911.0
579069,23542,WALL ART 70'S ALPHABET,2,2011-11-28 10:31:00,8.25,14911.0
579069,21918,SET 12 KIDS COLOUR  CHALK STICKS,24,2011-11-28 10:31:00,0.42,14911.0
579069,23472,NINE DRAWER OFFICE TIDY,2,2011-11-28 10:31:00,14.95,14911.0
579069,23458,DOLLY CABINET 3 DRAWERS,2,2011-11-28 10:31:00,14.95,14911.0
579069,22139,RETROSPOT TEA SET CERAMIC 11 PC,3,2011-11-28 10:31:00,4.95,14911.0
579069,21912,VINTAGE SNAKES & LADDERS,8,2011-11-28 10:31:00,3.75,14911.0
579069,22622,BOX OF VINTAGE ALPHABET BLOCKS,2,2011-11-28 10:31:00,11.95,14911.0
579069,21790,VINTAGE SNAP CARDS,12,2011-11-28 10:31:00,0.85,14911.0
579069,21888,BINGO SET,8,2011-11-28 10:31:00,3.75,14911.0
579069,22623,BOX OF VINTAGE JIGSAW BLOCKS,6,2011-11-28 10:31:00,5.95,14911.0
579069,23121,PACK OF 6 COCKTAIL PARASOL STRAWS,24,2011-11-28 10:31:00,0.42,14911.0
579069,23122,PARTY CHARMS 50 PIECES,12,2011-11-28 10:31:00,0.83,14911.0
579069,23119,PACK OF 6 LARGE FRUIT STRAWS,12,2011-11-28 10:31:00,0.62,14911.0
579069,23123,COCKTAIL SWORDS 50 PIECES,12,2011-11-28 10:31:00,0.83,14911.0
579069,21531,RED RETROSPOT SUGAR JAM BOWL,6,2011-11-28 10:31:00,2.55,14911.0
579069,21535,RED RETROSPOT SMALL MILK JUG,6,2011-11-28 10:31:00,2.55,14911.0
579069,20802,SMALL GLASS SUNDAE DISH CLEAR,12,2011-11-28 10:31:00,1.65,14911.0
579069,84969,BOX OF 6 ASSORTED COLOUR TEASPOONS,12,2011-11-28 10:31:00,4.25,14911.0
579069,21537,RED RETROSPOT PUDDING BOWL,8,2011-11-28 10:31:00,4.25,14911.0
579069,22109,FULL ENGLISH BREAKFAST PLATE,8,2011-11-28 10:31:00,3.75,14911.0
579069,23291,DOLLY GIRL CHILDRENS CUP,8,2011-11-28 10:31:00,1.25,14911.0
579069,21871,SAVE THE PLANET MUG,12,2011-11-28 10:31:00,1.65,14911.0
579069,21876,POTTERING MUG,12,2011-11-28 10:31:00,1.65,14911.0
579069,22966,GINGERBREAD MAN COOKIE CUTTER,12,2011-11-28 10:31:00,1.25,14911.0
579069,22567,20 DOLLY PEGS RETROSPOT,12,2011-11-28 10:31:00,1.45,14911.0
579069,22558,CLOTHES PEGS RETROSPOT PACK 24,12,2011-11-28 10:31:00,1.65,14911.0
579069,22980,PANTRY SCRUBBING BRUSH,12,2011-11-28 10:31:00,1.65,14911.0
579069,22981,PANTRY APPLE CORER,12,2011-11-28 10:31:00,1.45,14911.0
579069,23496,PANTRY KITCHEN THERMOMETER,12,2011-11-28 10:31:00,1.25,14911.0
579069,23497,CLASSIC CHROME BICYCLE BELL,12,2011-11-28 10:31:00,1.45,14911.0
579069,21588,RETROSPOT GIANT TUBE MATCHES,12,2011-11-28 10:31:00,2.55,14911.0
579069,23514,EMBROIDERED RIBBON REEL SALLY,6,2011-11-28 10:31:00,2.08,14911.0
579069,23494,VINTAGE DOILY DELUXE SEWING KIT,6,2011-11-28 10:31:00,5.95,14911.0
579069,22478,BIRDHOUSE GARDEN MARKER,10,2011-11-28 10:31:00,1.25,14911.0
579069,22917,HERB MARKER ROSEMARY,12,2011-11-28 10:31:00,0.65,14911.0
579069,22919,HERB MARKER MINT,12,2011-11-28 10:31:00,0.65,14911.0
579069,22918,HERB MARKER PARSLEY,12,2011-11-28 10:31:00,0.65,14911.0
579069,22921,HERB MARKER CHIVES,12,2011-11-28 10:31:00,0.65,14911.0
579069,22477,WATERING CAN GARDEN MARKER,10,2011-11-28 10:31:00,1.25,14911.0
579069,22371,AIRLINE BAG VINTAGE TOKYO 78,4,2011-11-28 10:31:00,4.25,14911.0
579069,22376,AIRLINE BAG VINTAGE JET SET WHITE,4,2011-11-28 10:31:00,4.25,14911.0
579069,21615,4 LAVENDER BOTANICAL DINNER CANDLES,12,2011-11-28 10:31:00,1.25,14911.0
579069,21619,4 VANILLA BOTANICAL CANDLES,12,2011-11-28 10:31:00,1.25,14911.0
579069,21620,SET OF 4 ROSE BOTANICAL CANDLES,12,2011-11-28 10:31:00,1.25,14911.0
579069,22094,RED RETROSPOT TISSUE BOX,36,2011-11-28 10:31:00,0.39,14911.0
579069,23536,WALL ART VILLAGE SHOW,4,2011-11-28 10:31:00,5.95,14911.0
579102,22754,SMALL RED BABUSHKA NOTEBOOK,12,2011-11-28 11:33:00,0.85,14911.0
579102,22505,MEMO BOARD COTTAGE DESIGN,4,2011-11-28 11:33:00,4.95,14911.0
579102,22560,TRADITIONAL MODELLING CLAY,24,2011-11-28 11:33:00,1.25,14911.0
579102,85053,FRENCH ENAMEL CANDLEHOLDER,6,2011-11-28 11:33:00,2.1,14911.0
579102,84926A,WAKE UP COCKEREL TILE COASTER,24,2011-11-28 11:33:00,0.29,14911.0
579102,22550,HOLIDAY FUN LUDO,4,2011-11-28 11:33:00,3.75,14911.0
579102,21108,FAIRY CAKE FLANNEL ASSORTED COLOUR,18,2011-11-28 11:33:00,0.79,14911.0
579102,23198,PANTRY MAGNETIC  SHOPPING LIST,12,2011-11-28 11:33:00,1.45,14911.0
579102,23174,REGENCY SUGAR BOWL GREEN,4,2011-11-28 11:33:00,4.15,14911.0
579102,23173,REGENCY TEAPOT ROSES,2,2011-11-28 11:33:00,9.95,14911.0
579102,22197,POPCORN HOLDER,12,2011-11-28 11:33:00,0.85,14911.0
579102,21903,MAN FLU METAL SIGN,12,2011-11-28 11:33:00,2.1,14911.0
579102,22580,ADVENT CALENDAR GINGHAM SACK,3,2011-11-28 11:33:00,5.95,14911.0
579102,84347,ROTATING SILVER ANGELS T-LIGHT HLDR,6,2011-11-28 11:33:00,2.55,14911.0
579102,85066,CREAM SWEETHEART MINI CHEST,2,2011-11-28 11:33:00,12.75,14911.0
579102,22797,CHEST OF DRAWERS GINGHAM HEART,1,2011-11-28 11:33:00,16.95,14911.0
579102,23209,LUNCH BAG VINTAGE DOILY,10,2011-11-28 11:33:00,1.65,14911.0
579102,23583,LUNCH BAG PAISLEY PARK,10,2011-11-28 11:33:00,1.65,14911.0
579102,21790,VINTAGE SNAP CARDS,12,2011-11-28 11:33:00,0.85,14911.0
579102,21889,WOODEN BOX OF DOMINOES,12,2011-11-28 11:33:00,1.25,14911.0
579102,22620,4 TRADITIONAL SPINNING TOPS,12,2011-11-28 11:33:00,1.45,14911.0
579102,23571,TRADITIONAL NAUGHTS & CROSSES,12,2011-11-28 11:33:00,1.65,14911.0
579102,22623,BOX OF VINTAGE JIGSAW BLOCKS,3,2011-11-28 11:33:00,5.95,14911.0
579102,21428,SET3 BOOK BOX GREEN GINGHAM FLOWER,4,2011-11-28 11:33:00,4.25,14911.0
579102,21430,SET/3 RED GINGHAM ROSE STORAGE BOX,4,2011-11-28 11:33:00,3.75,14911.0
579102,21524,DOORMAT SPOTTY HOME SWEET HOME,2,2011-11-28 11:33:00,8.25,14911.0
579102,22423,REGENCY CAKESTAND 3 TIER,6,2011-11-28 11:33:00,12.75,14911.0
579102,22697,GREEN REGENCY TEACUP AND SAUCER,12,2011-11-28 11:33:00,2.95,14911.0
579102,22699,ROSES REGENCY TEACUP AND SAUCER,12,2011-11-28 11:33:00,2.95,14911.0
579102,23424,GINGHAM RECIPE BOOK BOX,4,2011-11-28 11:33:00,4.95,14911.0
579102,22795,SWEETHEART RECIPE BOOK STAND,2,2011-11-28 11:33:00,6.75,14911.0
579102,22667,RECIPE BOX RETROSPOT,6,2011-11-28 11:33:00,2.95,14911.0
579102,82486,3 DRAWER ANTIQUE WHITE WOOD CABINET,2,2011-11-28 11:33:00,8.95,14911.0
579102,23406,HOME SWEET HOME KEY HOLDER,2,2011-11-28 11:33:00,6.25,14911.0
579102,22174,PHOTO CUBE,12,2011-11-28 11:33:00,1.65,14911.0
579102,23092,LARGE ANTIQUE WHITE PHOTO FRAME,2,2011-11-28 11:33:00,7.9,14911.0
579102,85232D,SET/3 DECOUPAGE STACKING TINS,3,2011-11-28 11:33:00,4.95,14911.0
579102,23245,SET OF 3 REGENCY CAKE TINS,4,2011-11-28 11:33:00,4.95,14911.0
579102,23197,SKETCHBOOK MAGNETIC SHOPPING LIST,12,2011-11-28 11:33:00,1.45,14911.0
579102,22567,20 DOLLY PEGS RETROSPOT,12,2011-11-28 11:33:00,1.45,14911.0
579102,22472,TV DINNER TRAY DOLLY GIRL,3,2011-11-28 11:33:00,4.95,14911.0
579102,22474,SPACEBOY TV DINNER TRAY,3,2011-11-28 11:33:00,4.95,14911.0
579102,84536A,ENGLISH ROSE NOTEBOOK A7 SIZE,16,2011-11-28 11:33:00,0.42,14911.0
579539,23175,REGENCY MILK JUG PINK,4,2011-11-30 10:06:00,3.25,14911.0
579539,23173,REGENCY TEAPOT ROSES,2,2011-11-30 10:06:00,9.95,14911.0
579539,22698,PINK REGENCY TEACUP AND SAUCER,6,2011-11-30 10:06:00,2.95,14911.0
579539,22699,ROSES REGENCY TEACUP AND SAUCER,6,2011-11-30 10:06:00,2.95,14911.0
579539,22697,GREEN REGENCY TEACUP AND SAUCER,6,2011-11-30 10:06:00,2.95,14911.0
579539,21470,FLOWER VINE RAFFIA FOOD COVER,6,2011-11-30 10:06:00,3.75,14911.0
579539,23174,REGENCY SUGAR BOWL GREEN,4,2011-11-30 10:06:00,4.15,14911.0
579539,23172,REGENCY TEA PLATE PINK,12,2011-11-30 10:06:00,1.65,14911.0
579539,22283,6 EGG HOUSE PAINTED WOOD,2,2011-11-30 10:06:00,7.95,14911.0
579539,C2,CARRIAGE,1,2011-11-30 10:06:00,50.0,14911.0
579539,23486,ANTIQUE HEART SHELF UNIT,1,2011-11-30 10:06:00,16.65,14911.0
579539,23320,GIANT 50'S CHRISTMAS CRACKER,12,2011-11-30 10:06:00,2.89,14911.0
579539,22809,SET OF 6 T-LIGHTS SANTA,6,2011-11-30 10:06:00,2.95,14911.0
579539,84945,MULTI COLOUR SILVER T-LIGHT HOLDER,12,2011-11-30 10:06:00,0.85,14911.0
579539,84600,NEW BAROQUE JEWELLERY BOX,2,2011-11-30 10:06:00,7.95,14911.0
579539,23073,GEORGIAN TRINKET BOX,2,2011-11-30 10:06:00,12.5,14911.0
579539,23697,A PRETTY THANK YOU CARD,12,2011-11-30 10:06:00,0.42,14911.0
579539,23382,BOX OF 6 CHRISTMAS CAKE DECORATIONS,4,2011-11-30 10:06:00,3.75,14911.0
579553,22457,NATURAL SLATE HEART CHALKBOARD,6,2011-11-30 10:54:00,2.95,14156.0
579553,23330,DECORATIVE WICKER HEART MEDIUM,12,2011-11-30 10:54:00,1.25,14156.0
579553,23491,VINTAGE JINGLE BELLS HEART,2,2011-11-30 10:54:00,8.25,14156.0
579553,23329,DECORATIVE WICKER HEART LARGE,12,2011-11-30 10:54:00,1.65,14156.0
579553,23360,SET 8 CANDLES VINTAGE DOILY,12,2011-11-30 10:54:00,1.95,14156.0
579553,23321,SMALL WHITE HEART OF WICKER,12,2011-11-30 10:54:00,1.65,14156.0
579553,72800C,4 PINK DINNER CANDLE SILVER FLOCK,6,2011-11-30 10:54:00,2.55,14156.0
579553,72800B,4 PURPLE FLOCK DINNER CANDLES,6,2011-11-30 10:54:00,2.55,14156.0
579553,23512,EMBROIDERED RIBBON REEL ROSIE,6,2011-11-30 10:54:00,2.08,14156.0
579553,23692,WRAP A PRETTY THANK YOU,25,2011-11-30 10:54:00,0.42,14156.0
579553,23697,A PRETTY THANK YOU CARD,12,2011-11-30 10:54:00,0.42,14156.0
579553,23695,DOILY THANK YOU CARD,12,2011-11-30 10:54:00,0.42,14156.0
579553,23382,BOX OF 6 CHRISTMAS CAKE DECORATIONS,4,2011-11-30 10:54:00,3.75,14156.0
579553,23691,WRAP KEEP CALM BIRTHDAY,25,2011-11-30 10:54:00,0.42,14156.0
579553,23485,BOTANICAL GARDENS WALL CLOCK,1,2011-11-30 10:54:00,25.0,14156.0
579553,23458,DOLLY CABINET 3 DRAWERS,2,2011-11-30 10:54:00,14.95,14156.0
579553,23355,HOT WATER BOTTLE KEEP CALM,4,2011-11-30 10:54:00,4.95,14156.0
579553,23356,LOVE HOT WATER BOTTLE,6,2011-11-30 10:54:00,5.95,14156.0
579553,48194,DOORMAT HEARTS,2,2011-11-30 10:54:00,8.25,14156.0
579553,23283,DOORMAT VINTAGE LEAF,2,2011-11-30 10:54:00,8.25,14156.0
579553,23284,DOORMAT KEEP CALM AND COME IN,2,2011-11-30 10:54:00,8.25,14156.0
579553,21620,SET OF 4 ROSE BOTANICAL CANDLES,12,2011-11-30 10:54:00,1.25,14156.0
579553,85123A,WHITE HANGING HEART T-LIGHT HOLDER,64,2011-11-30 10:54:00,2.55,14156.0
579553,21733,RED HANGING HEART T-LIGHT HOLDER,12,2011-11-30 10:54:00,2.95,14156.0
579553,22840,ROUND CAKE TIN VINTAGE RED,2,2011-11-30 10:54:00,7.95,14156.0
579553,21914,BLUE HARMONICA IN BOX,12,2011-11-30 10:54:00,1.25,14156.0
579553,22139,RETROSPOT TEA SET CERAMIC 11 PC,3,2011-11-30 10:54:00,4.95,14156.0
579553,84945,MULTI COLOUR SILVER T-LIGHT HOLDER,12,2011-11-30 10:54:00,0.85,14156.0
579553,84347,ROTATING SILVER ANGELS T-LIGHT HLDR,36,2011-11-30 10:54:00,2.55,14156.0
579553,84429A,MEDIUM PINK BUDDHA HEAD,6,2011-11-30 10:54:00,2.95,14156.0
579553,17012D,ORIGAMI ROSE INCENSE/CANDLE SET,24,2011-11-30 10:54:00,0.85,14156.0
579768,22086,PAPER CHAIN KIT 50'S CHRISTMAS,40,2011-11-30 15:08:00,2.55,14911.0
579768,85048,15CM CHRISTMAS GLASS BALL 20 LIGHTS,24,2011-11-30 15:08:00,6.95,14911.0
579768,23251,VINTAGE RED ENAMEL TRIM MUG,12,2011-11-30 15:08:00,1.25,14911.0
579768,23168,CLASSIC CAFE SUGAR DISPENSER,12,2011-11-30 15:08:00,1.25,14911.0
579768,23382,BOX OF 6 CHRISTMAS CAKE DECORATIONS,8,2011-11-30 15:08:00,3.75,14911.0
579768,23552,BICYCLE PUNCTURE REPAIR KIT,12,2011-11-30 15:08:00,2.08,14911.0
579768,23569,TRADTIONAL ALPHABET STAMP SET,12,2011-11-30 15:08:00,4.95,14911.0
579768,22561,WOODEN SCHOOL COLOURING SET,12,2011-11-30 15:08:00,1.65,14911.0
579768,C2,CARRIAGE,1,2011-11-30 15:08:00,50.0,14911.0
