576904,35970,ZINC FOLKART SLEIGH BELLS,12,2011-11-17 09:25:00,1.69,14931.0
576904,23263,SET OF 3 WOODEN HEART DECORATIONS,12,2011-11-17 09:25:00,1.25,14931.0
576904,23264,SET OF 3 WOODEN SLEIGH DECORATIONS,12,2011-11-17 09:25:00,1.25,14931.0
576904,23265,SET OF 3 WOODEN TREE DECORATIONS,12,2011-11-17 09:25:00,1.25,14931.0
576904,23266,SET OF 3 WOODEN STOCKING DECORATION,12,2011-11-17 09:25:00,1.25,14931.0
576904,23313,VINTAGE CHRISTMAS BUNTING,5,2011-11-17 09:25:00,4.95,14931.0
576904,84029G,KNITTED UNION FLAG HOT WATER BOTTLE,4,2011-11-17 09:25:00,4.25,14931.0
576904,23355,HOT WATER BOTTLE KEEP CALM,8,2011-11-17 09:25:00,4.95,14931.0
576904,C2,CARRIAGE,1,2011-11-17 09:25:00,50.0,14931.0
C579764,20914,SET/5 RED RETROSPOT LID GLASS BOWLS,-1,2011-11-30 15:07:00,2.95,14936.0
C579764,23486,ANTIQUE HEART SHELF UNIT,-1,2011-11-30 15:07:00,16.65,14936.0
