537626,85116,BLACK CANDELABRA T-LIGHT HOLDER,12,2010-12-07 14:57:00,2.1,12347.0
537626,22375,AIRLINE BAG VINTAGE JET SET BROWN,4,2010-12-07 14:57:00,4.25,12347.0
537626,71477,COLOUR GLASS. STAR T-LIGHT HOLDER,12,2010-12-07 14:57:00,3.25,12347.0
537626,22492,MINI PAINT SET VINTAGE,36,2010-12-07 14:57:00,0.65,12347.0
537626,22771,CLEAR DRAWER KNOB ACRYLIC EDWARDIAN,12,2010-12-07 14:57:00,1.25,12347.0
537626,22772,PINK DRAWER KNOB ACRYLIC EDWARDIAN,12,2010-12-07 14:57:00,1.25,12347.0
537626,22773,GREEN DRAWER KNOB ACRYLIC EDWARDIAN,12,2010-12-07 14:57:00,1.25,12347.0
537626,22774,RED DRAWER KNOB ACRYLIC EDWARDIAN,12,2010-12-07 14:57:00,1.25,12347.0
537626,22775,PURPLE DRAWERKNOB ACRYLIC EDWARDIAN,12,2010-12-07 14:57:00,1.25,12347.0
537626,22805,BLUE DRAWER KNOB ACRYLIC EDWARDIAN,12,2010-12-07 14:57:00,1.25,12347.0
537626,22725,ALARM CLOCK BAKELIKE CHOCOLATE,4,2010-12-07 14:57:00,3.75,12347.0
537626,22726,ALARM CLOCK BAKELIKE GREEN,4,2010-12-07 14:57:00,3.75,12347.0
537626,22727,ALARM CLOCK BAKELIKE RED,4,2010-12-07 14:57:00,3.75,12347.0
537626,22728,ALARM CLOCK BAKELIKE PINK,4,2010-12-07 14:57:00,3.75,12347.0
537626,22729,ALARM CLOCK BAKELIKE ORANGE,4,2010-12-07 14:57:00,3.75,12347.0
537626,22212,FOUR HOOK  WHITE LOVEBIRDS,6,2010-12-07 14:57:00,2.1,12347.0
537626,85167B,BLACK GRAND BAROQUE PHOTO FRAME,30,2010-12-07 14:57:00,1.25,12347.0
537626,21171,BATHROOM METAL SIGN,12,2010-12-07 14:57:00,1.45,12347.0
537626,22195,LARGE HEART MEASURING SPOONS,12,2010-12-07 14:57:00,1.65,12347.0
537626,84969,BOX OF 6 ASSORTED COLOUR TEASPOONS,6,2010-12-07 14:57:00,4.25,12347.0
537626,84997C,BLUE 3 PIECE POLKADOT CUTLERY SET,6,2010-12-07 14:57:00,3.75,12347.0
537626,84997B,RED 3 PIECE RETROSPOT CUTLERY SET,6,2010-12-07 14:57:00,3.75,12347.0
537626,84997D,PINK 3 PIECE POLKADOT CUTLERY SET,6,2010-12-07 14:57:00,3.75,12347.0
537626,22494,EMERGENCY FIRST AID TIN,12,2010-12-07 14:57:00,1.25,12347.0
537626,22497,SET OF 2 TINS VINTAGE BATHROOM,4,2010-12-07 14:57:00,4.25,12347.0
537626,85232D,SET/3 DECOUPAGE STACKING TINS,3,2010-12-07 14:57:00,4.95,12347.0
537626,21064,BOOM BOX SPEAKER BOYS,6,2010-12-07 14:57:00,5.95,12347.0
537626,21731,RED TOADSTOOL LED NIGHT LIGHT,12,2010-12-07 14:57:00,1.65,12347.0
537626,84558A,3D DOG PICTURE PLAYING CARDS,24,2010-12-07 14:57:00,2.95,12347.0
537626,20780,BLACK EAR MUFF HEADPHONES,12,2010-12-07 14:57:00,4.65,12347.0
537626,20782,CAMOUFLAGE EAR MUFF HEADPHONES,6,2010-12-07 14:57:00,5.49,12347.0
542237,84625A,PINK NEW BAROQUECANDLESTICK CANDLE,24,2011-01-26 14:30:00,0.85,12347.0
542237,84625C,BLUE NEW BAROQUE CANDLESTICK CANDLE,24,2011-01-26 14:30:00,0.85,12347.0
542237,85116,BLACK CANDELABRA T-LIGHT HOLDER,6,2011-01-26 14:30:00,2.1,12347.0
542237,20719,WOODLAND CHARLOTTE BAG,10,2011-01-26 14:30:00,0.85,12347.0
542237,22375,AIRLINE BAG VINTAGE JET SET BROWN,4,2011-01-26 14:30:00,4.25,12347.0
542237,22376,AIRLINE BAG VINTAGE JET SET WHITE,4,2011-01-26 14:30:00,4.25,12347.0
542237,20966,SANDWICH BATH SPONGE,10,2011-01-26 14:30:00,1.25,12347.0
542237,22725,ALARM CLOCK BAKELIKE CHOCOLATE,4,2011-01-26 14:30:00,3.75,12347.0
542237,22726,ALARM CLOCK BAKELIKE GREEN,4,2011-01-26 14:30:00,3.75,12347.0
542237,22727,ALARM CLOCK BAKELIKE RED,4,2011-01-26 14:30:00,3.75,12347.0
542237,22728,ALARM CLOCK BAKELIKE PINK,4,2011-01-26 14:30:00,3.75,12347.0
542237,22729,ALARM CLOCK BAKELIKE ORANGE,4,2011-01-26 14:30:00,3.75,12347.0
542237,22196,SMALL HEART MEASURING SPOONS,12,2011-01-26 14:30:00,0.85,12347.0
542237,84992,72 SWEETHEART FAIRY CAKE CASES,24,2011-01-26 14:30:00,0.55,12347.0
542237,84991,60 TEATIME FAIRY CAKE CASES,24,2011-01-26 14:30:00,0.55,12347.0
542237,21976,PACK OF 60 MUSHROOM CAKE CASES,24,2011-01-26 14:30:00,0.55,12347.0
542237,22417,PACK OF 60 SPACEBOY CAKE CASES,24,2011-01-26 14:30:00,0.55,12347.0
542237,47559B,TEA TIME OVEN GLOVE,10,2011-01-26 14:30:00,1.25,12347.0
542237,21154,RED RETROSPOT OVEN GLOVE,10,2011-01-26 14:30:00,1.25,12347.0
542237,21041,RED RETROSPOT OVEN GLOVE DOUBLE,6,2011-01-26 14:30:00,2.95,12347.0
542237,21035,SET/2 RED RETROSPOT TEA TOWELS,6,2011-01-26 14:30:00,2.95,12347.0
542237,22423,REGENCY CAKESTAND 3 TIER,3,2011-01-26 14:30:00,12.75,12347.0
542237,84969,BOX OF 6 ASSORTED COLOUR TEASPOONS,6,2011-01-26 14:30:00,4.25,12347.0
542237,22134,MINI LADLE LOVE HEART RED,12,2011-01-26 14:30:00,0.42,12347.0
542237,21832,CHOCOLATE CALCULATOR,12,2011-01-26 14:30:00,1.65,12347.0
542237,22422,TOOTHPASTE TUBE PEN,12,2011-01-26 14:30:00,0.65,12347.0
542237,22497,SET OF 2 TINS VINTAGE BATHROOM,4,2011-01-26 14:30:00,4.25,12347.0
542237,21731,RED TOADSTOOL LED NIGHT LIGHT,12,2011-01-26 14:30:00,1.65,12347.0
542237,84558A,3D DOG PICTURE PLAYING CARDS,12,2011-01-26 14:30:00,2.95,12347.0
