557499,23122,PARTY CHARMS 50 PIECES,12,2011-06-20 15:25:00,0.83,16320.0
557499,23119,PACK OF 6 LARGE FRUIT STRAWS,36,2011-06-20 15:25:00,0.62,16320.0
557499,23108,SET OF 10 LED DOLLY LIGHTS,4,2011-06-20 15:25:00,6.25,16320.0
557499,23240,SET OF 4 KNICK KNACK TINS DOILEY,6,2011-06-20 15:25:00,4.15,16320.0
557499,23237,SET OF 4 KNICK KNACK TINS LEAVES,6,2011-06-20 15:25:00,4.15,16320.0
557499,23239,SET OF 4 KNICK KNACK TINS POPPIES,6,2011-06-20 15:25:00,4.15,16320.0
557499,23245,SET OF 3 REGENCY CAKE TINS,4,2011-06-20 15:25:00,4.95,16320.0
557499,22627,MINT KITCHEN SCALES,2,2011-06-20 15:25:00,8.5,16320.0
557499,22625,RED KITCHEN SCALES,2,2011-06-20 15:25:00,8.5,16320.0
559521,21634,ASSORTED MINI MADRAS NOTEBOOK,24,2011-07-08 16:26:00,0.39,""
559521,21212,PACK OF 72 RETROSPOT CAKE CASES,13,2011-07-08 16:26:00,0.55,""
559521,22964,3 PIECE SPACEBOY COOKIE CUTTER SET,5,2011-07-08 16:26:00,2.1,""
559521,23254,CHILDRENS CUTLERY DOLLY GIRL,5,2011-07-08 16:26:00,4.15,""
559521,23256,CHILDRENS CUTLERY SPACEBOY,5,2011-07-08 16:26:00,4.15,""
559521,84378,SET OF 3 HEART COOKIE CUTTERS,7,2011-07-08 16:26:00,1.25,""
559521,20983,12 PENCILS TALL TUBE RED RETROSPOT,7,2011-07-08 16:26:00,0.85,""
559521,20982,12 PENCILS TALL TUBE SKULLS,7,2011-07-08 16:26:00,0.85,""
559521,22367,CHILDRENS APRON SPACEBOY DESIGN,6,2011-07-08 16:26:00,1.95,""
559521,20981,12 PENCILS TALL TUBE WOODLAND,7,2011-07-08 16:26:00,0.85,""
559521,22991,GIRAFFE WOODEN RULER,3,2011-07-08 16:26:00,1.95,""
559521,22992,REVOLVER WOODEN RULER,5,2011-07-08 16:26:00,1.95,""
559521,21380,WOODEN HAPPY BIRTHDAY GARLAND,1,2011-07-08 16:26:00,2.95,""
559521,20869,GOLD FABRIC MIRROR,13,2011-07-08 16:26:00,0.39,""
559521,22621,TRADITIONAL KNITTING NANCY,10,2011-07-08 16:26:00,1.65,""
559521,21156,RETROSPOT CHILDRENS APRON,6,2011-07-08 16:26:00,1.95,""
559521,84548,CROCHET BEAR RED/BLUE  KEYRING,7,2011-07-08 16:26:00,1.65,""
559521,23007,SPACEBOY BABY GIFT SET,1,2011-07-08 16:26:00,16.95,""
559521,22759,SET OF 3 NOTEBOOKS IN PARCEL,8,2011-07-08 16:26:00,1.65,""
559521,20819,SILVER TEDDY BEAR,1,2011-07-08 16:26:00,3.75,""
559521,22196,SMALL HEART MEASURING SPOONS,1,2011-07-08 16:26:00,0.85,""
559521,21124,SET/10 BLUE POLKADOT PARTY CANDLES,1,2011-07-08 16:26:00,1.25,""
559521,23309,SET OF 60 I LOVE LONDON CAKE CASES,1,2011-07-08 16:26:00,0.55,""
559521,22317,FIVE CATS HANGING DECORATION,1,2011-07-08 16:26:00,2.95,""
559521,22548,HEADS AND TAILS SPORTING FUN,6,2011-07-08 16:26:00,1.25,""
559521,21790,VINTAGE SNAP CARDS,8,2011-07-08 16:26:00,0.85,""
559521,21915,RED  HARMONICA IN BOX,12,2011-07-08 16:26:00,1.25,""
559521,22437,SET OF 9 BLACK SKULL BALLOONS,2,2011-07-08 16:26:00,0.85,""
559521,20985,HEART CALCULATOR,12,2011-07-08 16:26:00,1.25,""
559521,22555,PLASTERS IN TIN STRONGMAN,6,2011-07-08 16:26:00,1.65,""
559521,21126,SET OF 6 GIRLS CELEBRATION CANDLES,5,2011-07-08 16:26:00,1.25,""
559521,22435,SET OF 9 HEART SHAPED BALLOONS,2,2011-07-08 16:26:00,1.25,""
559521,22553,PLASTERS IN TIN SKULLS,7,2011-07-08 16:26:00,1.65,""
559521,22434,BALLOON PUMP WITH 10 BALLOONS,6,2011-07-08 16:26:00,1.95,""
559521,22439,6 ROCKET BALLOONS,40,2011-07-08 16:26:00,0.65,""
559521,21888,BINGO SET,4,2011-07-08 16:26:00,3.75,""
559521,23240,SET OF 4 KNICK KNACK TINS DOILEY,3,2011-07-08 16:26:00,4.15,""
559521,21889,WOODEN BOX OF DOMINOES,7,2011-07-08 16:26:00,1.25,""
559521,22129,PARTY CONES CANDY TREE DECORATION,6,2011-07-08 16:26:00,0.85,""
559521,22128,PARTY CONES CANDY ASSORTED,6,2011-07-08 16:26:00,1.25,""
559521,84375,SET OF 20 KIDS COOKIE CUTTERS,1,2011-07-08 16:26:00,2.1,""
559521,23242,TREASURE TIN BUFFALO BILL,1,2011-07-08 16:26:00,2.08,""
559521,21055,TOOL BOX SOFT TOY,1,2011-07-08 16:26:00,8.95,""
559521,23128,FELTCRAFT BOY JEAN-PAUL KIT,1,2011-07-08 16:26:00,4.95,""
559521,23241,TREASURE TIN GYMKHANA DESIGN,1,2011-07-08 16:26:00,2.08,""
559521,20868,SILVER FABRIC MIRROR,13,2011-07-08 16:26:00,0.39,""
559521,22150,3 STRIPEY MICE FELTCRAFT,1,2011-07-08 16:26:00,1.95,""
559521,22620,4 TRADITIONAL SPINNING TOPS,5,2011-07-08 16:26:00,1.45,""
559521,21892,TRADITIONAL WOODEN CATCH CUP GAME,8,2011-07-08 16:26:00,1.25,""
559521,20750,RED RETROSPOT MINI CASES,2,2011-07-08 16:26:00,7.95,""
559521,20749,ASSORTED COLOUR MINI CASES,2,2011-07-08 16:26:00,7.95,""
559521,21891,TRADITIONAL WOODEN SKIPPING ROPE,9,2011-07-08 16:26:00,1.45,""
559521,21056,DOCTOR'S BAG SOFT TOY,1,2011-07-08 16:26:00,8.95,""
559521,22196,SMALL HEART MEASURING SPOONS,7,2011-07-08 16:26:00,0.85,""
559521,21124,SET/10 BLUE POLKADOT PARTY CANDLES,7,2011-07-08 16:26:00,1.25,""
559521,21125,SET 6 FOOTBALL CELEBRATION CANDLES,6,2011-07-08 16:26:00,1.25,""
559521,22467,GUMBALL COAT RACK,6,2011-07-08 16:26:00,2.55,""
559521,22899,CHILDREN'S APRON DOLLY GIRL,6,2011-07-08 16:26:00,2.1,""
559521,20725,LUNCH BAG RED RETROSPOT,7,2011-07-08 16:26:00,1.65,""
559521,84077,WORLD WAR 2 GLIDERS ASSTD DESIGNS,48,2011-07-08 16:26:00,0.29,""
559521,22662,LUNCH BAG DOLLY GIRL DESIGN,10,2011-07-08 16:26:00,1.65,""
559521,20727,LUNCH BAG  BLACK SKULL.,8,2011-07-08 16:26:00,1.65,""
559521,22262,FELT EGG COSY CHICKEN,1,2011-07-08 16:26:00,0.85,""
559521,22260,FELT EGG COSY BLUE RABBIT,1,2011-07-08 16:26:00,0.85,""
559521,23192,BUNDLE OF 3 ALPHABET EXERCISE BOOKS,1,2011-07-08 16:26:00,1.65,""
559521,22911,PAPER CHAIN KIT LONDON,1,2011-07-08 16:26:00,2.95,""
559521,22085,PAPER CHAIN KIT SKULLS,1,2011-07-08 16:26:00,2.95,""
559521,22276,WASH BAG VINTAGE ROSE PAISLEY,1,2011-07-08 16:26:00,2.55,""
559521,22570,FELTCRAFT CUSHION RABBIT,1,2011-07-08 16:26:00,3.75,""
559521,22083,PAPER CHAIN KIT RETROSPOT,1,2011-07-08 16:26:00,2.95,""
559521,23076,ICE CREAM SUNDAE LIP GLOSS,24,2011-07-08 16:26:00,1.25,""
559521,22197,POPCORN HOLDER,3,2011-07-08 16:26:00,0.85,""
559929,22960,JAM MAKING SET WITH JARS,6,2011-07-14 09:10:00,4.25,14265.0
559929,16161P,WRAP ENGLISH ROSE,25,2011-07-14 09:10:00,0.42,14265.0
559929,21499,BLUE POLKADOT WRAP,25,2011-07-14 09:10:00,0.42,14265.0
559929,21500,PINK POLKADOT WRAP,25,2011-07-14 09:10:00,0.42,14265.0
559929,21503,TOYBOX  WRAP,25,2011-07-14 09:10:00,0.42,14265.0
559929,22047,EMPIRE GIFT WRAP,25,2011-07-14 09:10:00,0.42,14265.0
559929,22051,BLUE SCANDINAVIAN PAISLEY WRAP,25,2011-07-14 09:10:00,0.42,14265.0
559929,22050,PINK PAISLEY ROSE GIFT WRAP,25,2011-07-14 09:10:00,0.42,14265.0
559929,22709,WRAP WEDDING DAY,25,2011-07-14 09:10:00,0.42,14265.0
559929,22485,SET OF 2 WOODEN MARKET CRATES,2,2011-07-14 09:10:00,12.75,14265.0
559929,40001,WHITE BAMBOO RIBS LAMPSHADE,24,2011-07-14 09:10:00,0.85,14265.0
559929,21628,TRIANGULAR POUFFE VINTAGE,2,2011-07-14 09:10:00,14.95,14265.0
559929,46000S,POLYESTER FILLER PAD 40x40cm,18,2011-07-14 09:10:00,1.45,14265.0
559929,46000M,POLYESTER FILLER PAD 45x45cm,18,2011-07-14 09:10:00,1.55,14265.0
559929,22423,REGENCY CAKESTAND 3 TIER,1,2011-07-14 09:10:00,12.75,14265.0
561658,47563A,RETRO LONGBOARD IRONING BOARD COVER,1,2011-07-28 16:06:00,1.25,12743.0
561658,23124,18PC WOODEN CUTLERY SET DISPOSABLE,1,2011-07-28 16:06:00,1.25,12743.0
561658,47574A,ENGLISH ROSE SCENTED HANGING FLOWER,1,2011-07-28 16:06:00,0.75,12743.0
561658,35968,FOLK ART METAL HEART T-LIGHT HOLDER,5,2011-07-28 16:06:00,0.38,12743.0
561658,84559A,3D SHEET OF DOG STICKERS,1,2011-07-28 16:06:00,0.85,12743.0
561658,21586,KINGS CHOICE GIANT TUBE MATCHES,1,2011-07-28 16:06:00,2.55,12743.0
561658,21733,RED HANGING HEART T-LIGHT HOLDER,1,2011-07-28 16:06:00,2.95,12743.0
561658,23268,SET OF 2 CERAMIC CHRISTMAS REINDEER,1,2011-07-28 16:06:00,1.45,12743.0
561658,23210,WHITE ROCKING HORSE HAND PAINTED,1,2011-07-28 16:06:00,1.25,12743.0
561658,22449,SILK PURSE BABUSHKA PINK,1,2011-07-28 16:06:00,3.35,12743.0
561658,20886,BOX OF 9 PEBBLE CANDLES,1,2011-07-28 16:06:00,1.95,12743.0
561658,84879,ASSORTED COLOUR BIRD ORNAMENT,3,2011-07-28 16:06:00,1.69,12743.0
561658,21588,RETROSPOT GIANT TUBE MATCHES,1,2011-07-28 16:06:00,2.55,12743.0
561658,47599B,BLUE PARTY BAGS,1,2011-07-28 16:06:00,2.1,12743.0
561658,22846,BREAD BIN DINER STYLE RED,1,2011-07-28 16:06:00,16.95,12743.0
561658,23336,EGG FRYING PAN PINK,1,2011-07-28 16:06:00,2.08,12743.0
561658,23338,EGG FRYING PAN RED,1,2011-07-28 16:06:00,2.08,12743.0
561658,23339,EGG FRYING PAN BLUE,1,2011-07-28 16:06:00,2.08,12743.0
561658,21033,JUMBO BAG CHARLIE AND LOLA TOYS,1,2011-07-28 16:06:00,2.08,12743.0
561658,20679,EDWARDIAN PARASOL RED,1,2011-07-28 16:06:00,5.95,12743.0
561658,22046,TEA PARTY  WRAPPING PAPER,25,2011-07-28 16:06:00,0.42,12743.0
561658,23546,WRAP PAISLEY PARK,25,2011-07-28 16:06:00,0.42,12743.0
561658,21108,FAIRY CAKE FLANNEL ASSORTED COLOUR,1,2011-07-28 16:06:00,2.55,12743.0
561658,21002,ROSE DU SUD DRAWSTRING BAG,2,2011-07-28 16:06:00,4.25,12743.0
561658,85212,MINI PAINTED GARDEN DECORATION,12,2011-07-28 16:06:00,0.29,12743.0
561658,21770,OPEN CLOSED METAL SIGN,1,2011-07-28 16:06:00,4.95,12743.0
561658,22752,SET 7 BABUSHKA NESTING BOXES,1,2011-07-28 16:06:00,8.5,12743.0
561658,21108,FAIRY CAKE FLANNEL ASSORTED COLOUR,1,2011-07-28 16:06:00,2.55,12743.0
561658,22750,FELTCRAFT PRINCESS LOLA DOLL,1,2011-07-28 16:06:00,3.75,12743.0
561658,84050,PINK HEART SHAPE EGG FRYING PAN,1,2011-07-28 16:06:00,1.65,12743.0
561658,84813,SET OF 4 DIAMOND NAPKIN RINGS,1,2011-07-28 16:06:00,12.75,12743.0
561658,23079,TOADSTOOL BEDSIDE LIGHT,1,2011-07-28 16:06:00,8.95,12743.0
561658,23014,GLASS APOTHECARY BOTTLE ELIXIR,1,2011-07-28 16:06:00,3.95,12743.0
561658,85213,MINI  ZINC GARDEN DECORATIONS,12,2011-07-28 16:06:00,0.29,12743.0
561658,23068,ALUMINIUM STAMPED HEART,4,2011-07-28 16:06:00,2.49,12743.0
561658,22139,RETROSPOT TEA SET CERAMIC 11 PC,2,2011-07-28 16:06:00,4.95,12743.0
561658,84912B,GREEN ROSE WASHBAG,1,2011-07-28 16:06:00,3.75,12743.0
561658,22727,ALARM CLOCK BAKELIKE RED,1,2011-07-28 16:06:00,3.75,12743.0
561658,84559B,3D SHEET OF CAT STICKERS,1,2011-07-28 16:06:00,0.85,12743.0
561658,84549,CROCHET WHITE RABBIT KEYRING,1,2011-07-28 16:06:00,1.65,12743.0
561658,22840,ROUND CAKE TIN VINTAGE RED,1,2011-07-28 16:06:00,7.95,12743.0
561658,22604,SET OF 4 NAPKIN CHARMS CUTLERY,2,2011-07-28 16:06:00,2.55,12743.0
561658,22902,TOTE BAG I LOVE LONDON,1,2011-07-28 16:06:00,2.1,12743.0
561658,21065,BOOM BOX SPEAKER GIRLS,1,2011-07-28 16:06:00,5.95,12743.0
561658,84012,MAGIC SHEEP WOOL GROWING FROM PAPER,1,2011-07-28 16:06:00,2.55,12743.0
561658,47559B,TEA TIME OVEN GLOVE,1,2011-07-28 16:06:00,1.25,12743.0
561658,82600,NO SINGING METAL SIGN,1,2011-07-28 16:06:00,2.1,12743.0
561658,21592,RETROSPOT CIGAR BOX MATCHES,1,2011-07-28 16:06:00,1.25,12743.0
561658,21591,COSY HOUR CIGAR BOX MATCHES,1,2011-07-28 16:06:00,1.25,12743.0
561658,22585,PACK OF 6 BIRDY GIFT TAGS,1,2011-07-28 16:06:00,1.25,12743.0
561658,23055,IVORY CHANDELIER T-LIGHT HOLDER,1,2011-07-28 16:06:00,6.25,12743.0
561658,23083,SET 6 PAPER TABLE LANTERN STARS,1,2011-07-28 16:06:00,3.75,12743.0
561658,23082,SET 6 PAPER TABLE LANTERN HEARTS,1,2011-07-28 16:06:00,3.75,12743.0
561658,16012,FOOD/DRINK SPONGE STICKERS,24,2011-07-28 16:06:00,0.21,12743.0
561658,22732,3D VINTAGE CHRISTMAS STICKERS,1,2011-07-28 16:06:00,1.25,12743.0
561658,22733,3D TRADITIONAL CHRISTMAS STICKERS,2,2011-07-28 16:06:00,1.25,12743.0
561658,22320,BIRDS MOBILE VINTAGE DESIGN,1,2011-07-28 16:06:00,5.95,12743.0
561658,21843,RED RETROSPOT CAKE STAND,1,2011-07-28 16:06:00,10.95,12743.0
561658,22423,REGENCY CAKESTAND 3 TIER,1,2011-07-28 16:06:00,12.75,12743.0
561658,20712,JUMBO BAG WOODLAND ANIMALS,1,2011-07-28 16:06:00,2.08,12743.0
561658,22411,JUMBO SHOPPER VINTAGE RED PAISLEY,1,2011-07-28 16:06:00,2.08,12743.0
561658,85172,HYACINTH BULB T-LIGHT CANDLES,16,2011-07-28 16:06:00,0.42,12743.0
561658,23284,DOORMAT KEEP CALM AND COME IN,1,2011-07-28 16:06:00,7.95,12743.0
561658,23202,JUMBO BAG VINTAGE LEAF,1,2011-07-28 16:06:00,2.08,12743.0
561658,47599A,PINK PARTY BAGS,1,2011-07-28 16:06:00,2.1,12743.0
561658,23211,RED ROCKING HORSE HAND PAINTED,1,2011-07-28 16:06:00,1.25,12743.0
561658,22150,3 STRIPEY MICE FELTCRAFT,1,2011-07-28 16:06:00,1.95,12743.0
561658,47348A,FUSCHIA VOILE POINTY SHOE DEC,1,2011-07-28 16:06:00,0.39,12743.0
561658,22580,ADVENT CALENDAR GINGHAM SACK,1,2011-07-28 16:06:00,5.95,12743.0
561658,22834,HAND WARMER BABUSHKA DESIGN,1,2011-07-28 16:06:00,2.1,12743.0
561658,22325,MOBILE VINTAGE HEARTS,1,2011-07-28 16:06:00,4.95,12743.0
561658,23183,MOTHER'S KITCHEN SPOON REST,1,2011-07-28 16:06:00,3.75,12743.0
561658,22701,PINK DOG BOWL,1,2011-07-28 16:06:00,2.95,12743.0
561658,22703,PINK CAT BOWL,1,2011-07-28 16:06:00,2.1,12743.0
561658,23108,SET OF 10 LED DOLLY LIGHTS,1,2011-07-28 16:06:00,6.25,12743.0
561658,22900,SET 2 TEA TOWELS I LOVE LONDON,1,2011-07-28 16:06:00,3.25,12743.0
561658,21064,BOOM BOX SPEAKER BOYS,1,2011-07-28 16:06:00,5.95,12743.0
561658,22450,SILK PURSE BABUSHKA BLUE,1,2011-07-28 16:06:00,3.35,12743.0
561658,84836,ZINC METAL HEART DECORATION,2,2011-07-28 16:06:00,1.25,12743.0
561658,22700,BLACK AND WHITE DOG BOWL,1,2011-07-28 16:06:00,2.95,12743.0
561658,22625,RED KITCHEN SCALES,1,2011-07-28 16:06:00,8.5,12743.0
561658,23012,GLASS APOTHECARY BOTTLE PERFUME,1,2011-07-28 16:06:00,3.95,12743.0
561658,79302M,"ART LIGHTS,FUNK MONKEY",1,2011-07-28 16:06:00,2.95,12743.0
561661,22844,VINTAGE CREAM DOG FOOD CONTAINER,2,2011-07-28 16:21:00,8.5,12743.0
561661,84879,ASSORTED COLOUR BIRD ORNAMENT,3,2011-07-28 16:21:00,1.69,12743.0
561661,84821,DANISH ROSE DELUXE COASTER,1,2011-07-28 16:21:00,0.85,12743.0
561661,79063C,"RETRO PILL BOX KEY CHAIN,THE KING",1,2011-07-28 16:21:00,0.19,12743.0
561661,21931,JUMBO STORAGE BAG SUKI,1,2011-07-28 16:21:00,2.08,12743.0
561661,22924,FRIDGE MAGNETS LA VIE EN ROSE,6,2011-07-28 16:21:00,0.85,12743.0
561661,22289,HANGING METAL CHICKEN DECORATION,2,2011-07-28 16:21:00,1.25,12743.0
561661,22288,HANGING METAL RABBIT DECORATION,2,2011-07-28 16:21:00,1.25,12743.0
561661,22291,HANGING CHICK CREAM DECORATION,1,2011-07-28 16:21:00,1.45,12743.0
561661,84459A,PINK METAL CHICKEN HEART,2,2011-07-28 16:21:00,1.49,12743.0
561661,22834,HAND WARMER BABUSHKA DESIGN,1,2011-07-28 16:21:00,2.1,12743.0
561661,23343,JUMBO BAG VINTAGE CHRISTMAS,1,2011-07-28 16:21:00,2.08,12743.0
561661,23158,SET OF 5 LUCKY CAT MAGNETS,1,2011-07-28 16:21:00,2.08,12743.0
561661,23335,EGG FRYING PAN IVORY,1,2011-07-28 16:21:00,2.08,12743.0
561661,23339,EGG FRYING PAN BLUE,1,2011-07-28 16:21:00,2.08,12743.0
561661,22437,SET OF 9 BLACK SKULL BALLOONS,10,2011-07-28 16:21:00,0.85,12743.0
561661,22288,HANGING METAL RABBIT DECORATION,5,2011-07-28 16:21:00,1.25,12743.0
561661,22289,HANGING METAL CHICKEN DECORATION,2,2011-07-28 16:21:00,1.25,12743.0
561661,23208,LUNCH BAG VINTAGE LEAF DESIGN,1,2011-07-28 16:21:00,1.65,12743.0
561661,21260,FIRST AID TIN,1,2011-07-28 16:21:00,3.25,12743.0
561661,21637,ASSORTED SANSKRIT MINI NOTEBOOK,18,2011-07-28 16:21:00,1.25,12743.0
561661,23108,SET OF 10 LED DOLLY LIGHTS,1,2011-07-28 16:21:00,6.25,12743.0
561661,85049A,TRADITIONAL CHRISTMAS RIBBONS,1,2011-07-28 16:21:00,1.25,12743.0
561661,20679,EDWARDIAN PARASOL RED,1,2011-07-28 16:21:00,5.95,12743.0
561661,23210,WHITE ROCKING HORSE HAND PAINTED,1,2011-07-28 16:21:00,1.25,12743.0
561661,22906,12 MESSAGE CARDS WITH ENVELOPES,1,2011-07-28 16:21:00,1.65,12743.0
561661,85180A,RED HEARTS LIGHT CHAIN,2,2011-07-28 16:21:00,4.65,12743.0
561661,85179A,GREEN BITTY LIGHT CHAIN,1,2011-07-28 16:21:00,4.65,12743.0
561661,23079,TOADSTOOL BEDSIDE LIGHT,1,2011-07-28 16:21:00,8.95,12743.0
561661,22396,MAGNETS PACK OF 4 RETRO PHOTO,1,2011-07-28 16:21:00,0.39,12743.0
561661,21591,COSY HOUR CIGAR BOX MATCHES,1,2011-07-28 16:21:00,1.25,12743.0
561661,84347,ROTATING SILVER ANGELS T-LIGHT HLDR,1,2011-07-28 16:21:00,2.55,12743.0
561661,85175,CACTI T-LIGHT CANDLES,16,2011-07-28 16:21:00,0.42,12743.0
561661,35646,VINTAGE BEAD PINK EVENING BAG,1,2011-07-28 16:21:00,1.25,12743.0
561661,47343A,FUSCHIA FLOWER PURSE WITH BEADS,1,2011-07-28 16:21:00,0.83,12743.0
561661,23188,VINTAGE  2 METER FOLDING RULER,1,2011-07-28 16:21:00,1.65,12743.0
561661,22604,SET OF 4 NAPKIN CHARMS CUTLERY,2,2011-07-28 16:21:00,2.55,12743.0
561661,22556,PLASTERS IN TIN CIRCUS PARADE,1,2011-07-28 16:21:00,1.65,12743.0
561661,22076,6 RIBBONS EMPIRE,3,2011-07-28 16:21:00,1.65,12743.0
561661,85179C,PINK BITTY LIGHT CHAIN,1,2011-07-28 16:21:00,4.65,12743.0
561661,21592,RETROSPOT CIGAR BOX MATCHES,2,2011-07-28 16:21:00,1.25,12743.0
561661,22906,12 MESSAGE CARDS WITH ENVELOPES,2,2011-07-28 16:21:00,1.65,12743.0
561661,85180B,PINK HEARTS LIGHT CHAIN,1,2011-07-28 16:21:00,4.65,12743.0
561661,22497,SET OF 2 TINS VINTAGE BATHROOM,1,2011-07-28 16:21:00,4.25,12743.0
561661,21065,BOOM BOX SPEAKER GIRLS,1,2011-07-28 16:21:00,5.95,12743.0
561661,84012,MAGIC SHEEP WOOL GROWING FROM PAPER,1,2011-07-28 16:21:00,2.55,12743.0
561661,84559A,3D SHEET OF DOG STICKERS,1,2011-07-28 16:21:00,0.85,12743.0
561661,23083,SET 6 PAPER TABLE LANTERN STARS,1,2011-07-28 16:21:00,3.75,12743.0
561661,22315,200 RED + WHITE BENDY STRAWS,1,2011-07-28 16:21:00,1.25,12743.0
561661,23082,SET 6 PAPER TABLE LANTERN HEARTS,1,2011-07-28 16:21:00,3.75,12743.0
561661,21591,COSY HOUR CIGAR BOX MATCHES,1,2011-07-28 16:21:00,1.25,12743.0
