574918,22227,HANGING HEART MIRROR DECORATION,52,2011-11-07 16:31:00,0.65,""
574918,22602,RETROSPOT WOODEN HEART DECORATION,20,2011-11-07 16:31:00,0.85,""
574918,21818,GLITTER HEART DECORATION,20,2011-11-07 16:31:00,0.39,""
574918,22338,STAR DECORATION PAINTED ZINC,10,2011-11-07 16:31:00,0.19,""
574918,22219,LOVEBIRD HANGING DECORATION WHITE,32,2011-11-07 16:31:00,0.85,""
574918,22335,HEART DECORATION PAINTED ZINC,22,2011-11-07 16:31:00,0.65,""
574918,23201,JUMBO BAG ALPHABET,2,2011-11-07 16:31:00,2.08,""
574918,85136A,YELLOW SHARK HELICOPTER,1,2011-11-07 16:31:00,7.95,""
574918,21822,GLITTER CHRISTMAS TREE WITH BELLS,12,2011-11-07 16:31:00,0.79,""
574918,22948,METAL DECORATION NAUGHTY CHILDREN,24,2011-11-07 16:31:00,0.85,""
574918,21811,HANGING HEART WITH BELL,48,2011-11-07 16:31:00,0.39,""
574918,84836,ZINC METAL HEART DECORATION,24,2011-11-07 16:31:00,1.25,""
574918,22989,SET 2 PANTRY DESIGN TEA TOWELS,3,2011-11-07 16:31:00,3.25,""
574918,22990,COTTON APRON PANTRY DESIGN,1,2011-11-07 16:31:00,4.95,""
574918,22367,CHILDRENS APRON SPACEBOY DESIGN,1,2011-11-07 16:31:00,1.95,""
574918,47591D,PINK FAIRY CAKE CHILDRENS APRON,1,2011-11-07 16:31:00,1.95,""
574918,22899,CHILDREN'S APRON DOLLY GIRL,1,2011-11-07 16:31:00,2.1,""
574918,22900,SET 2 TEA TOWELS I LOVE LONDON,1,2011-11-07 16:31:00,3.25,""
574918,22138,BAKING SET 9 PIECE RETROSPOT,1,2011-11-07 16:31:00,4.95,""
574918,23344,JUMBO BAG 50'S CHRISTMAS,1,2011-11-07 16:31:00,2.08,""
574918,23582,VINTAGE DOILY JUMBO BAG RED,1,2011-11-07 16:31:00,2.08,""
574918,23393,HOME SWEET HOME CUSHION COVER,2,2011-11-07 16:31:00,3.75,""
574918,23394,POSTE FRANCE CUSHION COVER,2,2011-11-07 16:31:00,3.75,""
574918,23355,HOT WATER BOTTLE KEEP CALM,1,2011-11-07 16:31:00,4.95,""
574918,21003,ROSE DU SUD CUSHION COVER,1,2011-11-07 16:31:00,6.35,""
574918,23358,HOT STUFF HOT WATER BOTTLE,1,2011-11-07 16:31:00,3.75,""
574918,21481,FAWN BLUE HOT WATER BOTTLE,1,2011-11-07 16:31:00,3.75,""
574918,84032B,CHARLIE + LOLA RED HOT WATER BOTTLE,1,2011-11-07 16:31:00,2.95,""
574918,23494,VINTAGE DOILY DELUXE SEWING KIT,2,2011-11-07 16:31:00,5.95,""
574918,23240,SET OF 4 KNICK KNACK TINS DOILY,2,2011-11-07 16:31:00,4.15,""
574918,23535,WALL ART BICYCLE SAFETY,1,2011-11-07 16:31:00,5.95,""
C574946,22960,JAM MAKING SET WITH JARS,-2,2011-11-08 08:55:00,4.25,12656.0
575049,22629,SPACEBOY LUNCH BOX,12,2011-11-08 12:13:00,1.95,12721.0
575049,22630,DOLLY GIRL LUNCH BOX,12,2011-11-08 12:13:00,1.95,12721.0
575049,23382,BOX OF 6 CHRISTMAS CAKE DECORATIONS,8,2011-11-08 12:13:00,3.75,12721.0
575049,23354,6 GIFT TAGS 50'S CHRISTMAS,24,2011-11-08 12:13:00,0.83,12721.0
575049,23353,6 GIFT TAGS VINTAGE CHRISTMAS,24,2011-11-08 12:13:00,0.83,12721.0
575049,22959,WRAP CHRISTMAS VILLAGE,25,2011-11-08 12:13:00,0.42,12721.0
575049,22778,GLASS CLOCHE SMALL,4,2011-11-08 12:13:00,3.95,12721.0
575049,47599B,BLUE PARTY BAGS,6,2011-11-08 12:13:00,2.1,12721.0
575049,22331,WOODLAND PARTY BAG + STICKER SET,8,2011-11-08 12:13:00,1.65,12721.0
575049,22333,RETROSPOT PARTY BAG + STICKER SET,8,2011-11-08 12:13:00,1.65,12721.0
575049,23344,JUMBO BAG 50'S CHRISTMAS,10,2011-11-08 12:13:00,2.08,12721.0
575049,85099B,JUMBO BAG RED RETROSPOT,10,2011-11-08 12:13:00,2.08,12721.0
575049,23569,TRADTIONAL ALPHABET STAMP SET,4,2011-11-08 12:13:00,4.95,12721.0
575049,21499,BLUE POLKADOT WRAP,25,2011-11-08 12:13:00,0.42,12721.0
575049,21500,PINK POLKADOT WRAP,25,2011-11-08 12:13:00,0.42,12721.0
575049,16169E,WRAP 50'S  CHRISTMAS,25,2011-11-08 12:13:00,0.42,12721.0
575049,23350,ROLL WRAP VINTAGE SPOT,12,2011-11-08 12:13:00,1.25,12721.0
575049,23256,CHILDRENS CUTLERY SPACEBOY,4,2011-11-08 12:13:00,4.15,12721.0
575049,23254,CHILDRENS CUTLERY DOLLY GIRL,4,2011-11-08 12:13:00,4.15,12721.0
575049,23267,SET OF 4 SANTA PLACE SETTINGS,12,2011-11-08 12:13:00,1.25,12721.0
575049,22734,SET OF 6 RIBBONS VINTAGE CHRISTMAS,6,2011-11-08 12:13:00,2.89,12721.0
575049,22952,60 CAKE CASES VINTAGE CHRISTMAS,24,2011-11-08 12:13:00,0.55,12721.0
575049,22909,SET OF 20 VINTAGE CHRISTMAS NAPKINS,12,2011-11-08 12:13:00,0.85,12721.0
575049,23084,RABBIT NIGHT LIGHT,18,2011-11-08 12:13:00,2.08,12721.0
575049,23434,3 RAFFIA RIBBONS 50'S CHRISTMAS,10,2011-11-08 12:13:00,0.79,12721.0
575049,22941,CHRISTMAS LIGHTS 10 REINDEER,2,2011-11-08 12:13:00,8.5,12721.0
575049,23245,SET OF 3 REGENCY CAKE TINS,4,2011-11-08 12:13:00,4.95,12721.0
575049,21731,RED TOADSTOOL LED NIGHT LIGHT,12,2011-11-08 12:13:00,1.65,12721.0
575049,22551,PLASTERS IN TIN SPACEBOY,12,2011-11-08 12:13:00,1.65,12721.0
575049,22554,PLASTERS IN TIN WOODLAND ANIMALS,12,2011-11-08 12:13:00,1.65,12721.0
575049,23291,DOLLY GIRL CHILDRENS CUP,8,2011-11-08 12:13:00,1.25,12721.0
575049,23292,SPACEBOY CHILDRENS CUP,8,2011-11-08 12:13:00,1.25,12721.0
575049,23289,DOLLY GIRL CHILDRENS BOWL,8,2011-11-08 12:13:00,1.25,12721.0
575049,23290,SPACEBOY CHILDRENS BOWL,8,2011-11-08 12:13:00,1.25,12721.0
575049,POST,POSTAGE,3,2011-11-08 12:13:00,18.0,12721.0
575067,23480,MINI LIGHTS WOODLAND MUSHROOMS,20,2011-11-08 12:45:00,3.75,12583.0
575067,23570,TRADITIONAL PICK UP STICKS GAME,12,2011-11-08 12:45:00,1.25,12583.0
575067,23367,SET 12 COLOUR PENCILS SPACEBOY,16,2011-11-08 12:45:00,0.65,12583.0
575067,22555,PLASTERS IN TIN STRONGMAN,24,2011-11-08 12:45:00,1.65,12583.0
575067,22951,60 CAKE CASES DOLLY GIRL DESIGN,24,2011-11-08 12:45:00,0.55,12583.0
575067,22417,PACK OF 60 SPACEBOY CAKE CASES,24,2011-11-08 12:45:00,0.55,12583.0
575067,21976,PACK OF 60 MUSHROOM CAKE CASES,24,2011-11-08 12:45:00,0.55,12583.0
575067,20719,WOODLAND CHARLOTTE BAG,20,2011-11-08 12:45:00,0.85,12583.0
575067,20724,RED RETROSPOT CHARLOTTE BAG,20,2011-11-08 12:45:00,0.85,12583.0
575067,22356,CHARLOTTE BAG PINK POLKADOT,10,2011-11-08 12:45:00,0.85,12583.0
575067,22492,MINI PAINT SET VINTAGE,108,2011-11-08 12:45:00,0.65,12583.0
575067,22636,CHILDS BREAKFAST SET CIRCUS PARADE,4,2011-11-08 12:45:00,8.5,12583.0
575067,22197,POPCORN HOLDER,24,2011-11-08 12:45:00,0.85,12583.0
575067,22083,PAPER CHAIN KIT RETROSPOT,6,2011-11-08 12:45:00,2.95,12583.0
575067,22326,ROUND SNACK BOXES SET OF4 WOODLAND,6,2011-11-08 12:45:00,2.95,12583.0
575067,22328,ROUND SNACK BOXES SET OF 4 FRUITS,12,2011-11-08 12:45:00,2.95,12583.0
575067,21207,SKULL AND CROSSBONES  GARLAND,12,2011-11-08 12:45:00,1.65,12583.0
575067,22727,ALARM CLOCK BAKELIKE RED,24,2011-11-08 12:45:00,3.75,12583.0
575067,22726,ALARM CLOCK BAKELIKE GREEN,16,2011-11-08 12:45:00,3.75,12583.0
575067,22728,ALARM CLOCK BAKELIKE PINK,12,2011-11-08 12:45:00,3.75,12583.0
575067,22730,ALARM CLOCK BAKELIKE IVORY,12,2011-11-08 12:45:00,3.75,12583.0
575067,23445,ICE CREAM BUBBLES,20,2011-11-08 12:45:00,0.83,12583.0
575067,23298,SPOTTY BUNTING,9,2011-11-08 12:45:00,4.95,12583.0
575067,POST,POSTAGE,2,2011-11-08 12:45:00,18.0,12583.0
575193,23245,SET OF 3 REGENCY CAKE TINS,4,2011-11-09 09:34:00,4.95,12681.0
575193,23324,RUSTIC STRAWBERRY JAM POT LARGE,12,2011-11-09 09:34:00,2.08,12681.0
575193,23445,ICE CREAM BUBBLES,20,2011-11-09 09:34:00,0.83,12681.0
575193,21731,RED TOADSTOOL LED NIGHT LIGHT,12,2011-11-09 09:34:00,1.65,12681.0
575193,22352,LUNCH BOX WITH CUTLERY RETROSPOT,6,2011-11-09 09:34:00,2.55,12681.0
575193,23203,JUMBO BAG VINTAGE DOILY,10,2011-11-09 09:34:00,2.08,12681.0
575193,23202,JUMBO BAG VINTAGE LEAF,10,2011-11-09 09:34:00,2.08,12681.0
575193,23159,SET OF 5 PANCAKE DAY MAGNETS,12,2011-11-09 09:34:00,2.08,12681.0
575193,22402,MAGNETS PACK OF 4 VINTAGE COLLAGE,12,2011-11-09 09:34:00,0.39,12681.0
575193,22032,BOTANICAL LILY GREETING CARD,12,2011-11-09 09:34:00,0.42,12681.0
575193,21509,COWBOYS AND INDIANS BIRTHDAY CARD,12,2011-11-09 09:34:00,0.42,12681.0
575193,23084,RABBIT NIGHT LIGHT,24,2011-11-09 09:34:00,1.79,12681.0
575193,22990,COTTON APRON PANTRY DESIGN,2,2011-11-09 09:34:00,4.95,12681.0
575193,47591D,PINK FAIRY CAKE CHILDRENS APRON,8,2011-11-09 09:34:00,1.95,12681.0
575193,22727,ALARM CLOCK BAKELIKE RED,4,2011-11-09 09:34:00,3.75,12681.0
575193,22728,ALARM CLOCK BAKELIKE PINK,4,2011-11-09 09:34:00,3.75,12681.0
575193,22411,JUMBO SHOPPER VINTAGE RED PAISLEY,10,2011-11-09 09:34:00,2.08,12681.0
575193,20615,BLUE POLKADOT PASSPORT COVER,20,2011-11-09 09:34:00,0.75,12681.0
575193,22556,PLASTERS IN TIN CIRCUS PARADE,12,2011-11-09 09:34:00,1.65,12681.0
575193,22553,PLASTERS IN TIN SKULLS,12,2011-11-09 09:34:00,1.65,12681.0
575193,23494,VINTAGE DOILY DELUXE SEWING KIT,3,2011-11-09 09:34:00,5.95,12681.0
575193,23566,EGG CUP MILKMAID HEIDI,12,2011-11-09 09:34:00,1.25,12681.0
575193,23565,EGG CUP MILKMAID HELGA,12,2011-11-09 09:34:00,1.25,12681.0
575193,22423,REGENCY CAKESTAND 3 TIER,1,2011-11-09 09:34:00,12.75,12681.0
575193,23052,RECYCLED ACAPULCO MAT TURQUOISE,2,2011-11-09 09:34:00,8.25,12681.0
575193,22326,ROUND SNACK BOXES SET OF4 WOODLAND,6,2011-11-09 09:34:00,2.95,12681.0
575193,22328,ROUND SNACK BOXES SET OF 4 FRUITS,6,2011-11-09 09:34:00,2.95,12681.0
575193,22382,LUNCH BAG SPACEBOY DESIGN,10,2011-11-09 09:34:00,1.65,12681.0
575193,23583,LUNCH BAG PAISLEY PARK,10,2011-11-09 09:34:00,1.65,12681.0
575193,23208,LUNCH BAG VINTAGE LEAF DESIGN,10,2011-11-09 09:34:00,1.65,12681.0
575193,20749,ASSORTED COLOUR MINI CASES,2,2011-11-09 09:34:00,7.95,12681.0
575193,22964,3 PIECE SPACEBOY COOKIE CUTTER SET,6,2011-11-09 09:34:00,2.1,12681.0
575193,84380,SET OF 3 BUTTERFLY COOKIE CUTTERS,12,2011-11-09 09:34:00,1.45,12681.0
575193,23243,SET OF TEA COFFEE SUGAR TINS PANTRY,4,2011-11-09 09:34:00,4.95,12681.0
575193,85232D,SET/3 DECOUPAGE STACKING TINS,3,2011-11-09 09:34:00,4.95,12681.0
575193,23198,PANTRY MAGNETIC  SHOPPING LIST,12,2011-11-09 09:34:00,1.45,12681.0
575193,23196,VINTAGE LEAF MAGNETIC NOTEPAD,12,2011-11-09 09:34:00,1.45,12681.0
575193,POST,POSTAGE,5,2011-11-09 09:34:00,18.0,12681.0
575326,22340,NOEL GARLAND PAINTED ZINC,24,2011-11-09 13:47:00,0.39,12532.0
575326,23313,VINTAGE CHRISTMAS BUNTING,5,2011-11-09 13:47:00,4.95,12532.0
575326,22910,PAPER CHAIN KIT VINTAGE CHRISTMAS,6,2011-11-09 13:47:00,2.95,12532.0
575326,22945,CHRISTMAS METAL TAGS ASSORTED,12,2011-11-09 13:47:00,0.85,12532.0
575326,23082,SET 6 PAPER TABLE LANTERN HEARTS,6,2011-11-09 13:47:00,3.75,12532.0
575326,23083,SET 6 PAPER TABLE LANTERN STARS,12,2011-11-09 13:47:00,3.75,12532.0
575326,23318,BOX OF 6 MINI VINTAGE CRACKERS,12,2011-11-09 13:47:00,2.49,12532.0
575326,23319,BOX OF 6 MINI 50'S CRACKERS,6,2011-11-09 13:47:00,2.49,12532.0
575326,22076,6 RIBBONS EMPIRE,12,2011-11-09 13:47:00,1.65,12532.0
575326,21012,ANTIQUE ALL GLASS CANDLESTICK,6,2011-11-09 13:47:00,2.1,12532.0
575326,84946,ANTIQUE SILVER T-LIGHT GLASS,12,2011-11-09 13:47:00,1.25,12532.0
575326,23491,VINTAGE JINGLE BELLS HEART,2,2011-11-09 13:47:00,8.25,12532.0
575326,23439,HAND WARMER RED LOVE HEART,12,2011-11-09 13:47:00,2.1,12532.0
575326,22866,HAND WARMER SCOTTY DOG DESIGN,12,2011-11-09 13:47:00,2.1,12532.0
575326,22867,HAND WARMER BIRD DESIGN,12,2011-11-09 13:47:00,2.1,12532.0
575326,POST,POSTAGE,2,2011-11-09 13:47:00,18.0,12532.0
575519,23084,RABBIT NIGHT LIGHT,48,2011-11-10 10:53:00,1.79,12682.0
575519,23480,MINI LIGHTS WOODLAND MUSHROOMS,8,2011-11-10 10:53:00,3.75,12682.0
575519,23353,6 GIFT TAGS VINTAGE CHRISTMAS,12,2011-11-10 10:53:00,0.83,12682.0
575519,22617,BAKING SET SPACEBOY DESIGN,3,2011-11-10 10:53:00,4.95,12682.0
575519,23571,TRADITIONAL NAUGHTS & CROSSES,12,2011-11-10 10:53:00,1.65,12682.0
575519,23570,TRADITIONAL PICK UP STICKS GAME,12,2011-11-10 10:53:00,1.25,12682.0
575519,22941,CHRISTMAS LIGHTS 10 REINDEER,2,2011-11-10 10:53:00,8.5,12682.0
575519,22899,CHILDREN'S APRON DOLLY GIRL,6,2011-11-10 10:53:00,2.1,12682.0
575519,84375,SET OF 20 KIDS COOKIE CUTTERS,12,2011-11-10 10:53:00,2.1,12682.0
575519,22748,POPPY'S PLAYHOUSE KITCHEN,6,2011-11-10 10:53:00,2.1,12682.0
575519,21791,VINTAGE HEADS AND TAILS CARD GAME,12,2011-11-10 10:53:00,1.25,12682.0
575519,23506,MINI PLAYING CARDS SPACEBOY,20,2011-11-10 10:53:00,0.42,12682.0
575519,23506,MINI PLAYING CARDS SPACEBOY,20,2011-11-10 10:53:00,0.42,12682.0
575519,22661,CHARLOTTE BAG DOLLY GIRL DESIGN,10,2011-11-10 10:53:00,0.85,12682.0
575519,POST,POSTAGE,2,2011-11-10 10:53:00,18.0,12682.0
575581,23395,BELLE JARDINIERE CUSHION COVER,4,2011-11-10 11:53:00,3.75,12659.0
575581,23396,LE JARDIN BOTANIQUE CUSHION COVER,4,2011-11-10 11:53:00,3.75,12659.0
575581,22944,CHRISTMAS METAL POSTCARD WITH BELLS,72,2011-11-10 11:53:00,0.39,12659.0
575581,85015,SET OF 12  VINTAGE POSTCARD SET,24,2011-11-10 11:53:00,0.65,12659.0
575581,POST,POSTAGE,1,2011-11-10 11:53:00,18.0,12659.0
575584,23203,JUMBO BAG VINTAGE DOILY,10,2011-11-10 11:55:00,2.08,12682.0
575584,23199,JUMBO BAG APPLES,10,2011-11-10 11:55:00,2.08,12682.0
575584,23582,VINTAGE DOILY JUMBO BAG RED,10,2011-11-10 11:55:00,2.08,12682.0
575584,20712,JUMBO BAG WOODLAND ANIMALS,10,2011-11-10 11:55:00,2.08,12682.0
575584,23209,LUNCH BAG VINTAGE DOILY,10,2011-11-10 11:55:00,1.65,12682.0
575584,23569,TRADTIONAL ALPHABET STAMP SET,4,2011-11-10 11:55:00,4.95,12682.0
575584,22086,PAPER CHAIN KIT 50'S CHRISTMAS,6,2011-11-10 11:55:00,2.95,12682.0
575584,22910,PAPER CHAIN KIT VINTAGE CHRISTMAS,6,2011-11-10 11:55:00,2.95,12682.0
575584,21774,DECORATIVE CATS BATHROOM BOTTLE,12,2011-11-10 11:55:00,1.25,12682.0
575584,85099B,JUMBO BAG RED RETROSPOT,10,2011-11-10 11:55:00,2.08,12682.0
575584,23200,JUMBO BAG PEARS,10,2011-11-10 11:55:00,2.08,12682.0
575584,20750,RED RETROSPOT MINI CASES,2,2011-11-10 11:55:00,7.95,12682.0
575584,POST,POSTAGE,1,2011-11-10 11:55:00,18.0,12682.0
575629,35970,ZINC FOLKART SLEIGH BELLS,12,2011-11-10 13:34:00,1.69,12599.0
575629,22086,PAPER CHAIN KIT 50'S CHRISTMAS,6,2011-11-10 13:34:00,2.95,12599.0
575629,22909,SET OF 20 VINTAGE CHRISTMAS NAPKINS,12,2011-11-10 13:34:00,0.85,12599.0
575629,23354,6 GIFT TAGS 50'S CHRISTMAS,12,2011-11-10 13:34:00,0.83,12599.0
575629,23353,6 GIFT TAGS VINTAGE CHRISTMAS,12,2011-11-10 13:34:00,0.83,12599.0
575629,21987,PACK OF 6 SKULL PAPER CUPS,12,2011-11-10 13:34:00,0.65,12599.0
575629,21988,PACK OF 6 SKULL PAPER PLATES,12,2011-11-10 13:34:00,0.85,12599.0
575629,20975,12 PENCILS SMALL TUBE RED RETROSPOT,24,2011-11-10 13:34:00,0.65,12599.0
575629,20973,12 PENCIL SMALL TUBE WOODLAND,24,2011-11-10 13:34:00,0.65,12599.0
575629,22540,MINI JIGSAW CIRCUS PARADE,24,2011-11-10 13:34:00,0.42,12599.0
575629,22544,MINI JIGSAW SPACEBOY,24,2011-11-10 13:34:00,0.42,12599.0
575629,22539,MINI JIGSAW DOLLY GIRL,24,2011-11-10 13:34:00,0.42,12599.0
575629,20676,RED RETROSPOT BOWL,8,2011-11-10 13:34:00,1.25,12599.0
575629,POST,POSTAGE,1,2011-11-10 13:34:00,18.0,12599.0
575661,20718,RED RETROSPOT SHOPPER BAG,20,2011-11-10 14:39:00,1.25,12617.0
575661,23209,LUNCH BAG VINTAGE DOILY,1,2011-11-10 14:39:00,1.65,12617.0
575661,22607,WOODEN ROUNDERS GARDEN SET,1,2011-11-10 14:39:00,9.95,12617.0
575661,23490,T-LIGHT HOLDER HANGING LOVE BIRD,6,2011-11-10 14:39:00,3.75,12617.0
575661,23349,ROLL WRAP VINTAGE CHRISTMAS,5,2011-11-10 14:39:00,1.25,12617.0
575661,23350,ROLL WRAP VINTAGE SPOT,5,2011-11-10 14:39:00,1.25,12617.0
575661,23501,KEY RING BASEBALL BOOT UNION JACK,1,2011-11-10 14:39:00,1.25,12617.0
575661,21703,BAG 125g SWIRLY MARBLES,3,2011-11-10 14:39:00,0.42,12617.0
575661,22079,RIBBON REEL HEARTS DESIGN,10,2011-11-10 14:39:00,1.65,12617.0
575661,22080,RIBBON REEL POLKADOTS,10,2011-11-10 14:39:00,1.65,12617.0
575661,22081,RIBBON REEL FLORA + FAUNA,5,2011-11-10 14:39:00,1.65,12617.0
575661,22078,RIBBON REEL LACE DESIGN,5,2011-11-10 14:39:00,2.1,12617.0
575661,22776,SWEETHEART 3 TIER CAKE STAND,1,2011-11-10 14:39:00,9.95,12617.0
575661,22732,3D VINTAGE CHRISTMAS STICKERS,3,2011-11-10 14:39:00,1.25,12617.0
575661,22734,SET OF 6 RIBBONS VINTAGE CHRISTMAS,10,2011-11-10 14:39:00,2.89,12617.0
575661,22077,6 RIBBONS RUSTIC CHARM,10,2011-11-10 14:39:00,1.95,12617.0
575661,90099,NECKLACE+BRACELET SET BLUE HIBISCUS,1,2011-11-10 14:39:00,2.55,12617.0
575661,23371,SET 36 COLOUR PENCILS SPACEBOY,1,2011-11-10 14:39:00,1.25,12617.0
575661,23322,LARGE WHITE HEART OF WICKER,4,2011-11-10 14:39:00,2.95,12617.0
575661,22737,RIBBON REEL CHRISTMAS PRESENT,4,2011-11-10 14:39:00,1.65,12617.0
575661,23512,EMBROIDERED RIBBON REEL ROSIE,5,2011-11-10 14:39:00,2.08,12617.0
575661,23515,EMBROIDERED RIBBON REEL DAISY,5,2011-11-10 14:39:00,2.08,12617.0
575661,23511,EMBROIDERED RIBBON REEL EMILY,10,2011-11-10 14:39:00,2.08,12617.0
575661,23514,EMBROIDERED RIBBON REEL SALLY,10,2011-11-10 14:39:00,2.08,12617.0
575661,23513,EMBROIDERED RIBBON REEL SUSIE,10,2011-11-10 14:39:00,2.08,12617.0
575661,21098,CHRISTMAS TOILET ROLL,2,2011-11-10 14:39:00,1.25,12617.0
575661,23321,SMALL WHITE HEART OF WICKER,3,2011-11-10 14:39:00,1.65,12617.0
575661,22469,HEART OF WICKER SMALL,2,2011-11-10 14:39:00,1.65,12617.0
575661,23329,DECORATIVE WICKER HEART LARGE,4,2011-11-10 14:39:00,1.65,12617.0
575661,23332,IVORY WICKER HEART LARGE,6,2011-11-10 14:39:00,1.65,12617.0
575661,22578,WOODEN STAR CHRISTMAS SCANDINAVIAN,6,2011-11-10 14:39:00,0.29,12617.0
575661,22577,WOODEN HEART CHRISTMAS SCANDINAVIAN,6,2011-11-10 14:39:00,0.29,12617.0
575661,23333,IVORY WICKER HEART MEDIUM,1,2011-11-10 14:39:00,1.25,12617.0
575661,22573,STAR WOODEN CHRISTMAS DECORATION,1,2011-11-10 14:39:00,0.85,12617.0
575661,22571,ROCKING HORSE RED CHRISTMAS,3,2011-11-10 14:39:00,0.85,12617.0
575661,22573,STAR WOODEN CHRISTMAS DECORATION,6,2011-11-10 14:39:00,0.85,12617.0
575661,23333,IVORY WICKER HEART MEDIUM,5,2011-11-10 14:39:00,1.25,12617.0
575661,22574,HEART WOODEN CHRISTMAS DECORATION,6,2011-11-10 14:39:00,0.85,12617.0
575661,22579,WOODEN TREE CHRISTMAS SCANDINAVIAN,6,2011-11-10 14:39:00,0.29,12617.0
575661,22571,ROCKING HORSE RED CHRISTMAS,3,2011-11-10 14:39:00,0.85,12617.0
575661,22572,ROCKING HORSE GREEN CHRISTMAS,6,2011-11-10 14:39:00,0.85,12617.0
575661,21034,REX CASH+CARRY JUMBO SHOPPER,1,2011-11-10 14:39:00,0.95,12617.0
575671,23084,RABBIT NIGHT LIGHT,48,2011-11-10 15:03:00,1.79,12670.0
575671,23480,MINI LIGHTS WOODLAND MUSHROOMS,12,2011-11-10 15:03:00,3.75,12670.0
575671,23350,ROLL WRAP VINTAGE SPOT,12,2011-11-10 15:03:00,1.25,12670.0
575671,23351,ROLL WRAP 50'S CHRISTMAS,12,2011-11-10 15:03:00,1.25,12670.0
575671,23349,ROLL WRAP VINTAGE CHRISTMAS,12,2011-11-10 15:03:00,1.25,12670.0
575671,23353,6 GIFT TAGS VINTAGE CHRISTMAS,48,2011-11-10 15:03:00,0.83,12670.0
575671,22952,60 CAKE CASES VINTAGE CHRISTMAS,24,2011-11-10 15:03:00,0.55,12670.0
575671,21976,PACK OF 60 MUSHROOM CAKE CASES,24,2011-11-10 15:03:00,0.55,12670.0
575671,20749,ASSORTED COLOUR MINI CASES,8,2011-11-10 15:03:00,7.95,12670.0
575671,20750,RED RETROSPOT MINI CASES,8,2011-11-10 15:03:00,7.95,12670.0
575671,22326,ROUND SNACK BOXES SET OF4 WOODLAND,24,2011-11-10 15:03:00,2.95,12670.0
575671,22554,PLASTERS IN TIN WOODLAND ANIMALS,12,2011-11-10 15:03:00,1.65,12670.0
575671,22551,PLASTERS IN TIN SPACEBOY,12,2011-11-10 15:03:00,1.65,12670.0
575671,22556,PLASTERS IN TIN CIRCUS PARADE,12,2011-11-10 15:03:00,1.65,12670.0
575671,21770,OPEN CLOSED METAL SIGN,2,2011-11-10 15:03:00,4.95,12670.0
575671,22976,CIRCUS PARADE CHILDRENS EGG CUP,12,2011-11-10 15:03:00,1.25,12670.0
575671,22964,3 PIECE SPACEBOY COOKIE CUTTER SET,12,2011-11-10 15:03:00,2.1,12670.0
575671,22966,GINGERBREAD MAN COOKIE CUTTER,12,2011-11-10 15:03:00,1.25,12670.0
575671,22992,REVOLVER WOODEN RULER,24,2011-11-10 15:03:00,1.95,12670.0
575671,POST,POSTAGE,3,2011-11-10 15:03:00,18.0,12670.0
575692,21452,TOADSTOOL MONEY BOX,3,2011-11-10 16:27:00,2.95,12508.0
575692,21484,CHICK GREY HOT WATER BOTTLE,3,2011-11-10 16:27:00,4.25,12508.0
575692,21485,RETROSPOT HEART HOT WATER BOTTLE,2,2011-11-10 16:27:00,4.95,12508.0
575692,23597,PAPER BUNTING PAISLEY PARK,1,2011-11-10 16:27:00,2.95,12508.0
575692,20974,12 PENCILS SMALL TUBE SKULL,5,2011-11-10 16:27:00,0.65,12508.0
575692,20973,12 PENCIL SMALL TUBE WOODLAND,5,2011-11-10 16:27:00,0.65,12508.0
575692,23369,SET 36 COLOUR PENCILS LOVE LONDON,5,2011-11-10 16:27:00,1.25,12508.0
575692,20975,12 PENCILS SMALL TUBE RED RETROSPOT,5,2011-11-10 16:27:00,0.65,12508.0
575692,22339,CHRISTMAS TREE PAINTED ZINC,10,2011-11-10 16:27:00,0.19,12508.0
575692,21819,GLITTER CHRISTMAS STAR,2,2011-11-10 16:27:00,0.39,12508.0
575692,85199S,SMALL HANGING IVORY/RED WOOD BIRD,10,2011-11-10 16:27:00,0.42,12508.0
575692,23103,JINGLE BELL HEART DECORATION,5,2011-11-10 16:27:00,1.65,12508.0
575692,21891,TRADITIONAL WOODEN SKIPPING ROPE,3,2011-11-10 16:27:00,1.45,12508.0
575692,22620,4 TRADITIONAL SPINNING TOPS,3,2011-11-10 16:27:00,1.45,12508.0
575692,21818,GLITTER HEART DECORATION,1,2011-11-10 16:27:00,0.39,12508.0
575692,21494,ROTATING LEAVES T-LIGHT HOLDER,5,2011-11-10 16:27:00,1.25,12508.0
575692,23082,SET 6 PAPER TABLE LANTERN HEARTS,3,2011-11-10 16:27:00,3.75,12508.0
575692,22086,PAPER CHAIN KIT 50'S CHRISTMAS,1,2011-11-10 16:27:00,2.95,12508.0
575692,23452,HEART MINI PORTRAIT FRAME,6,2011-11-10 16:27:00,1.95,12508.0
575692,23265,SET OF 3 WOODEN TREE DECORATIONS,1,2011-11-10 16:27:00,1.25,12508.0
575692,85130C,BEADED CRYSTAL HEART BLUE  LARGE,3,2011-11-10 16:27:00,0.79,12508.0
575692,22577,WOODEN HEART CHRISTMAS SCANDINAVIAN,3,2011-11-10 16:27:00,0.29,12508.0
575692,22601,CHRISTMAS RETROSPOT ANGEL WOOD,10,2011-11-10 16:27:00,0.85,12508.0
575692,22595,GINGHAM HEART DECORATION,10,2011-11-10 16:27:00,0.85,12508.0
575692,22219,LOVEBIRD HANGING DECORATION WHITE,10,2011-11-10 16:27:00,0.85,12508.0
575692,23211,RED ROCKING HORSE HAND PAINTED,1,2011-11-10 16:27:00,1.25,12508.0
575692,23210,WHITE ROCKING HORSE HAND PAINTED,2,2011-11-10 16:27:00,1.25,12508.0
575692,22578,WOODEN STAR CHRISTMAS SCANDINAVIAN,2,2011-11-10 16:27:00,0.29,12508.0
575692,22577,WOODEN HEART CHRISTMAS SCANDINAVIAN,5,2011-11-10 16:27:00,0.29,12508.0
575692,23211,RED ROCKING HORSE HAND PAINTED,2,2011-11-10 16:27:00,1.25,12508.0
575692,23210,WHITE ROCKING HORSE HAND PAINTED,1,2011-11-10 16:27:00,1.25,12508.0
575692,22255,FELT TOADSTOOL  SMALL,4,2011-11-10 16:27:00,0.85,12508.0
575692,21439,BASKET OF TOADSTOOLS,5,2011-11-10 16:27:00,1.25,12508.0
575692,22619,SET OF 6 SOLDIER SKITTLES,3,2011-11-10 16:27:00,3.75,12508.0
575692,22115,METAL SIGN EMPIRE TEA,3,2011-11-10 16:27:00,0.79,12508.0
575692,22970,LONDON BUS COFFEE MUG,3,2011-11-10 16:27:00,2.55,12508.0
575692,22971,QUEENS GUARD COFFEE MUG,3,2011-11-10 16:27:00,2.55,12508.0
575692,22144,CHRISTMAS CRAFT LITTLE FRIENDS,3,2011-11-10 16:27:00,2.1,12508.0
575692,22149,FELTCRAFT 6 FLOWER FRIENDS,3,2011-11-10 16:27:00,2.1,12508.0
575692,22744,MAKE YOUR OWN MONSOON CARD KIT,1,2011-11-10 16:27:00,2.95,12508.0
575692,22150,3 STRIPEY MICE FELTCRAFT,3,2011-11-10 16:27:00,1.95,12508.0
575692,23334,IVORY WICKER HEART SMALL,9,2011-11-10 16:27:00,0.63,12508.0
575692,23266,SET OF 3 WOODEN STOCKING DECORATION,1,2011-11-10 16:27:00,1.25,12508.0
575692,21818,GLITTER HEART DECORATION,1,2011-11-10 16:27:00,0.39,12508.0
575692,22578,WOODEN STAR CHRISTMAS SCANDINAVIAN,8,2011-11-10 16:27:00,0.29,12508.0
575692,22139,RETROSPOT TEA SET CERAMIC 11 PC,4,2011-11-10 16:27:00,4.95,12508.0
575692,23321,SMALL WHITE HEART OF WICKER,5,2011-11-10 16:27:00,1.65,12508.0
575692,22696,WICKER WREATH LARGE,3,2011-11-10 16:27:00,1.95,12508.0
575692,22695,WICKER WREATH SMALL,3,2011-11-10 16:27:00,1.45,12508.0
575692,46000S,POLYESTER FILLER PAD 40x40cm,5,2011-11-10 16:27:00,1.45,12508.0
575692,23396,LE JARDIN BOTANIQUE CUSHION COVER,3,2011-11-10 16:27:00,3.75,12508.0
575692,21926,RED/CREAM STRIPE CUSHION COVER,2,2011-11-10 16:27:00,1.25,12508.0
575747,22646,CERAMIC STRAWBERRY CAKE MONEY BANK,12,2011-11-11 10:19:00,1.45,12589.0
575747,22645,CERAMIC HEART FAIRY CAKE MONEY BANK,12,2011-11-11 10:19:00,1.45,12589.0
575747,21124,SET/10 BLUE POLKADOT PARTY CANDLES,24,2011-11-11 10:19:00,1.25,12589.0
575747,21122,SET/10 PINK POLKADOT PARTY CANDLES,24,2011-11-11 10:19:00,1.25,12589.0
575747,21121,SET/10 RED POLKADOT PARTY CANDLES,24,2011-11-11 10:19:00,1.25,12589.0
575747,22367,CHILDRENS APRON SPACEBOY DESIGN,8,2011-11-11 10:19:00,1.95,12589.0
575747,47591D,PINK FAIRY CAKE CHILDRENS APRON,8,2011-11-11 10:19:00,1.95,12589.0
575747,22080,RIBBON REEL POLKADOTS,10,2011-11-11 10:19:00,1.65,12589.0
575747,22964,3 PIECE SPACEBOY COOKIE CUTTER SET,6,2011-11-11 10:19:00,2.1,12589.0
575747,84380,SET OF 3 BUTTERFLY COOKIE CUTTERS,12,2011-11-11 10:19:00,1.45,12589.0
575747,22965,3 TRADITIONAl BISCUIT CUTTERS  SET,6,2011-11-11 10:19:00,2.1,12589.0
575747,84378,SET OF 3 HEART COOKIE CUTTERS,12,2011-11-11 10:19:00,1.45,12589.0
575747,22423,REGENCY CAKESTAND 3 TIER,4,2011-11-11 10:19:00,12.75,12589.0
575747,23245,SET OF 3 REGENCY CAKE TINS,4,2011-11-11 10:19:00,4.95,12589.0
575747,23294,SET OF 6 SNACK LOAF BAKING CASES,8,2011-11-11 10:19:00,0.83,12589.0
575747,23296,SET OF 6 TEA TIME BAKING CASES,8,2011-11-11 10:19:00,1.25,12589.0
575747,23295,SET OF 12 MINI LOAF BAKING CASES,8,2011-11-11 10:19:00,0.83,12589.0
575747,22838,3 TIER CAKE TIN RED AND CREAM,2,2011-11-11 10:19:00,14.95,12589.0
575747,22627,MINT KITCHEN SCALES,2,2011-11-11 10:19:00,8.5,12589.0
575747,22625,RED KITCHEN SCALES,2,2011-11-11 10:19:00,8.5,12589.0
575747,22624,IVORY KITCHEN SCALES,2,2011-11-11 10:19:00,8.5,12589.0
575747,22591,CARDHOLDER GINGHAM CHRISTMAS TREE,6,2011-11-11 10:19:00,3.25,12589.0
575747,22739,RIBBON REEL CHRISTMAS SOCK BAUBLE,10,2011-11-11 10:19:00,1.65,12589.0
575747,22086,PAPER CHAIN KIT 50'S CHRISTMAS,6,2011-11-11 10:19:00,2.95,12589.0
575747,POST,POSTAGE,3,2011-11-11 10:19:00,18.0,12589.0
575759,22577,WOODEN HEART CHRISTMAS SCANDINAVIAN,94,2011-11-11 10:50:00,0.29,""
575759,22578,WOODEN STAR CHRISTMAS SCANDINAVIAN,10,2011-11-11 10:50:00,0.29,""
575759,23481,PEARLISED IVORY HEART SMALL,10,2011-11-11 10:50:00,1.25,""
575759,21833,CAMOUFLAGE LED TORCH,1,2011-11-11 10:50:00,1.69,""
575759,85227,SET OF 6 3D KIT CARDS FOR KIDS,1,2011-11-11 10:50:00,0.85,""
575759,84559A,3D SHEET OF DOG STICKERS,2,2011-11-11 10:50:00,0.85,""
575759,21881,CUTE CATS TAPE,1,2011-11-11 10:50:00,0.65,""
575759,84569A,PACK 3 IRON ON DOG PATCHES,1,2011-11-11 10:50:00,1.25,""
575759,22551,PLASTERS IN TIN SPACEBOY,1,2011-11-11 10:50:00,1.65,""
575759,84558A,3D DOG PICTURE PLAYING CARDS,2,2011-11-11 10:50:00,2.95,""
575759,22972,CHILDREN'S SPACEBOY MUG,1,2011-11-11 10:50:00,1.65,""
575759,21107,CREAM SLICE FLANNEL PINK SPOT,2,2011-11-11 10:50:00,2.95,""
575759,22138,BAKING SET 9 PIECE RETROSPOT,1,2011-11-11 10:50:00,4.95,""
575759,22617,BAKING SET SPACEBOY DESIGN,1,2011-11-11 10:50:00,4.95,""
575759,84836,ZINC METAL HEART DECORATION,24,2011-11-11 10:50:00,1.25,""
575759,21811,HANGING HEART WITH BELL,48,2011-11-11 10:50:00,0.39,""
575759,21822,GLITTER CHRISTMAS TREE WITH BELLS,12,2011-11-11 10:50:00,0.79,""
575759,21034,REX CASH+CARRY JUMBO SHOPPER,1,2011-11-11 10:50:00,0.95,""
575845,23158,SET OF 5 LUCKY CAT MAGNETS,12,2011-11-11 12:07:00,2.08,12598.0
575845,23204,CHARLOTTE BAG APPLES DESIGN,50,2011-11-11 12:07:00,0.85,12598.0
575845,20724,RED RETROSPOT CHARLOTTE BAG,30,2011-11-11 12:07:00,0.85,12598.0
575845,22661,CHARLOTTE BAG DOLLY GIRL DESIGN,20,2011-11-11 12:07:00,0.85,12598.0
575845,22551,PLASTERS IN TIN SPACEBOY,24,2011-11-11 12:07:00,1.65,12598.0
575845,22554,PLASTERS IN TIN WOODLAND ANIMALS,12,2011-11-11 12:07:00,1.65,12598.0
575845,22556,PLASTERS IN TIN CIRCUS PARADE,12,2011-11-11 12:07:00,1.65,12598.0
575845,23084,RABBIT NIGHT LIGHT,12,2011-11-11 12:07:00,2.08,12598.0
575845,23371,SET 36 COLOUR PENCILS SPACEBOY,16,2011-11-11 12:07:00,1.25,12598.0
575845,23372,SET 36 COLOUR PENCILS DOLLY GIRL,16,2011-11-11 12:07:00,1.25,12598.0
575845,22609,PENS ASSORTED SPACEBALL,36,2011-11-11 12:07:00,0.19,12598.0
575845,22610,PENS ASSORTED FUNNY FACE,36,2011-11-11 12:07:00,0.19,12598.0
575845,22181,SNOWSTORM PHOTO FRAME FRIDGE MAGNET,60,2011-11-11 12:07:00,0.85,12598.0
575845,POST,POSTAGE,1,2011-11-11 12:07:00,18.0,12598.0
575880,23382,BOX OF 6 CHRISTMAS CAKE DECORATIONS,4,2011-11-11 13:35:00,3.75,12726.0
575880,22964,3 PIECE SPACEBOY COOKIE CUTTER SET,6,2011-11-11 13:35:00,2.1,12726.0
575880,22082,RIBBON REEL STRIPES DESIGN,10,2011-11-11 13:35:00,1.65,12726.0
575880,22531,MAGIC DRAWING SLATE CIRCUS PARADE,72,2011-11-11 13:35:00,0.42,12726.0
575880,22908,PACK OF 20 NAPKINS RED APPLES,24,2011-11-11 13:35:00,0.85,12726.0
575880,21207,SKULL AND CROSSBONES  GARLAND,12,2011-11-11 13:35:00,1.65,12726.0
575880,21086,SET/6 RED SPOTTY PAPER CUPS,48,2011-11-11 13:35:00,0.65,12726.0
575880,21094,SET/6 RED SPOTTY PAPER PLATES,36,2011-11-11 13:35:00,0.85,12726.0
575880,21080,SET/20 RED RETROSPOT PAPER NAPKINS,24,2011-11-11 13:35:00,0.85,12726.0
575880,22529,MAGIC DRAWING SLATE GO TO THE FAIR,24,2011-11-11 13:35:00,0.42,12726.0
575880,22535,MAGIC DRAWING SLATE BUNNIES,24,2011-11-11 13:35:00,0.42,12726.0
575880,21988,PACK OF 6 SKULL PAPER PLATES,12,2011-11-11 13:35:00,0.85,12726.0
575880,22437,SET OF 9 BLACK SKULL BALLOONS,20,2011-11-11 13:35:00,0.85,12726.0
575880,22620,4 TRADITIONAL SPINNING TOPS,36,2011-11-11 13:35:00,1.45,12726.0
575880,22435,SET OF 9 HEART SHAPED BALLOONS,12,2011-11-11 13:35:00,1.25,12726.0
575880,22492,MINI PAINT SET VINTAGE,72,2011-11-11 13:35:00,0.65,12726.0
575880,21987,PACK OF 6 SKULL PAPER CUPS,12,2011-11-11 13:35:00,0.65,12726.0
575880,22544,MINI JIGSAW SPACEBOY,48,2011-11-11 13:35:00,0.42,12726.0
575880,22440,BALLOON WATER BOMB PACK OF 35,20,2011-11-11 13:35:00,0.42,12726.0
575880,22550,HOLIDAY FUN LUDO,4,2011-11-11 13:35:00,3.75,12726.0
575880,21912,VINTAGE SNAKES & LADDERS,4,2011-11-11 13:35:00,3.75,12726.0
575880,22255,FELT TOADSTOOL  SMALL,36,2011-11-11 13:35:00,0.85,12726.0
575880,21122,SET/10 PINK POLKADOT PARTY CANDLES,24,2011-11-11 13:35:00,1.25,12726.0
575880,21121,SET/10 RED POLKADOT PARTY CANDLES,24,2011-11-11 13:35:00,1.25,12726.0
575880,21123,SET/10 IVORY POLKADOT PARTY CANDLES,24,2011-11-11 13:35:00,1.25,12726.0
575880,21124,SET/10 BLUE POLKADOT PARTY CANDLES,24,2011-11-11 13:35:00,1.25,12726.0
575880,22333,RETROSPOT PARTY BAG + STICKER SET,8,2011-11-11 13:35:00,1.65,12726.0
575880,21989,PACK OF 20 SKULL PAPER NAPKINS,24,2011-11-11 13:35:00,0.85,12726.0
575880,22613,PACK OF 20 SPACEBOY NAPKINS,24,2011-11-11 13:35:00,0.85,12726.0
575880,22080,RIBBON REEL POLKADOTS,10,2011-11-11 13:35:00,1.65,12726.0
575880,22549,PICTURE DOMINOES,12,2011-11-11 13:35:00,1.45,12726.0
575880,21791,VINTAGE HEADS AND TAILS CARD GAME,12,2011-11-11 13:35:00,1.25,12726.0
575880,21888,BINGO SET,4,2011-11-11 13:35:00,3.75,12726.0
575880,23229,VINTAGE DONKEY TAIL GAME,6,2011-11-11 13:35:00,3.75,12726.0
575880,21913,VINTAGE SEASIDE JIGSAW PUZZLES,4,2011-11-11 13:35:00,3.75,12726.0
575880,POST,POSTAGE,3,2011-11-11 13:35:00,18.0,12726.0
575884,85048,15CM CHRISTMAS GLASS BALL 20 LIGHTS,8,2011-11-11 13:46:00,7.95,12685.0
575884,23058,CHRISTMAS HANGING SNOWFLAKE,12,2011-11-11 13:46:00,0.79,12685.0
575884,22575,METAL MERRY CHRISTMAS WREATH,8,2011-11-11 13:46:00,1.95,12685.0
575884,22594,CHRISTMAS GINGHAM TREE,12,2011-11-11 13:46:00,0.85,12685.0
575884,23221,REINDEER HEART DECORATION SILVER,12,2011-11-11 13:46:00,0.83,12685.0
575884,23351,ROLL WRAP 50'S CHRISTMAS,12,2011-11-11 13:46:00,1.25,12685.0
575884,85230B,CINNAMON SCENTED VOTIVE CANDLE,24,2011-11-11 13:46:00,0.29,12685.0
575884,35970,ZINC FOLKART SLEIGH BELLS,12,2011-11-11 13:46:00,1.69,12685.0
575884,23084,RABBIT NIGHT LIGHT,6,2011-11-11 13:46:00,2.08,12685.0
575884,23480,MINI LIGHTS WOODLAND MUSHROOMS,4,2011-11-11 13:46:00,3.75,12685.0
575884,23203,JUMBO BAG VINTAGE DOILY,10,2011-11-11 13:46:00,2.08,12685.0
575884,23209,LUNCH BAG VINTAGE DOILY,10,2011-11-11 13:46:00,1.65,12685.0
575884,21135,VICTORIAN  METAL POSTCARD SPRING,8,2011-11-11 13:46:00,1.69,12685.0
575884,22593,CHRISTMAS GINGHAM STAR,12,2011-11-11 13:46:00,0.85,12685.0
575884,22601,CHRISTMAS RETROSPOT ANGEL WOOD,12,2011-11-11 13:46:00,0.85,12685.0
575884,22940,FELTCRAFT CHRISTMAS FAIRY,4,2011-11-11 13:46:00,4.25,12685.0
575884,23275,SET OF 3 HANGING OWLS OLLIE BEAK,12,2011-11-11 13:46:00,1.25,12685.0
575884,22727,ALARM CLOCK BAKELIKE RED,8,2011-11-11 13:46:00,3.75,12685.0
575884,22726,ALARM CLOCK BAKELIKE GREEN,4,2011-11-11 13:46:00,3.75,12685.0
575884,22728,ALARM CLOCK BAKELIKE PINK,4,2011-11-11 13:46:00,3.75,12685.0
575884,23109,PACK OF SIX LED TEA LIGHTS,6,2011-11-11 13:46:00,2.89,12685.0
575884,POST,POSTAGE,3,2011-11-11 13:46:00,18.0,12685.0
575916,21731,RED TOADSTOOL LED NIGHT LIGHT,96,2011-11-11 16:49:00,1.65,12691.0
575916,POST,POSTAGE,1,2011-11-11 16:49:00,18.0,12691.0
576064,21326,AGED GLASS SILVER T-LIGHT HOLDER,3,2011-11-13 15:37:00,0.65,12508.0
576064,82482,WOODEN PICTURE FRAME WHITE FINISH,3,2011-11-13 15:37:00,2.95,12508.0
576064,20724,RED RETROSPOT CHARLOTTE BAG,5,2011-11-13 15:37:00,0.85,12508.0
576064,22619,SET OF 6 SOLDIER SKITTLES,2,2011-11-13 15:37:00,3.75,12508.0
576064,22219,LOVEBIRD HANGING DECORATION WHITE,5,2011-11-13 15:37:00,0.85,12508.0
576064,23367,SET 12 COLOUR PENCILS SPACEBOY,5,2011-11-13 15:37:00,0.65,12508.0
576064,22544,MINI JIGSAW SPACEBOY,5,2011-11-13 15:37:00,0.42,12508.0
576064,22139,RETROSPOT TEA SET CERAMIC 11 PC,4,2011-11-13 15:37:00,4.95,12508.0
576064,22255,FELT TOADSTOOL  SMALL,5,2011-11-13 15:37:00,0.85,12508.0
576064,21439,BASKET OF TOADSTOOLS,4,2011-11-13 15:37:00,1.25,12508.0
576064,22507,MEMO BOARD RETROSPOT  DESIGN,2,2011-11-13 15:37:00,4.95,12508.0
576064,20719,WOODLAND CHARLOTTE BAG,5,2011-11-13 15:37:00,0.85,12508.0
576064,22588,CARD HOLDER GINGHAM HEART,7,2011-11-13 15:37:00,2.89,12508.0
576064,21429,RED GINGHAM ROSE JEWELLERY BOX,6,2011-11-13 15:37:00,1.95,12508.0
576064,46000S,POLYESTER FILLER PAD 40x40cm,4,2011-11-13 15:37:00,1.45,12508.0
576064,23395,BELLE JARDINIERE CUSHION COVER,2,2011-11-13 15:37:00,3.75,12508.0
576064,21926,RED/CREAM STRIPE CUSHION COVER,2,2011-11-13 15:37:00,1.25,12508.0
576087,21731,RED TOADSTOOL LED NIGHT LIGHT,24,2011-11-14 08:31:00,1.65,12689.0
576087,22027,TEA PARTY BIRTHDAY CARD,24,2011-11-14 08:31:00,0.42,12689.0
576087,22037,ROBOT BIRTHDAY CARD,12,2011-11-14 08:31:00,0.42,12689.0
576087,23292,SPACEBOY CHILDRENS CUP,8,2011-11-14 08:31:00,1.25,12689.0
576087,22634,CHILDS BREAKFAST SET SPACEBOY,4,2011-11-14 08:31:00,9.95,12689.0
576087,22551,PLASTERS IN TIN SPACEBOY,12,2011-11-14 08:31:00,1.65,12689.0
576087,23290,SPACEBOY CHILDRENS BOWL,8,2011-11-14 08:31:00,1.25,12689.0
576087,22382,LUNCH BAG SPACEBOY DESIGN,10,2011-11-14 08:31:00,1.65,12689.0
576087,22385,JUMBO BAG SPACEBOY DESIGN,10,2011-11-14 08:31:00,2.08,12689.0
576087,22635,CHILDS BREAKFAST SET DOLLY GIRL,4,2011-11-14 08:31:00,9.95,12689.0
576087,20726,LUNCH BAG WOODLAND,10,2011-11-14 08:31:00,1.65,12689.0
576087,20725,LUNCH BAG RED RETROSPOT,10,2011-11-14 08:31:00,1.65,12689.0
576087,23206,LUNCH BAG APPLE DESIGN,10,2011-11-14 08:31:00,1.65,12689.0
576087,22898,CHILDRENS APRON APPLES DESIGN,8,2011-11-14 08:31:00,1.95,12689.0
576087,22367,CHILDRENS APRON SPACEBOY DESIGN,8,2011-11-14 08:31:00,1.95,12689.0
576087,21156,RETROSPOT CHILDRENS APRON,8,2011-11-14 08:31:00,1.95,12689.0
576087,79191C,RETRO PLASTIC ELEPHANT TRAY,12,2011-11-14 08:31:00,0.85,12689.0
576087,79191B,RETRO PLASTIC POLKA TRAY,12,2011-11-14 08:31:00,0.85,12689.0
576087,20682,RED RETROSPOT CHILDRENS UMBRELLA,6,2011-11-14 08:31:00,3.25,12689.0
576087,20724,RED RETROSPOT CHARLOTTE BAG,10,2011-11-14 08:31:00,0.85,12689.0
576087,20719,WOODLAND CHARLOTTE BAG,10,2011-11-14 08:31:00,0.85,12689.0
576087,23388,WOODLAND MINI BACKPACK,4,2011-11-14 08:31:00,4.15,12689.0
576087,23389,SPACEBOY MINI BACKPACK,4,2011-11-14 08:31:00,4.15,12689.0
576087,23390,DOLLY GIRL MINI BACKPACK,4,2011-11-14 08:31:00,4.15,12689.0
576087,22381,TOY TIDY PINK POLKADOT,5,2011-11-14 08:31:00,2.1,12689.0
576087,22380,TOY TIDY SPACEBOY,5,2011-11-14 08:31:00,2.1,12689.0
576087,22379,RECYCLING BAG RETROSPOT,5,2011-11-14 08:31:00,2.1,12689.0
576087,20712,JUMBO BAG WOODLAND ANIMALS,10,2011-11-14 08:31:00,2.08,12689.0
576087,23202,JUMBO BAG VINTAGE LEAF,10,2011-11-14 08:31:00,2.08,12689.0
576087,85099B,JUMBO BAG RED RETROSPOT,10,2011-11-14 08:31:00,2.08,12689.0
576087,22661,CHARLOTTE BAG DOLLY GIRL DESIGN,10,2011-11-14 08:31:00,0.85,12689.0
576087,22554,PLASTERS IN TIN WOODLAND ANIMALS,12,2011-11-14 08:31:00,1.65,12689.0
576087,23480,MINI LIGHTS WOODLAND MUSHROOMS,8,2011-11-14 08:31:00,3.75,12689.0
576087,23084,RABBIT NIGHT LIGHT,24,2011-11-14 08:31:00,1.79,12689.0
576087,23108,SET OF 10 LED DOLLY LIGHTS,4,2011-11-14 08:31:00,6.25,12689.0
576087,21481,FAWN BLUE HOT WATER BOTTLE,4,2011-11-14 08:31:00,3.75,12689.0
576087,22727,ALARM CLOCK BAKELIKE RED,4,2011-11-14 08:31:00,3.75,12689.0
576087,POST,POSTAGE,4,2011-11-14 08:31:00,18.0,12689.0
576222,23506,MINI PLAYING CARDS SPACEBOY,20,2011-11-14 13:02:00,0.42,12490.0
576222,21987,PACK OF 6 SKULL PAPER CUPS,24,2011-11-14 13:02:00,0.65,12490.0
576222,21989,PACK OF 20 SKULL PAPER NAPKINS,24,2011-11-14 13:02:00,0.85,12490.0
576222,21988,PACK OF 6 SKULL PAPER PLATES,24,2011-11-14 13:02:00,0.85,12490.0
576222,22466,FAIRY TALE COTTAGE NIGHT LIGHT,12,2011-11-14 13:02:00,1.95,12490.0
576222,22331,WOODLAND PARTY BAG + STICKER SET,16,2011-11-14 13:02:00,1.65,12490.0
576222,21914,BLUE HARMONICA IN BOX,12,2011-11-14 13:02:00,1.25,12490.0
576222,21912,VINTAGE SNAKES & LADDERS,8,2011-11-14 13:02:00,3.75,12490.0
576222,23569,TRADTIONAL ALPHABET STAMP SET,8,2011-11-14 13:02:00,4.95,12490.0
576222,23293,SET OF 12 FAIRY CAKE BAKING CASES,16,2011-11-14 13:02:00,0.83,12490.0
576222,23296,SET OF 6 TEA TIME BAKING CASES,16,2011-11-14 13:02:00,1.25,12490.0
576222,23084,RABBIT NIGHT LIGHT,24,2011-11-14 13:02:00,1.79,12490.0
576222,22492,MINI PAINT SET VINTAGE,36,2011-11-14 13:02:00,0.65,12490.0
576222,22534,MAGIC DRAWING SLATE SPACEBOY,24,2011-11-14 13:02:00,0.42,12490.0
576222,22437,SET OF 9 BLACK SKULL BALLOONS,20,2011-11-14 13:02:00,0.85,12490.0
576222,22332,SKULLS PARTY BAG + STICKER SET,8,2011-11-14 13:02:00,1.65,12490.0
576222,21544,SKULLS  WATER TRANSFER TATTOOS,12,2011-11-14 13:02:00,0.85,12490.0
576222,22333,RETROSPOT PARTY BAG + STICKER SET,16,2011-11-14 13:02:00,1.65,12490.0
576222,POST,POSTAGE,2,2011-11-14 13:02:00,18.0,12490.0
576245,23389,SPACEBOY MINI BACKPACK,4,2011-11-14 13:40:00,4.15,12553.0
576245,23206,LUNCH BAG APPLE DESIGN,20,2011-11-14 13:40:00,1.65,12553.0
576245,20725,LUNCH BAG RED RETROSPOT,10,2011-11-14 13:40:00,1.65,12553.0
576245,22379,RECYCLING BAG RETROSPOT,10,2011-11-14 13:40:00,2.1,12553.0
576245,21931,JUMBO STORAGE BAG SUKI,10,2011-11-14 13:40:00,2.08,12553.0
576245,22568,FELTCRAFT CUSHION OWL,8,2011-11-14 13:40:00,3.75,12553.0
576245,22746,POPPY'S PLAYHOUSE LIVINGROOM,12,2011-11-14 13:40:00,2.1,12553.0
576245,22748,POPPY'S PLAYHOUSE KITCHEN,12,2011-11-14 13:40:00,2.1,12553.0
576245,22745,POPPY'S PLAYHOUSE BEDROOM,12,2011-11-14 13:40:00,2.1,12553.0
576245,23084,RABBIT NIGHT LIGHT,18,2011-11-14 13:40:00,2.08,12553.0
576245,21731,RED TOADSTOOL LED NIGHT LIGHT,12,2011-11-14 13:40:00,1.65,12553.0
576245,22554,PLASTERS IN TIN WOODLAND ANIMALS,12,2011-11-14 13:40:00,1.65,12553.0
576245,23566,EGG CUP MILKMAID HEIDI,12,2011-11-14 13:40:00,1.25,12553.0
576245,23564,EGG CUP MILKMAID INGRID,12,2011-11-14 13:40:00,1.25,12553.0
576245,15056BL,EDWARDIAN PARASOL BLACK,3,2011-11-14 13:40:00,5.95,12553.0
576245,85014B,RED RETROSPOT UMBRELLA,3,2011-11-14 13:40:00,5.95,12553.0
576245,35970,ZINC FOLKART SLEIGH BELLS,12,2011-11-14 13:40:00,1.69,12553.0
576245,22571,ROCKING HORSE RED CHRISTMAS,12,2011-11-14 13:40:00,0.85,12553.0
576245,22941,CHRISTMAS LIGHTS 10 REINDEER,2,2011-11-14 13:40:00,8.5,12553.0
576245,22621,TRADITIONAL KNITTING NANCY,12,2011-11-14 13:40:00,1.65,12553.0
576245,23569,TRADTIONAL ALPHABET STAMP SET,4,2011-11-14 13:40:00,4.95,12553.0
576245,20712,JUMBO BAG WOODLAND ANIMALS,10,2011-11-14 13:40:00,2.08,12553.0
576245,POST,POSTAGE,3,2011-11-14 13:40:00,18.0,12553.0
576373,23319,BOX OF 6 MINI 50'S CRACKERS,12,2011-11-15 08:43:00,2.49,12640.0
576373,48138,DOORMAT UNION FLAG,6,2011-11-15 08:43:00,8.25,12640.0
576373,22193,RED DINER WALL CLOCK,4,2011-11-15 08:43:00,8.5,12640.0
576373,23543,WALL ART KEEP CALM,2,2011-11-15 08:43:00,8.25,12640.0
576373,23554,LANDMARK FRAME OXFORD STREET,3,2011-11-15 08:43:00,12.5,12640.0
576373,23555,LANDMARK FRAME NOTTING HILL,3,2011-11-15 08:43:00,12.5,12640.0
576373,23556,LANDMARK FRAME COVENT GARDEN,3,2011-11-15 08:43:00,12.5,12640.0
576373,23534,WALL ART STOP FOR TEA,3,2011-11-15 08:43:00,5.95,12640.0
576373,POST,POSTAGE,4,2011-11-15 08:43:00,18.0,12640.0
576399,21918,SET 12 KIDS COLOUR  CHALK STICKS,24,2011-11-15 10:50:00,0.42,12684.0
576399,21917,SET 12 KIDS  WHITE CHALK STICKS,24,2011-11-15 10:50:00,0.42,12684.0
576399,20719,WOODLAND CHARLOTTE BAG,10,2011-11-15 10:50:00,0.85,12684.0
576399,22356,CHARLOTTE BAG PINK POLKADOT,10,2011-11-15 10:50:00,0.85,12684.0
576399,21156,RETROSPOT CHILDRENS APRON,8,2011-11-15 10:50:00,1.95,12684.0
576399,22367,CHILDRENS APRON SPACEBOY DESIGN,8,2011-11-15 10:50:00,1.95,12684.0
576399,20728,LUNCH BAG CARS BLUE,10,2011-11-15 10:50:00,1.65,12684.0
576399,20726,LUNCH BAG WOODLAND,10,2011-11-15 10:50:00,1.65,12684.0
576399,22382,LUNCH BAG SPACEBOY DESIGN,10,2011-11-15 10:50:00,1.65,12684.0
576399,22417,PACK OF 60 SPACEBOY CAKE CASES,24,2011-11-15 10:50:00,0.55,12684.0
576399,21977,PACK OF 60 PINK PAISLEY CAKE CASES,24,2011-11-15 10:50:00,0.55,12684.0
576399,84991,60 TEATIME FAIRY CAKE CASES,24,2011-11-15 10:50:00,0.55,12684.0
576399,84992,72 SWEETHEART FAIRY CAKE CASES,24,2011-11-15 10:50:00,0.55,12684.0
576399,22557,PLASTERS IN TIN VINTAGE PAISLEY,12,2011-11-15 10:50:00,1.65,12684.0
576399,22551,PLASTERS IN TIN SPACEBOY,12,2011-11-15 10:50:00,1.65,12684.0
576399,22992,REVOLVER WOODEN RULER,12,2011-11-15 10:50:00,1.95,12684.0
576399,20979,36 PENCILS TUBE RED RETROSPOT,16,2011-11-15 10:50:00,1.25,12684.0
576399,23192,BUNDLE OF 3 ALPHABET EXERCISE BOOKS,12,2011-11-15 10:50:00,1.65,12684.0
576399,22530,MAGIC DRAWING SLATE DOLLY GIRL,24,2011-11-15 10:50:00,0.42,12684.0
576399,22534,MAGIC DRAWING SLATE SPACEBOY,24,2011-11-15 10:50:00,0.42,12684.0
576399,22139,RETROSPOT TEA SET CERAMIC 11 PC,3,2011-11-15 10:50:00,4.95,12684.0
576399,22540,MINI JIGSAW CIRCUS PARADE,24,2011-11-15 10:50:00,0.42,12684.0
576399,21704,BAG 250g SWIRLY MARBLES,12,2011-11-15 10:50:00,0.85,12684.0
576399,23367,SET 12 COLOUR PENCILS SPACEBOY,16,2011-11-15 10:50:00,0.65,12684.0
576399,23354,6 GIFT TAGS 50'S CHRISTMAS,12,2011-11-15 10:50:00,0.83,12684.0
576399,22752,SET 7 BABUSHKA NESTING BOXES,2,2011-11-15 10:50:00,8.5,12684.0
576399,22732,3D VINTAGE CHRISTMAS STICKERS,18,2011-11-15 10:50:00,1.25,12684.0
576399,22733,3D TRADITIONAL CHRISTMAS STICKERS,18,2011-11-15 10:50:00,1.25,12684.0
576399,23319,BOX OF 6 MINI 50'S CRACKERS,12,2011-11-15 10:50:00,2.49,12684.0
576399,POST,POSTAGE,2,2011-11-15 10:50:00,18.0,12684.0
576669,POST,POSTAGE,1,2011-11-16 11:52:00,18.0,12640.0
576669,23319,BOX OF 6 MINI 50'S CRACKERS,24,2011-11-16 11:52:00,2.49,12640.0
576672,23084,RABBIT NIGHT LIGHT,72,2011-11-16 11:59:00,1.79,12731.0
576672,22699,ROSES REGENCY TEACUP AND SAUCER,24,2011-11-16 11:59:00,2.55,12731.0
576672,22745,POPPY'S PLAYHOUSE BEDROOM,12,2011-11-16 11:59:00,2.1,12731.0
576672,22747,POPPY'S PLAYHOUSE BATHROOM,12,2011-11-16 11:59:00,2.1,12731.0
576672,22748,POPPY'S PLAYHOUSE KITCHEN,12,2011-11-16 11:59:00,2.1,12731.0
576672,21889,WOODEN BOX OF DOMINOES,12,2011-11-16 11:59:00,1.25,12731.0
576672,23010,CIRCUS PARADE BABY GIFT SET,12,2011-11-16 11:59:00,14.95,12731.0
576672,23007,SPACEBOY BABY GIFT SET,6,2011-11-16 11:59:00,14.95,12731.0
576672,21481,FAWN BLUE HOT WATER BOTTLE,36,2011-11-16 11:59:00,3.39,12731.0
576672,21524,DOORMAT SPOTTY HOME SWEET HOME,10,2011-11-16 11:59:00,7.08,12731.0
576672,20685,DOORMAT RED RETROSPOT,10,2011-11-16 11:59:00,7.08,12731.0
576672,48111,DOORMAT 3 SMILEY CATS,10,2011-11-16 11:59:00,7.08,12731.0
576672,22492,MINI PAINT SET VINTAGE,36,2011-11-16 11:59:00,0.65,12731.0
576672,84879,ASSORTED COLOUR BIRD ORNAMENT,160,2011-11-16 11:59:00,1.45,12731.0
576672,20725,LUNCH BAG RED RETROSPOT,20,2011-11-16 11:59:00,1.65,12731.0
576672,22382,LUNCH BAG SPACEBOY DESIGN,30,2011-11-16 11:59:00,1.65,12731.0
576672,22629,SPACEBOY LUNCH BOX,36,2011-11-16 11:59:00,1.95,12731.0
576672,22662,LUNCH BAG DOLLY GIRL DESIGN,20,2011-11-16 11:59:00,1.65,12731.0
576672,21212,PACK OF 72 RETROSPOT CAKE CASES,24,2011-11-16 11:59:00,0.55,12731.0
576672,22988,SOLDIERS EGG CUP,24,2011-11-16 11:59:00,1.25,12731.0
576672,20682,RED RETROSPOT CHILDRENS UMBRELLA,24,2011-11-16 11:59:00,3.25,12731.0
576672,10125,MINI FUNKY DESIGN TAPES,60,2011-11-16 11:59:00,0.85,12731.0
576894,22752,SET 7 BABUSHKA NESTING BOXES,6,2011-11-17 08:35:00,8.5,12681.0
576894,22749,FELTCRAFT PRINCESS CHARLOTTE DOLL,4,2011-11-17 08:35:00,3.75,12681.0
576894,22751,FELTCRAFT PRINCESS OLIVIA DOLL,4,2011-11-17 08:35:00,3.75,12681.0
576894,22273,FELTCRAFT DOLL MOLLY,6,2011-11-17 08:35:00,2.95,12681.0
576894,22320,BIRDS MOBILE VINTAGE DESIGN,3,2011-11-17 08:35:00,5.95,12681.0
576894,22745,POPPY'S PLAYHOUSE BEDROOM,6,2011-11-17 08:35:00,2.1,12681.0
576894,22747,POPPY'S PLAYHOUSE BATHROOM,6,2011-11-17 08:35:00,2.1,12681.0
576894,22746,POPPY'S PLAYHOUSE LIVINGROOM,6,2011-11-17 08:35:00,2.1,12681.0
576894,22748,POPPY'S PLAYHOUSE KITCHEN,6,2011-11-17 08:35:00,2.1,12681.0
576894,22142,CHRISTMAS CRAFT WHITE FAIRY,12,2011-11-17 08:35:00,1.45,12681.0
576894,22940,FELTCRAFT CHRISTMAS FAIRY,4,2011-11-17 08:35:00,4.25,12681.0
576894,22325,MOBILE VINTAGE HEARTS,3,2011-11-17 08:35:00,4.95,12681.0
576894,22083,PAPER CHAIN KIT RETROSPOT,6,2011-11-17 08:35:00,2.95,12681.0
576894,23266,SET OF 3 WOODEN STOCKING DECORATION,12,2011-11-17 08:35:00,1.25,12681.0
576894,22579,WOODEN TREE CHRISTMAS SCANDINAVIAN,24,2011-11-17 08:35:00,0.29,12681.0
576894,POST,POSTAGE,2,2011-11-17 08:35:00,18.0,12681.0
C576908,22551,PLASTERS IN TIN SPACEBOY,-1,2011-11-17 09:39:00,1.65,12670.0
C576908,22556,PLASTERS IN TIN CIRCUS PARADE,-5,2011-11-17 09:39:00,1.65,12670.0
576927,23231,WRAP  VINTAGE DOILY,25,2011-11-17 11:02:00,0.42,12567.0
576927,22580,ADVENT CALENDAR GINGHAM SACK,3,2011-11-17 11:02:00,5.95,12567.0
576927,22946,WOODEN ADVENT CALENDAR CREAM,4,2011-11-17 11:02:00,16.95,12567.0
576927,23318,BOX OF 6 MINI VINTAGE CRACKERS,6,2011-11-17 11:02:00,2.49,12567.0
576927,23320,GIANT 50'S CHRISTMAS CRACKER,12,2011-11-17 11:02:00,2.89,12567.0
576927,22121,NOEL WOODEN BLOCK LETTERS,3,2011-11-17 11:02:00,5.95,12567.0
576927,23267,SET OF 4 SANTA PLACE SETTINGS,12,2011-11-17 11:02:00,1.25,12567.0
576927,22940,FELTCRAFT CHRISTMAS FAIRY,8,2011-11-17 11:02:00,4.25,12567.0
576927,22141,CHRISTMAS CRAFT TREE TOP ANGEL,6,2011-11-17 11:02:00,2.1,12567.0
576927,22144,CHRISTMAS CRAFT LITTLE FRIENDS,6,2011-11-17 11:02:00,2.1,12567.0
576927,21813,GARLAND WITH STARS AND BELLS,6,2011-11-17 11:02:00,4.95,12567.0
576927,21812,GARLAND WITH HEARTS AND BELLS,6,2011-11-17 11:02:00,4.95,12567.0
576927,21821,GLITTER STAR GARLAND WITH BELLS,6,2011-11-17 11:02:00,3.75,12567.0
576927,23313,VINTAGE CHRISTMAS BUNTING,5,2011-11-17 11:02:00,4.95,12567.0
576927,35953,FOLKART STAR CHRISTMAS DECORATIONS,48,2011-11-17 11:02:00,0.39,12567.0
576927,35970,ZINC FOLKART SLEIGH BELLS,12,2011-11-17 11:02:00,1.69,12567.0
576927,21208,PASTEL COLOUR HONEYCOMB FAN,12,2011-11-17 11:02:00,0.39,12567.0
576927,21194,PINK  HONEYCOMB PAPER FAN,12,2011-11-17 11:02:00,0.65,12567.0
576927,21463,MIRRORED DISCO BALL,2,2011-11-17 11:02:00,5.95,12567.0
576927,23176,ABC TREASURE BOOK BOX,8,2011-11-17 11:02:00,2.25,12567.0
576927,23177,TREASURE ISLAND BOOK BOX,8,2011-11-17 11:02:00,2.25,12567.0
576927,22271,FELTCRAFT DOLL ROSIE,6,2011-11-17 11:02:00,2.95,12567.0
576927,22750,FELTCRAFT PRINCESS LOLA DOLL,4,2011-11-17 11:02:00,3.75,12567.0
576927,22751,FELTCRAFT PRINCESS OLIVIA DOLL,4,2011-11-17 11:02:00,3.75,12567.0
576927,23128,FELTCRAFT BOY JEAN-PAUL KIT,4,2011-11-17 11:02:00,4.95,12567.0
576927,20725,LUNCH BAG RED RETROSPOT,10,2011-11-17 11:02:00,1.65,12567.0
576927,20726,LUNCH BAG WOODLAND,10,2011-11-17 11:02:00,1.65,12567.0
576927,21558,SKULL LUNCH BOX WITH CUTLERY,6,2011-11-17 11:02:00,2.55,12567.0
576927,22326,ROUND SNACK BOXES SET OF4 WOODLAND,6,2011-11-17 11:02:00,2.95,12567.0
576927,20727,LUNCH BAG  BLACK SKULL.,10,2011-11-17 11:02:00,1.65,12567.0
576927,22327,ROUND SNACK BOXES SET OF 4 SKULLS,6,2011-11-17 11:02:00,2.95,12567.0
576927,22328,ROUND SNACK BOXES SET OF 4 FRUITS,6,2011-11-17 11:02:00,2.95,12567.0
576927,22629,SPACEBOY LUNCH BOX,12,2011-11-17 11:02:00,1.95,12567.0
576927,22628,PICNIC BOXES SET OF 3 RETROSPOT,4,2011-11-17 11:02:00,4.95,12567.0
576927,22352,LUNCH BOX WITH CUTLERY RETROSPOT,6,2011-11-17 11:02:00,2.55,12567.0
576927,22630,DOLLY GIRL LUNCH BOX,12,2011-11-17 11:02:00,1.95,12567.0
576927,22659,LUNCH BOX I LOVE LONDON,12,2011-11-17 11:02:00,1.95,12567.0
576927,23206,LUNCH BAG APPLE DESIGN,10,2011-11-17 11:02:00,1.65,12567.0
576927,23115,RED APPLES CHOPPING BOARD,3,2011-11-17 11:02:00,4.95,12567.0
576927,23367,SET 12 COLOUR PENCILS SPACEBOY,16,2011-11-17 11:02:00,0.65,12567.0
576927,23368,SET 12 COLOUR PENCILS DOLLY GIRL,16,2011-11-17 11:02:00,0.65,12567.0
576927,23369,SET 36 COLOUR PENCILS LOVE LONDON,16,2011-11-17 11:02:00,1.25,12567.0
576927,22781,GUMBALL MAGAZINE RACK,4,2011-11-17 11:02:00,7.65,12567.0
576927,84879,ASSORTED COLOUR BIRD ORNAMENT,16,2011-11-17 11:02:00,1.69,12567.0
576927,23542,WALL ART 70'S ALPHABET,2,2011-11-17 11:02:00,8.25,12567.0
576927,21249,WOODLAND  HEIGHT CHART STICKERS,6,2011-11-17 11:02:00,2.95,12567.0
576927,23068,ALUMINIUM STAMPED HEART,8,2011-11-17 11:02:00,2.49,12567.0
576927,23433,HANGING QUILTED PATCHWORK APPLES,12,2011-11-17 11:02:00,0.83,12567.0
576927,23432,PRETTY HANGING QUILTED HEARTS,12,2011-11-17 11:02:00,0.83,12567.0
576927,22728,ALARM CLOCK BAKELIKE PINK,4,2011-11-17 11:02:00,3.75,12567.0
576927,22727,ALARM CLOCK BAKELIKE RED,4,2011-11-17 11:02:00,3.75,12567.0
576927,22726,ALARM CLOCK BAKELIKE GREEN,4,2011-11-17 11:02:00,3.75,12567.0
576927,22467,GUMBALL COAT RACK,6,2011-11-17 11:02:00,2.55,12567.0
576927,21202,DOLLY HONEYCOMB GARLAND,12,2011-11-17 11:02:00,1.65,12567.0
576927,23289,DOLLY GIRL CHILDRENS BOWL,8,2011-11-17 11:02:00,1.25,12567.0
576927,23290,SPACEBOY CHILDRENS BOWL,8,2011-11-17 11:02:00,1.25,12567.0
576927,23292,SPACEBOY CHILDRENS CUP,8,2011-11-17 11:02:00,1.25,12567.0
576927,23291,DOLLY GIRL CHILDRENS CUP,8,2011-11-17 11:02:00,1.25,12567.0
576927,23254,CHILDRENS CUTLERY DOLLY GIRL,4,2011-11-17 11:02:00,4.15,12567.0
576927,84997D,CHILDRENS CUTLERY POLKADOT PINK,4,2011-11-17 11:02:00,4.15,12567.0
576927,23256,CHILDRENS CUTLERY SPACEBOY,4,2011-11-17 11:02:00,4.15,12567.0
576927,20712,JUMBO BAG WOODLAND ANIMALS,10,2011-11-17 11:02:00,2.08,12567.0
576927,22380,TOY TIDY SPACEBOY,5,2011-11-17 11:02:00,2.1,12567.0
576927,22379,RECYCLING BAG RETROSPOT,5,2011-11-17 11:02:00,2.1,12567.0
576927,22385,JUMBO BAG SPACEBOY DESIGN,10,2011-11-17 11:02:00,2.08,12567.0
576927,23199,JUMBO BAG APPLES,10,2011-11-17 11:02:00,2.08,12567.0
576927,23200,JUMBO BAG PEARS,20,2011-11-17 11:02:00,2.08,12567.0
576927,23203,JUMBO BAG VINTAGE DOILY,10,2011-11-17 11:02:00,2.08,12567.0
576927,23343,JUMBO BAG VINTAGE CHRISTMAS,10,2011-11-17 11:02:00,2.08,12567.0
576927,23388,WOODLAND MINI BACKPACK,4,2011-11-17 11:02:00,4.15,12567.0
576927,23391,I LOVE LONDON MINI BACKPACK,4,2011-11-17 11:02:00,4.15,12567.0
576927,23389,SPACEBOY MINI BACKPACK,4,2011-11-17 11:02:00,4.15,12567.0
576927,22902,TOTE BAG I LOVE LONDON,12,2011-11-17 11:02:00,2.1,12567.0
576927,23004,TRAVEL CARD WALLET PANTRY,24,2011-11-17 11:02:00,0.42,12567.0
576927,23005,TRAVEL CARD WALLET I LOVE LONDON,24,2011-11-17 11:02:00,0.42,12567.0
576927,23280,FOLDING BUTTERFLY MIRROR HOT PINK,12,2011-11-17 11:02:00,0.83,12567.0
576927,20750,RED RETROSPOT MINI CASES,4,2011-11-17 11:02:00,7.95,12567.0
576927,22704,WRAP RED APPLES,25,2011-11-17 11:02:00,0.42,12567.0
576927,22045,SPACEBOY GIFT WRAP,25,2011-11-17 11:02:00,0.42,12567.0
576927,22705,WRAP GREEN PEARS,25,2011-11-17 11:02:00,0.42,12567.0
576927,POST,POSTAGE,6,2011-11-17 11:02:00,18.0,12567.0
576941,23480,MINI LIGHTS WOODLAND MUSHROOMS,4,2011-11-17 11:34:00,3.75,12562.0
576941,23582,VINTAGE DOILY JUMBO BAG RED,20,2011-11-17 11:34:00,2.08,12562.0
576941,22946,WOODEN ADVENT CALENDAR CREAM,6,2011-11-17 11:34:00,16.95,12562.0
576941,22947,WOODEN ADVENT CALENDAR RED,6,2011-11-17 11:34:00,7.95,12562.0
576941,23319,BOX OF 6 MINI 50'S CRACKERS,6,2011-11-17 11:34:00,2.49,12562.0
576941,23318,BOX OF 6 MINI VINTAGE CRACKERS,6,2011-11-17 11:34:00,2.49,12562.0
576941,23213,STAR WREATH DECORATION WITH BELL,12,2011-11-17 11:34:00,1.25,12562.0
576941,23211,RED ROCKING HORSE HAND PAINTED,24,2011-11-17 11:34:00,1.25,12562.0
576941,23199,JUMBO BAG APPLES,10,2011-11-17 11:34:00,2.08,12562.0
576941,23203,JUMBO BAG VINTAGE DOILY,10,2011-11-17 11:34:00,2.08,12562.0
576941,23240,SET OF 4 KNICK KNACK TINS DOILY,6,2011-11-17 11:34:00,4.15,12562.0
576941,20725,LUNCH BAG RED RETROSPOT,10,2011-11-17 11:34:00,1.65,12562.0
576941,23681,LUNCH BAG RED VINTAGE DOILY,10,2011-11-17 11:34:00,1.65,12562.0
576941,23206,LUNCH BAG APPLE DESIGN,10,2011-11-17 11:34:00,1.65,12562.0
576941,23583,LUNCH BAG PAISLEY PARK,10,2011-11-17 11:34:00,1.65,12562.0
576941,22389,PAPERWEIGHT SAVE THE PLANET,6,2011-11-17 11:34:00,2.55,12562.0
576941,22390,PAPERWEIGHT CHILDHOOD MEMORIES,6,2011-11-17 11:34:00,2.55,12562.0
576941,23084,RABBIT NIGHT LIGHT,48,2011-11-17 11:34:00,1.79,12562.0
576941,POST,POSTAGE,5,2011-11-17 11:34:00,18.0,12562.0
577121,21819,GLITTER CHRISTMAS STAR,36,2011-11-17 18:29:00,0.39,12681.0
577121,23101,SILVER STARS TABLE DECORATION,24,2011-11-17 18:29:00,0.83,12681.0
577121,35970,ZINC FOLKART SLEIGH BELLS,12,2011-11-17 18:29:00,1.69,12681.0
577121,20668,DISCO BALL CHRISTMAS DECORATION,72,2011-11-17 18:29:00,0.12,12681.0
577121,23084,RABBIT NIGHT LIGHT,96,2011-11-17 18:29:00,1.79,12681.0
577121,22627,MINT KITCHEN SCALES,2,2011-11-17 18:29:00,8.5,12681.0
577121,23196,VINTAGE LEAF MAGNETIC NOTEPAD,12,2011-11-17 18:29:00,1.45,12681.0
577121,22326,ROUND SNACK BOXES SET OF4 WOODLAND,6,2011-11-17 18:29:00,2.95,12681.0
577121,21121,SET/10 RED POLKADOT PARTY CANDLES,24,2011-11-17 18:29:00,1.25,12681.0
577121,20724,RED RETROSPOT CHARLOTTE BAG,10,2011-11-17 18:29:00,0.85,12681.0
577121,23534,WALL ART STOP FOR TEA,3,2011-11-17 18:29:00,5.95,12681.0
577121,22027,TEA PARTY BIRTHDAY CARD,12,2011-11-17 18:29:00,0.42,12681.0
577121,22976,CIRCUS PARADE CHILDRENS EGG CUP,12,2011-11-17 18:29:00,1.25,12681.0
577121,22966,GINGERBREAD MAN COOKIE CUTTER,12,2011-11-17 18:29:00,1.25,12681.0
577121,21238,RED RETROSPOT CUP,8,2011-11-17 18:29:00,0.85,12681.0
577121,23342,MINT DINER WALL CLOCK,4,2011-11-17 18:29:00,8.5,12681.0
577121,22352,LUNCH BOX WITH CUTLERY RETROSPOT,6,2011-11-17 18:29:00,2.55,12681.0
577121,21559,STRAWBERRY LUNCH BOX WITH CUTLERY,6,2011-11-17 18:29:00,2.55,12681.0
577121,21212,PACK OF 72 RETROSPOT CAKE CASES,24,2011-11-17 18:29:00,0.55,12681.0
577121,22312,OFFICE MUG WARMER POLKADOT,6,2011-11-17 18:29:00,2.95,12681.0
577121,21871,SAVE THE PLANET MUG,12,2011-11-17 18:29:00,1.65,12681.0
577121,22555,PLASTERS IN TIN STRONGMAN,12,2011-11-17 18:29:00,1.65,12681.0
577121,22556,PLASTERS IN TIN CIRCUS PARADE,24,2011-11-17 18:29:00,1.65,12681.0
577121,20682,RED RETROSPOT CHILDRENS UMBRELLA,6,2011-11-17 18:29:00,3.25,12681.0
577121,22197,POPCORN HOLDER,12,2011-11-17 18:29:00,0.85,12681.0
577121,22992,REVOLVER WOODEN RULER,24,2011-11-17 18:29:00,1.95,12681.0
577121,22423,REGENCY CAKESTAND 3 TIER,3,2011-11-17 18:29:00,12.75,12681.0
577121,21080,SET/20 RED RETROSPOT PAPER NAPKINS,12,2011-11-17 18:29:00,0.85,12681.0
577121,22302,COFFEE MUG PEARS  DESIGN,6,2011-11-17 18:29:00,2.55,12681.0
577121,22365,DOORMAT RESPECTABLE HOUSE,2,2011-11-17 18:29:00,8.25,12681.0
577121,21224,SET/4 SKULL BADGES,10,2011-11-17 18:29:00,1.25,12681.0
577121,POST,POSTAGE,4,2011-11-17 18:29:00,18.0,12681.0
577152,21121,SET/10 RED POLKADOT PARTY CANDLES,24,2011-11-18 09:53:00,1.25,14277.0
577152,22899,CHILDREN'S APRON DOLLY GIRL,6,2011-11-18 09:53:00,2.1,14277.0
577152,21559,STRAWBERRY LUNCH BOX WITH CUTLERY,6,2011-11-18 09:53:00,2.55,14277.0
577152,84997D,CHILDRENS CUTLERY POLKADOT PINK,8,2011-11-18 09:53:00,4.15,14277.0
577152,84997B,CHILDRENS CUTLERY RETROSPOT RED,8,2011-11-18 09:53:00,4.15,14277.0
577152,84997C,CHILDRENS CUTLERY POLKADOT BLUE,8,2011-11-18 09:53:00,4.15,14277.0
577152,84997A,CHILDRENS CUTLERY POLKADOT GREEN,8,2011-11-18 09:53:00,4.15,14277.0
577152,23192,BUNDLE OF 3 ALPHABET EXERCISE BOOKS,12,2011-11-18 09:53:00,1.65,14277.0
577152,22741,FUNKY DIVA PEN,48,2011-11-18 09:53:00,0.85,14277.0
577152,22754,SMALL RED BABUSHKA NOTEBOOK,12,2011-11-18 09:53:00,0.85,14277.0
577152,22753,SMALL YELLOW BABUSHKA NOTEBOOK,12,2011-11-18 09:53:00,0.85,14277.0
577152,22325,MOBILE VINTAGE HEARTS,6,2011-11-18 09:53:00,4.95,14277.0
577152,21080,SET/20 RED RETROSPOT PAPER NAPKINS,12,2011-11-18 09:53:00,0.85,14277.0
577152,21977,PACK OF 60 PINK PAISLEY CAKE CASES,24,2011-11-18 09:53:00,0.55,14277.0
577152,21212,PACK OF 72 RETROSPOT CAKE CASES,24,2011-11-18 09:53:00,0.55,14277.0
577152,22908,PACK OF 20 NAPKINS RED APPLES,12,2011-11-18 09:53:00,0.85,14277.0
577152,22898,CHILDRENS APRON APPLES DESIGN,8,2011-11-18 09:53:00,1.95,14277.0
577152,POST,POSTAGE,2,2011-11-18 09:53:00,18.0,14277.0
577152,20725,LUNCH BAG RED RETROSPOT,10,2011-11-18 09:53:00,1.65,14277.0
577152,22662,LUNCH BAG DOLLY GIRL DESIGN,10,2011-11-18 09:53:00,1.65,14277.0
577152,22352,LUNCH BOX WITH CUTLERY RETROSPOT,6,2011-11-18 09:53:00,2.55,14277.0
577152,22949,36 DOILIES DOLLY GIRL,12,2011-11-18 09:53:00,1.45,14277.0
577152,21210,SET OF 72 RETROSPOT PAPER  DOILIES,12,2011-11-18 09:53:00,1.45,14277.0
577152,23206,LUNCH BAG APPLE DESIGN,10,2011-11-18 09:53:00,1.65,14277.0
577295,21976,PACK OF 60 MUSHROOM CAKE CASES,24,2011-11-18 12:46:00,0.55,12682.0
577295,23203,JUMBO BAG VINTAGE DOILY,10,2011-11-18 12:46:00,2.08,12682.0
577295,21731,RED TOADSTOOL LED NIGHT LIGHT,24,2011-11-18 12:46:00,1.65,12682.0
577295,23298,SPOTTY BUNTING,3,2011-11-18 12:46:00,4.95,12682.0
577295,47566,PARTY BUNTING,4,2011-11-18 12:46:00,4.95,12682.0
577295,15056BL,EDWARDIAN PARASOL BLACK,6,2011-11-18 12:46:00,5.95,12682.0
577295,20679,EDWARDIAN PARASOL RED,3,2011-11-18 12:46:00,5.95,12682.0
577295,23480,MINI LIGHTS WOODLAND MUSHROOMS,8,2011-11-18 12:46:00,3.75,12682.0
577295,23084,RABBIT NIGHT LIGHT,72,2011-11-18 12:46:00,1.79,12682.0
577295,POST,POSTAGE,3,2011-11-18 12:46:00,18.0,12682.0
577344,22236,CAKE STAND 3 TIER MAGIC GARDEN,3,2011-11-18 15:14:00,12.75,12437.0
577344,21080,SET/20 RED RETROSPOT PAPER NAPKINS,12,2011-11-18 15:14:00,0.85,12437.0
577344,22130,PARTY CONE CHRISTMAS DECORATION,12,2011-11-18 15:14:00,0.85,12437.0
577344,22333,RETROSPOT PARTY BAG + STICKER SET,8,2011-11-18 15:14:00,1.65,12437.0
577344,23229,VINTAGE DONKEY TAIL GAME,6,2011-11-18 15:14:00,3.75,12437.0
577344,22435,SET OF 9 HEART SHAPED BALLOONS,24,2011-11-18 15:14:00,1.25,12437.0
577344,21987,PACK OF 6 SKULL PAPER CUPS,12,2011-11-18 15:14:00,0.65,12437.0
577344,21989,PACK OF 20 SKULL PAPER NAPKINS,12,2011-11-18 15:14:00,0.85,12437.0
577344,22423,REGENCY CAKESTAND 3 TIER,3,2011-11-18 15:14:00,12.75,12437.0
577344,POST,POSTAGE,1,2011-11-18 15:14:00,18.0,12437.0
577502,22635,CHILDS BREAKFAST SET DOLLY GIRL,4,2011-11-20 12:34:00,9.95,12598.0
577502,22617,BAKING SET SPACEBOY DESIGN,3,2011-11-20 12:34:00,4.95,12598.0
577502,23371,SET 36 COLOUR PENCILS SPACEBOY,16,2011-11-20 12:34:00,1.25,12598.0
577502,23256,CHILDRENS CUTLERY SPACEBOY,4,2011-11-20 12:34:00,4.15,12598.0
577502,23389,SPACEBOY MINI BACKPACK,4,2011-11-20 12:34:00,4.15,12598.0
577502,22636,CHILDS BREAKFAST SET CIRCUS PARADE,4,2011-11-20 12:34:00,8.5,12598.0
577502,23108,SET OF 10 LED DOLLY LIGHTS,10,2011-11-20 12:34:00,6.25,12598.0
577502,23390,DOLLY GIRL MINI BACKPACK,4,2011-11-20 12:34:00,4.15,12598.0
577502,23372,SET 36 COLOUR PENCILS DOLLY GIRL,16,2011-11-20 12:34:00,1.25,12598.0
577502,23254,CHILDRENS CUTLERY DOLLY GIRL,4,2011-11-20 12:34:00,4.15,12598.0
577502,22138,BAKING SET 9 PIECE RETROSPOT,6,2011-11-20 12:34:00,4.95,12598.0
577502,20750,RED RETROSPOT MINI CASES,6,2011-11-20 12:34:00,7.95,12598.0
577502,20983,12 PENCILS TALL TUBE RED RETROSPOT,12,2011-11-20 12:34:00,0.85,12598.0
577502,23084,RABBIT NIGHT LIGHT,18,2011-11-20 12:34:00,2.08,12598.0
577502,21731,RED TOADSTOOL LED NIGHT LIGHT,12,2011-11-20 12:34:00,1.65,12598.0
577502,23480,MINI LIGHTS WOODLAND MUSHROOMS,4,2011-11-20 12:34:00,3.75,12598.0
577502,21704,BAG 250g SWIRLY MARBLES,12,2011-11-20 12:34:00,0.85,12598.0
577502,21791,VINTAGE HEADS AND TAILS CARD GAME,12,2011-11-20 12:34:00,1.25,12598.0
577502,21914,BLUE HARMONICA IN BOX,12,2011-11-20 12:34:00,1.25,12598.0
577502,22620,4 TRADITIONAL SPINNING TOPS,12,2011-11-20 12:34:00,1.45,12598.0
577502,23569,TRADTIONAL ALPHABET STAMP SET,4,2011-11-20 12:34:00,4.95,12598.0
577502,23571,TRADITIONAL NAUGHTS & CROSSES,12,2011-11-20 12:34:00,1.65,12598.0
577502,23570,TRADITIONAL PICK UP STICKS GAME,12,2011-11-20 12:34:00,1.25,12598.0
577502,20981,12 PENCILS TALL TUBE WOODLAND,12,2011-11-20 12:34:00,0.85,12598.0
577502,23388,WOODLAND MINI BACKPACK,4,2011-11-20 12:34:00,4.15,12598.0
577502,22634,CHILDS BREAKFAST SET SPACEBOY,2,2011-11-20 12:34:00,9.95,12598.0
577512,23163,REGENCY SUGAR TONGS,8,2011-11-20 12:55:00,2.49,12523.0
577512,21844,RED RETROSPOT MUG,6,2011-11-20 12:55:00,2.95,12523.0
577512,23463,VINTAGE ZINC WATERING CAN,2,2011-11-20 12:55:00,9.95,12523.0
577512,23175,REGENCY MILK JUG PINK,6,2011-11-20 12:55:00,3.25,12523.0
577512,23174,REGENCY SUGAR BOWL GREEN,6,2011-11-20 12:55:00,4.15,12523.0
577512,22423,REGENCY CAKESTAND 3 TIER,2,2011-11-20 12:55:00,12.75,12523.0
577512,22699,ROSES REGENCY TEACUP AND SAUCER,6,2011-11-20 12:55:00,2.95,12523.0
577512,23173,REGENCY TEAPOT ROSES,2,2011-11-20 12:55:00,9.95,12523.0
577512,23020,GLASS  SONGBIRD STORAGE JAR,1,2011-11-20 12:55:00,12.5,12523.0
577512,22294,HEART FILIGREE DOVE  SMALL,24,2011-11-20 12:55:00,1.25,12523.0
577512,21531,RED RETROSPOT SUGAR JAM BOWL,6,2011-11-20 12:55:00,2.55,12523.0
577512,23245,SET OF 3 REGENCY CAKE TINS,4,2011-11-20 12:55:00,4.95,12523.0
577512,23164,REGENCY CAKE SLICE,4,2011-11-20 12:55:00,4.95,12523.0
577687,21212,PACK OF 72 RETROSPOT CAKE CASES,24,2011-11-21 11:16:00,0.55,12583.0
577687,23367,SET 12 COLOUR PENCILS SPACEBOY,16,2011-11-21 11:16:00,0.65,12583.0
577687,23368,SET 12 COLOUR PENCILS DOLLY GIRL,16,2011-11-21 11:16:00,0.65,12583.0
577687,22333,RETROSPOT PARTY BAG + STICKER SET,16,2011-11-21 11:16:00,1.65,12583.0
577687,22991,GIRAFFE WOODEN RULER,12,2011-11-21 11:16:00,1.95,12583.0
577687,21094,SET/6 RED SPOTTY PAPER PLATES,12,2011-11-21 11:16:00,0.85,12583.0
577687,21086,SET/6 RED SPOTTY PAPER CUPS,12,2011-11-21 11:16:00,0.65,12583.0
577687,21080,SET/20 RED RETROSPOT PAPER NAPKINS,12,2011-11-21 11:16:00,0.85,12583.0
577687,21988,PACK OF 6 SKULL PAPER PLATES,12,2011-11-21 11:16:00,0.85,12583.0
577687,21989,PACK OF 20 SKULL PAPER NAPKINS,12,2011-11-21 11:16:00,0.85,12583.0
577687,21987,PACK OF 6 SKULL PAPER CUPS,12,2011-11-21 11:16:00,0.65,12583.0
577687,21680,WOODLAND  STICKERS,24,2011-11-21 11:16:00,0.85,12583.0
577687,22332,SKULLS PARTY BAG + STICKER SET,16,2011-11-21 11:16:00,1.65,12583.0
577687,23598,PAPER BUNTING VINTAGE PARTY,24,2011-11-21 11:16:00,2.95,12583.0
577687,POST,POSTAGE,3,2011-11-21 11:16:00,18.0,12583.0
577687,23084,RABBIT NIGHT LIGHT,48,2011-11-21 11:16:00,1.79,12583.0
577856,23084,RABBIT NIGHT LIGHT,72,2011-11-22 11:19:00,1.79,12490.0
577856,20724,RED RETROSPOT CHARLOTTE BAG,10,2011-11-22 11:19:00,0.85,12490.0
577856,20725,LUNCH BAG RED RETROSPOT,10,2011-11-22 11:19:00,1.65,12490.0
577856,21086,SET/6 RED SPOTTY PAPER CUPS,12,2011-11-22 11:19:00,0.65,12490.0
577856,22333,RETROSPOT PARTY BAG + STICKER SET,8,2011-11-22 11:19:00,1.65,12490.0
577856,20712,JUMBO BAG WOODLAND ANIMALS,10,2011-11-22 11:19:00,2.08,12490.0
577856,20726,LUNCH BAG WOODLAND,10,2011-11-22 11:19:00,1.65,12490.0
577856,20719,WOODLAND CHARLOTTE BAG,10,2011-11-22 11:19:00,0.85,12490.0
577856,22326,ROUND SNACK BOXES SET OF4 WOODLAND,6,2011-11-22 11:19:00,2.95,12490.0
577856,22331,WOODLAND PARTY BAG + STICKER SET,8,2011-11-22 11:19:00,1.65,12490.0
577856,23445,ICE CREAM BUBBLES,20,2011-11-22 11:19:00,0.83,12490.0
577856,22313,OFFICE MUG WARMER PINK,6,2011-11-22 11:19:00,2.95,12490.0
577856,POST,POSTAGE,4,2011-11-22 11:19:00,18.0,12490.0
578033,22232,JIGSAW TOADSTOOLS 3 PIECE,16,2011-11-22 13:42:00,0.59,12656.0
578033,22326,ROUND SNACK BOXES SET OF4 WOODLAND,6,2011-11-22 13:42:00,2.95,12656.0
578033,22328,ROUND SNACK BOXES SET OF 4 FRUITS,6,2011-11-22 13:42:00,2.95,12656.0
578033,22628,PICNIC BOXES SET OF 3 RETROSPOT,4,2011-11-22 13:42:00,4.95,12656.0
578033,22139,RETROSPOT TEA SET CERAMIC 11 PC,3,2011-11-22 13:42:00,4.95,12656.0
578033,23084,RABBIT NIGHT LIGHT,12,2011-11-22 13:42:00,2.08,12656.0
578033,23480,MINI LIGHTS WOODLAND MUSHROOMS,8,2011-11-22 13:42:00,3.75,12656.0
578033,22941,CHRISTMAS LIGHTS 10 REINDEER,4,2011-11-22 13:42:00,8.5,12656.0
578033,22942,CHRISTMAS LIGHTS 10 SANTAS,4,2011-11-22 13:42:00,8.5,12656.0
578033,23108,SET OF 10 LED DOLLY LIGHTS,4,2011-11-22 13:42:00,6.25,12656.0
578033,23316,RED REFECTORY CLOCK,2,2011-11-22 13:42:00,9.95,12656.0
578033,23317,BLUE REFECTORY CLOCK,2,2011-11-22 13:42:00,9.95,12656.0
578033,23341,PINK DINER WALL CLOCK,2,2011-11-22 13:42:00,8.5,12656.0
578033,22193,RED DINER WALL CLOCK,2,2011-11-22 13:42:00,8.5,12656.0
578033,22192,BLUE DINER WALL CLOCK,2,2011-11-22 13:42:00,8.5,12656.0
578033,22726,ALARM CLOCK BAKELIKE GREEN,4,2011-11-22 13:42:00,3.75,12656.0
578033,22727,ALARM CLOCK BAKELIKE RED,4,2011-11-22 13:42:00,3.75,12656.0
578033,23203,JUMBO BAG VINTAGE DOILY,10,2011-11-22 13:42:00,2.08,12656.0
578033,85099B,JUMBO BAG RED RETROSPOT,10,2011-11-22 13:42:00,2.08,12656.0
578033,23199,JUMBO BAG APPLES,10,2011-11-22 13:42:00,2.08,12656.0
578033,20712,JUMBO BAG WOODLAND ANIMALS,10,2011-11-22 13:42:00,2.08,12656.0
578033,23344,JUMBO BAG 50'S CHRISTMAS,10,2011-11-22 13:42:00,2.08,12656.0
578033,21680,WOODLAND  STICKERS,12,2011-11-22 13:42:00,0.85,12656.0
578033,21383,PACK OF 12 STICKY BUNNIES,12,2011-11-22 13:42:00,0.65,12656.0
578033,21430,SET/3 RED GINGHAM ROSE STORAGE BOX,4,2011-11-22 13:42:00,3.75,12656.0
578033,21426,WOODLAND STORAGE BOX SMALL,6,2011-11-22 13:42:00,2.1,12656.0
578033,20750,RED RETROSPOT MINI CASES,2,2011-11-22 13:42:00,7.95,12656.0
578033,POST,POSTAGE,4,2011-11-22 13:42:00,18.0,12656.0
578277,23084,RABBIT NIGHT LIGHT,8,2011-11-23 13:51:00,2.08,12723.0
578277,22751,FELTCRAFT PRINCESS OLIVIA DOLL,1,2011-11-23 13:51:00,3.75,12723.0
578277,22940,FELTCRAFT CHRISTMAS FAIRY,1,2011-11-23 13:51:00,4.25,12723.0
578277,22750,FELTCRAFT PRINCESS LOLA DOLL,2,2011-11-23 13:51:00,3.75,12723.0
578277,23494,VINTAGE DOILY DELUXE SEWING KIT,3,2011-11-23 13:51:00,5.95,12723.0
578277,21467,CHERRY CROCHET FOOD COVER,1,2011-11-23 13:51:00,3.75,12723.0
578277,21471,STRAWBERRY RAFFIA FOOD COVER,1,2011-11-23 13:51:00,3.75,12723.0
578277,21470,FLOWER VINE RAFFIA FOOD COVER,1,2011-11-23 13:51:00,3.75,12723.0
578277,22971,QUEENS GUARD COFFEE MUG,12,2011-11-23 13:51:00,2.55,12723.0
578277,22970,LONDON BUS COFFEE MUG,24,2011-11-23 13:51:00,2.55,12723.0
578277,23371,SET 36 COLOUR PENCILS SPACEBOY,16,2011-11-23 13:51:00,1.25,12723.0
578277,23372,SET 36 COLOUR PENCILS DOLLY GIRL,16,2011-11-23 13:51:00,1.25,12723.0
578277,22809,SET OF 6 T-LIGHTS SANTA,2,2011-11-23 13:51:00,2.95,12723.0
578277,22466,FAIRY TALE COTTAGE NIGHT LIGHT,2,2011-11-23 13:51:00,1.95,12723.0
578277,21731,RED TOADSTOOL LED NIGHT LIGHT,3,2011-11-23 13:51:00,1.65,12723.0
578277,23376,PACK OF 12 VINTAGE CHRISTMAS TISSUE,11,2011-11-23 13:51:00,0.39,12723.0
578277,22909,SET OF 20 VINTAGE CHRISTMAS NAPKINS,5,2011-11-23 13:51:00,0.85,12723.0
578277,22616,PACK OF 12 LONDON TISSUES,36,2011-11-23 13:51:00,0.39,12723.0
578277,23256,CHILDRENS CUTLERY SPACEBOY,2,2011-11-23 13:51:00,4.15,12723.0
578277,23254,CHILDRENS CUTLERY DOLLY GIRL,2,2011-11-23 13:51:00,4.15,12723.0
578277,23255,CHILDRENS CUTLERY CIRCUS PARADE,2,2011-11-23 13:51:00,4.15,12723.0
578277,23503,PLAYING CARDS KEEP CALM & CARRY ON,20,2011-11-23 13:51:00,1.25,12723.0
578277,23502,PLAYING CARDS VINTAGE DOILY,15,2011-11-23 13:51:00,1.25,12723.0
578277,22348,TEA BAG PLATE RED RETROSPOT,6,2011-11-23 13:51:00,0.85,12723.0
578277,23501,KEY RING BASEBALL BOOT UNION JACK,20,2011-11-23 13:51:00,1.25,12723.0
578287,22624,IVORY KITCHEN SCALES,1,2011-11-23 14:01:00,8.5,12723.0
578287,23084,RABBIT NIGHT LIGHT,2,2011-11-23 14:01:00,2.08,12723.0
578287,21731,RED TOADSTOOL LED NIGHT LIGHT,4,2011-11-23 14:01:00,1.65,12723.0
578348,84596F,SMALL MARSHMALLOWS PINK BOWL,16,2011-11-24 09:34:00,0.42,12494.0
578348,84596B,SMALL DOLLY MIX DESIGN ORANGE BOWL,16,2011-11-24 09:34:00,0.42,12494.0
578348,22398,MAGNETS PACK OF 4 SWALLOWS,12,2011-11-24 09:34:00,0.39,12494.0
578348,23084,RABBIT NIGHT LIGHT,6,2011-11-24 09:34:00,2.08,12494.0
578348,22890,NOVELTY BISCUITS CAKE STAND 3 TIER,4,2011-11-24 09:34:00,9.95,12494.0
578348,23565,EGG CUP MILKMAID HELGA,12,2011-11-24 09:34:00,1.25,12494.0
578348,21557,SET OF 6 FUNKY BEAKERS,6,2011-11-24 09:34:00,2.95,12494.0
578348,22403,MAGNETS PACK OF 4 VINTAGE LABELS,12,2011-11-24 09:34:00,0.39,12494.0
578348,21981,PACK OF 12 WOODLAND TISSUES,24,2011-11-24 09:34:00,0.39,12494.0
578348,23377,PACK OF 12 DOLLY GIRL TISSUES,24,2011-11-24 09:34:00,0.39,12494.0
578348,POST,POSTAGE,2,2011-11-24 09:34:00,18.0,12494.0
C578377,22922,FRIDGE MAGNETS US DINER ASSORTED,-120,2011-11-24 11:44:00,0.72,14277.0
C578377,22923,FRIDGE MAGNETS LES ENFANTS ASSORTED,-120,2011-11-24 11:44:00,0.72,14277.0
C578377,22924,FRIDGE MAGNETS LA VIE EN ROSE,-120,2011-11-24 11:44:00,0.72,14277.0
578541,84924A,WAKE UP COCKEREL CALENDAR SIGN,2,2011-11-24 15:01:00,3.75,14277.0
578541,21165,BEWARE OF THE CAT METAL SIGN,9,2011-11-24 15:01:00,1.69,14277.0
578541,22832,BROCANTE SHELF WITH HOOKS,10,2011-11-24 15:01:00,9.95,14277.0
578541,82583,HOT BATHS METAL SIGN,4,2011-11-24 15:01:00,2.1,14277.0
578541,21175,GIN + TONIC DIET METAL SIGN,4,2011-11-24 15:01:00,2.55,14277.0
578541,22928,YELLOW GIANT GARDEN THERMOMETER,4,2011-11-24 15:01:00,5.95,14277.0
578541,21429,RED GINGHAM ROSE JEWELLERY BOX,4,2011-11-24 15:01:00,1.95,14277.0
578541,23236,STORAGE TIN VINTAGE DOILY,2,2011-11-24 15:01:00,2.89,14277.0
578541,23240,SET OF 4 KNICK KNACK TINS DOILY,2,2011-11-24 15:01:00,4.15,14277.0
578541,21428,SET3 BOOK BOX GREEN GINGHAM FLOWER,3,2011-11-24 15:01:00,4.25,14277.0
578541,21430,SET/3 RED GINGHAM ROSE STORAGE BOX,3,2011-11-24 15:01:00,3.75,14277.0
578541,21257,VICTORIAN SEWING BOX MEDIUM,2,2011-11-24 15:01:00,7.95,14277.0
578541,21259,VICTORIAN SEWING BOX SMALL,1,2011-11-24 15:01:00,5.95,14277.0
578541,23483,HANGING  BUTTERFLY T-LIGHT HOLDER,12,2011-11-24 15:01:00,1.25,14277.0
578541,22805,BLUE DRAWER KNOB ACRYLIC EDWARDIAN,12,2011-11-24 15:01:00,1.25,14277.0
578541,22775,PURPLE DRAWERKNOB ACRYLIC EDWARDIAN,12,2011-11-24 15:01:00,1.25,14277.0
578541,22774,RED DRAWER KNOB ACRYLIC EDWARDIAN,12,2011-11-24 15:01:00,1.25,14277.0
578541,22605,WOODEN CROQUET GARDEN SET,2,2011-11-24 15:01:00,14.95,14277.0
578541,23472,NINE DRAWER OFFICE TIDY,2,2011-11-24 15:01:00,14.95,14277.0
578541,21908,CHOCOLATE THIS WAY METAL SIGN,12,2011-11-24 15:01:00,2.1,14277.0
578541,82582,AREA PATROLLED METAL SIGN,12,2011-11-24 15:01:00,2.1,14277.0
578541,84879,ASSORTED COLOUR BIRD ORNAMENT,32,2011-11-24 15:01:00,1.69,14277.0
578541,22810,SET OF 6 T-LIGHTS SNOWMEN,12,2011-11-24 15:01:00,2.95,14277.0
578541,22809,SET OF 6 T-LIGHTS SANTA,12,2011-11-24 15:01:00,2.95,14277.0
578541,84792,ENCHANTED BIRD COATHANGER 5 HOOK,6,2011-11-24 15:01:00,4.65,14277.0
578541,21671,RED SPOT CERAMIC DRAWER KNOB,6,2011-11-24 15:01:00,1.45,14277.0
578541,21672,WHITE SPOT RED CERAMIC DRAWER KNOB,6,2011-11-24 15:01:00,1.45,14277.0
578541,21669,BLUE STRIPE CERAMIC DRAWER KNOB,18,2011-11-24 15:01:00,1.45,14277.0
578541,23035,DRAWER KNOB CERAMIC IVORY,18,2011-11-24 15:01:00,1.45,14277.0
578541,23026,DRAWER KNOB VINTAGE GLASS STAR,6,2011-11-24 15:01:00,2.08,14277.0
578541,23027,DRAWER KNOB VINTAGE GLASS HEXAGON,6,2011-11-24 15:01:00,2.08,14277.0
578541,23033,DRAWER KNOB CERAMIC RED,6,2011-11-24 15:01:00,1.45,14277.0
578541,23025,DRAWER KNOB VINTAGE GLASS BALL,6,2011-11-24 15:01:00,2.08,14277.0
578541,23015,CORDIAL GLASS JUG,2,2011-11-24 15:01:00,8.25,14277.0
578541,21466,RED FLOWER CROCHET FOOD COVER,4,2011-11-24 15:01:00,3.75,14277.0
578541,22445,PENCIL CASE LIFE IS BEAUTIFUL,4,2011-11-24 15:01:00,2.95,14277.0
578541,22118,JOY WOODEN BLOCK LETTERS,1,2011-11-24 15:01:00,4.95,14277.0
578541,22199,FRYING PAN RED RETROSPOT,2,2011-11-24 15:01:00,4.25,14277.0
578541,22207,FRYING PAN UNION FLAG,3,2011-11-24 15:01:00,4.25,14277.0
578541,23338,EGG FRYING PAN RED,2,2011-11-24 15:01:00,2.08,14277.0
578541,22203,MILK PAN RED RETROSPOT,3,2011-11-24 15:01:00,3.75,14277.0
578541,35443,RASTA IN BATH W SPLIFF ASHTRAY,3,2011-11-24 15:01:00,0.85,14277.0
578541,23292,SPACEBOY CHILDRENS CUP,4,2011-11-24 15:01:00,1.25,14277.0
578541,23291,DOLLY GIRL CHILDRENS CUP,4,2011-11-24 15:01:00,1.25,14277.0
578541,20676,RED RETROSPOT BOWL,12,2011-11-24 15:01:00,1.25,14277.0
578541,23289,DOLLY GIRL CHILDRENS BOWL,4,2011-11-24 15:01:00,1.25,14277.0
578541,23290,SPACEBOY CHILDRENS BOWL,4,2011-11-24 15:01:00,1.25,14277.0
578541,17174,ASSTD RASTA KEY-CHAINS,5,2011-11-24 15:01:00,0.42,14277.0
578541,23570,TRADITIONAL PICK UP STICKS GAME,6,2011-11-24 15:01:00,1.25,14277.0
578541,20914,SET/5 RED RETROSPOT LID GLASS BOWLS,8,2011-11-24 15:01:00,2.95,14277.0
578541,22625,RED KITCHEN SCALES,2,2011-11-24 15:01:00,8.5,14277.0
578541,22624,IVORY KITCHEN SCALES,2,2011-11-24 15:01:00,8.5,14277.0
578541,22627,MINT KITCHEN SCALES,2,2011-11-24 15:01:00,8.5,14277.0
578541,21351,CINAMMON & ORANGE WREATH,2,2011-11-24 15:01:00,6.75,14277.0
578541,23129,HEART SHAPED HOLLY WREATH,3,2011-11-24 15:01:00,4.15,14277.0
578541,23469,CARD HOLDER LOVE BIRD SMALL,2,2011-11-24 15:01:00,4.15,14277.0
578541,23090,VINTAGE GLASS T-LIGHT HOLDER,12,2011-11-24 15:01:00,0.83,14277.0
578541,84347,ROTATING SILVER ANGELS T-LIGHT HLDR,14,2011-11-24 15:01:00,2.55,14277.0
578541,22852,DOG BOWL VINTAGE CREAM,6,2011-11-24 15:01:00,4.25,14277.0
578541,22853,CAT BOWL VINTAGE CREAM,6,2011-11-24 15:01:00,3.25,14277.0
578541,35810B,ENAMEL BLUE RIM COFFEE CONTAINER,4,2011-11-24 15:01:00,0.83,14277.0
578541,37413,ICON MUG REVOLUTIONARY,6,2011-11-24 15:01:00,0.39,14277.0
578541,21872,GLAMOROUS  MUG,6,2011-11-24 15:01:00,1.25,14277.0
578541,21871,SAVE THE PLANET MUG,6,2011-11-24 15:01:00,1.65,14277.0
578541,22301,COFFEE MUG CAT + BIRD DESIGN,6,2011-11-24 15:01:00,2.55,14277.0
578541,22300,COFFEE MUG DOG + BALL DESIGN,6,2011-11-24 15:01:00,2.55,14277.0
578541,21535,RED RETROSPOT SMALL MILK JUG,4,2011-11-24 15:01:00,2.55,14277.0
578541,21531,RED RETROSPOT SUGAR JAM BOWL,5,2011-11-24 15:01:00,2.55,14277.0
578541,22558,CLOTHES PEGS RETROSPOT PACK 24,4,2011-11-24 15:01:00,1.65,14277.0
578541,22567,20 DOLLY PEGS RETROSPOT,5,2011-11-24 15:01:00,1.45,14277.0
578541,22071,SMALL WHITE RETROSPOT MUG IN BOX,6,2011-11-24 15:01:00,3.75,14277.0
578541,22844,VINTAGE CREAM DOG FOOD CONTAINER,2,2011-11-24 15:01:00,8.5,14277.0
578541,22845,VINTAGE CREAM CAT FOOD CONTAINER,2,2011-11-24 15:01:00,6.35,14277.0
578541,22840,ROUND CAKE TIN VINTAGE RED,2,2011-11-24 15:01:00,7.95,14277.0
578541,22841,ROUND CAKE TIN VINTAGE GREEN,2,2011-11-24 15:01:00,7.95,14277.0
578541,22847,BREAD BIN DINER STYLE IVORY,2,2011-11-24 15:01:00,16.95,14277.0
578541,22895,SET OF 2 TEA TOWELS APPLE AND PEARS,4,2011-11-24 15:01:00,3.25,14277.0
578541,22311,OFFICE MUG WARMER BLACK+SILVER,4,2011-11-24 15:01:00,2.95,14277.0
578541,23501,KEY RING BASEBALL BOOT UNION JACK,20,2011-11-24 15:01:00,1.25,14277.0
578541,23116,VEGETABLE GARDEN CHOPPING BOARD,2,2011-11-24 15:01:00,4.95,14277.0
578541,23115,RED APPLES CHOPPING BOARD,2,2011-11-24 15:01:00,4.95,14277.0
578541,23117,POPPY FIELDS CHOPPING BOARD,2,2011-11-24 15:01:00,4.95,14277.0
578541,23116,VEGETABLE GARDEN CHOPPING BOARD,2,2011-11-24 15:01:00,4.95,14277.0
578541,23115,RED APPLES CHOPPING BOARD,2,2011-11-24 15:01:00,4.95,14277.0
578541,20978,36 PENCILS TUBE SKULLS,7,2011-11-24 15:01:00,1.25,14277.0
578541,22991,GIRAFFE WOODEN RULER,6,2011-11-24 15:01:00,1.95,14277.0
578541,22992,REVOLVER WOODEN RULER,7,2011-11-24 15:01:00,1.95,14277.0
578541,22782,SET 3 WICKER STORAGE BASKETS,2,2011-11-24 15:01:00,24.95,14277.0
578541,23319,BOX OF 6 MINI 50'S CRACKERS,12,2011-11-24 15:01:00,2.49,14277.0
578541,84029G,KNITTED UNION FLAG HOT WATER BOTTLE,4,2011-11-24 15:01:00,4.25,14277.0
578541,21485,RETROSPOT HEART HOT WATER BOTTLE,3,2011-11-24 15:01:00,4.95,14277.0
578541,84030E,ENGLISH ROSE HOT WATER BOTTLE,2,2011-11-24 15:01:00,4.25,14277.0
578541,85123A,WHITE HANGING HEART T-LIGHT HOLDER,8,2011-11-24 15:01:00,2.95,14277.0
578541,21733,RED HANGING HEART T-LIGHT HOLDER,8,2011-11-24 15:01:00,2.95,14277.0
578541,22620,4 TRADITIONAL SPINNING TOPS,6,2011-11-24 15:01:00,1.45,14277.0
578541,84029E,RED WOOLLY HOTTIE WHITE HEART.,4,2011-11-24 15:01:00,4.25,14277.0
578541,84029G,KNITTED UNION FLAG HOT WATER BOTTLE,2,2011-11-24 15:01:00,4.25,14277.0
578541,21679,SKULLS  STICKERS,24,2011-11-24 15:01:00,0.85,14277.0
578541,21675,BUTTERFLIES STICKERS,24,2011-11-24 15:01:00,0.85,14277.0
578541,21677,HEARTS  STICKERS,24,2011-11-24 15:01:00,0.85,14277.0
578541,21889,WOODEN BOX OF DOMINOES,12,2011-11-24 15:01:00,1.25,14277.0
578541,21918,SET 12 KIDS COLOUR  CHALK STICKS,12,2011-11-24 15:01:00,0.42,14277.0
578541,23504,PLAYING CARDS JUBILEE UNION JACK,6,2011-11-24 15:01:00,1.25,14277.0
578541,21917,SET 12 KIDS  WHITE CHALK STICKS,12,2011-11-24 15:01:00,0.42,14277.0
578541,21931,JUMBO STORAGE BAG SUKI,3,2011-11-24 15:01:00,2.08,14277.0
578541,23203,JUMBO BAG VINTAGE DOILY,5,2011-11-24 15:01:00,2.08,14277.0
578541,23582,VINTAGE DOILY JUMBO BAG RED,4,2011-11-24 15:01:00,2.08,14277.0
578541,85099B,JUMBO BAG RED RETROSPOT,6,2011-11-24 15:01:00,2.08,14277.0
578541,22663,JUMBO BAG DOLLY GIRL DESIGN,3,2011-11-24 15:01:00,2.08,14277.0
578541,22498,WOODEN REGATTA BUNTING,3,2011-11-24 15:01:00,5.95,14277.0
578541,22499,WOODEN UNION JACK BUNTING,2,2011-11-24 15:01:00,5.95,14277.0
578541,23147,SINGLE ANTIQUE ROSE HOOK IVORY,12,2011-11-24 15:01:00,1.45,14277.0
578541,23146,TRIPLE HOOK ANTIQUE IVORY ROSE,4,2011-11-24 15:01:00,3.29,14277.0
578541,16225,RATTLE SNAKE EGGS,24,2011-11-24 15:01:00,1.25,14277.0
578541,21914,BLUE HARMONICA IN BOX,24,2011-11-24 15:01:00,1.25,14277.0
578541,22178,VICTORIAN GLASS HANGING T-LIGHT,30,2011-11-24 15:01:00,1.95,14277.0
578541,23084,RABBIT NIGHT LIGHT,6,2011-11-24 15:01:00,2.08,14277.0
578541,23079,TOADSTOOL BEDSIDE LIGHT,8,2011-11-24 15:01:00,8.95,14277.0
578541,21623,VINTAGE UNION JACK MEMOBOARD,1,2011-11-24 15:01:00,9.95,14277.0
578541,22507,MEMO BOARD RETROSPOT  DESIGN,2,2011-11-24 15:01:00,4.95,14277.0
578541,22505,MEMO BOARD COTTAGE DESIGN,4,2011-11-24 15:01:00,4.95,14277.0
578541,22193,RED DINER WALL CLOCK,2,2011-11-24 15:01:00,8.5,14277.0
578541,23316,RED REFECTORY CLOCK,1,2011-11-24 15:01:00,9.95,14277.0
578541,22191,IVORY DINER WALL CLOCK,2,2011-11-24 15:01:00,8.5,14277.0
578541,23181,BULL DOG BOTTLE TOP WALL CLOCK,2,2011-11-24 15:01:00,8.25,14277.0
578541,23465,TUSCAN VILLA BIRD FEEDER,4,2011-11-24 15:01:00,8.25,14277.0
578698,22593,CHRISTMAS GINGHAM STAR,12,2011-11-25 10:20:00,0.85,12620.0
578698,22595,GINGHAM HEART DECORATION,12,2011-11-25 10:20:00,0.85,12620.0
578698,22603,CHRISTMAS RETROSPOT TREE WOOD,12,2011-11-25 10:20:00,0.85,12620.0
578698,84836,ZINC METAL HEART DECORATION,12,2011-11-25 10:20:00,1.25,12620.0
578698,23660,HENRIETTA HEN MUG,12,2011-11-25 10:20:00,1.65,12620.0
578698,23206,LUNCH BAG APPLE DESIGN,10,2011-11-25 10:20:00,1.65,12620.0
578698,22301,COFFEE MUG CAT + BIRD DESIGN,6,2011-11-25 10:20:00,2.55,12620.0
578698,20725,LUNCH BAG RED RETROSPOT,10,2011-11-25 10:20:00,1.65,12620.0
578698,22383,LUNCH BAG SUKI DESIGN,10,2011-11-25 10:20:00,1.65,12620.0
578698,21485,RETROSPOT HEART HOT WATER BOTTLE,3,2011-11-25 10:20:00,4.95,12620.0
578698,22585,PACK OF 6 BIRDY GIFT TAGS,12,2011-11-25 10:20:00,1.25,12620.0
578698,22814,CARD PARTY GAMES,12,2011-11-25 10:20:00,0.42,12620.0
578698,22037,ROBOT BIRTHDAY CARD,12,2011-11-25 10:20:00,0.42,12620.0
578698,22712,CARD DOLLY GIRL,12,2011-11-25 10:20:00,0.42,12620.0
578698,22029,SPACEBOY BIRTHDAY CARD,12,2011-11-25 10:20:00,0.42,12620.0
578698,22028,PENNY FARTHING BIRTHDAY CARD,24,2011-11-25 10:20:00,0.42,12620.0
578698,22032,BOTANICAL LILY GREETING CARD,12,2011-11-25 10:20:00,0.42,12620.0
578698,23697,A PRETTY THANK YOU CARD,12,2011-11-25 10:20:00,0.42,12620.0
578698,84077,WORLD WAR 2 GLIDERS ASSTD DESIGNS,48,2011-11-25 10:20:00,0.29,12620.0
578698,84997A,CHILDRENS CUTLERY POLKADOT GREEN,4,2011-11-25 10:20:00,4.15,12620.0
578698,23084,RABBIT NIGHT LIGHT,6,2011-11-25 10:20:00,2.08,12620.0
578698,22043,CHRISTMAS CARD SCREEN PRINT,24,2011-11-25 10:20:00,0.19,12620.0
578698,22577,WOODEN HEART CHRISTMAS SCANDINAVIAN,48,2011-11-25 10:20:00,0.29,12620.0
578698,22578,WOODEN STAR CHRISTMAS SCANDINAVIAN,24,2011-11-25 10:20:00,0.29,12620.0
578698,22228,BUNNY WOODEN PAINTED WITH BIRD,12,2011-11-25 10:20:00,0.39,12620.0
578698,90030B,RED KUKUI COCONUT SEED NECKLACE,6,2011-11-25 10:20:00,1.0,12620.0
578698,90030C,BROWN KUKUI COCONUT SEED NECKLACE,6,2011-11-25 10:20:00,1.0,12620.0
578698,90031,BILI NUT AND WOOD NECKLACE,6,2011-11-25 10:20:00,1.0,12620.0
578698,23311,VINTAGE CHRISTMAS STOCKING,6,2011-11-25 10:20:00,2.55,12620.0
578698,23318,BOX OF 6 MINI VINTAGE CRACKERS,6,2011-11-25 10:20:00,2.49,12620.0
578698,22818,CARD CHRISTMAS VILLAGE,12,2011-11-25 10:20:00,0.42,12620.0
578698,22816,CARD MOTORBIKE SANTA,12,2011-11-25 10:20:00,0.42,12620.0
578698,22734,SET OF 6 RIBBONS VINTAGE CHRISTMAS,6,2011-11-25 10:20:00,2.89,12620.0
578698,23319,BOX OF 6 MINI 50'S CRACKERS,6,2011-11-25 10:20:00,2.49,12620.0
578698,POST,POSTAGE,2,2011-11-25 10:20:00,18.0,12620.0
578736,23084,RABBIT NIGHT LIGHT,120,2011-11-25 11:33:00,1.79,12681.0
578736,21137,BLACK RECORD COVER FRAME,24,2011-11-25 11:33:00,3.39,12681.0
578736,23493,VINTAGE DOILY TRAVEL SEWING KIT,10,2011-11-25 11:33:00,1.95,12681.0
578736,23570,TRADITIONAL PICK UP STICKS GAME,12,2011-11-25 11:33:00,1.25,12681.0
578736,23196,VINTAGE LEAF MAGNETIC NOTEPAD,12,2011-11-25 11:33:00,1.45,12681.0
578736,22467,GUMBALL COAT RACK,36,2011-11-25 11:33:00,2.1,12681.0
578736,20724,RED RETROSPOT CHARLOTTE BAG,20,2011-11-25 11:33:00,0.85,12681.0
578736,23445,ICE CREAM BUBBLES,20,2011-11-25 11:33:00,0.83,12681.0
578736,22037,ROBOT BIRTHDAY CARD,12,2011-11-25 11:33:00,0.42,12681.0
578736,21698,MOCK LOBSTER FRIDGE MAGNET,12,2011-11-25 11:33:00,0.39,12681.0
578736,23158,SET OF 5 LUCKY CAT MAGNETS,12,2011-11-25 11:33:00,2.08,12681.0
578736,23156,SET OF 5 MINI GROCERY MAGNETS,12,2011-11-25 11:33:00,2.08,12681.0
578736,20750,RED RETROSPOT MINI CASES,2,2011-11-25 11:33:00,7.95,12681.0
578736,21770,OPEN CLOSED METAL SIGN,6,2011-11-25 11:33:00,4.95,12681.0
578736,POST,POSTAGE,8,2011-11-25 11:33:00,18.0,12681.0
C578743,POST,POSTAGE,-3,2011-11-25 11:35:00,18.0,12681.0
578835,23084,RABBIT NIGHT LIGHT,48,2011-11-25 15:44:00,1.79,12682.0
578835,21731,RED TOADSTOOL LED NIGHT LIGHT,12,2011-11-25 15:44:00,1.65,12682.0
578835,22749,FELTCRAFT PRINCESS CHARLOTTE DOLL,4,2011-11-25 15:44:00,3.75,12682.0
578835,22750,FELTCRAFT PRINCESS LOLA DOLL,4,2011-11-25 15:44:00,3.75,12682.0
578835,POST,POSTAGE,1,2011-11-25 15:44:00,18.0,12682.0
C579127,22326,ROUND SNACK BOXES SET OF4 WOODLAND,-1,2011-11-28 12:22:00,2.95,12674.0
579153,22555,PLASTERS IN TIN STRONGMAN,12,2011-11-28 13:26:00,1.65,12660.0
579153,22556,PLASTERS IN TIN CIRCUS PARADE,12,2011-11-28 13:26:00,1.65,12660.0
579153,22554,PLASTERS IN TIN WOODLAND ANIMALS,12,2011-11-28 13:26:00,1.65,12660.0
579153,22175,PINK OWL SOFT TOY,6,2011-11-28 13:26:00,2.95,12660.0
579153,84931B,BLUE SCOTTIE DOG W FLOWER PATTERN,6,2011-11-28 13:26:00,2.55,12660.0
579153,22320,BIRDS MOBILE VINTAGE DESIGN,3,2011-11-28 13:26:00,5.95,12660.0
579153,22492,MINI PAINT SET VINTAGE,36,2011-11-28 13:26:00,0.65,12660.0
579153,22744,MAKE YOUR OWN MONSOON CARD KIT,6,2011-11-28 13:26:00,2.95,12660.0
579153,22453,MEASURING TAPE BABUSHKA BLUE,6,2011-11-28 13:26:00,2.95,12660.0
579153,22654,DELUXE SEWING KIT,3,2011-11-28 13:26:00,5.95,12660.0
579153,22966,GINGERBREAD MAN COOKIE CUTTER,12,2011-11-28 13:26:00,1.25,12660.0
579153,84375,SET OF 20 KIDS COOKIE CUTTERS,12,2011-11-28 13:26:00,2.1,12660.0
579153,POST,POSTAGE,1,2011-11-28 13:26:00,18.0,12660.0
579190,22900,SET 2 TEA TOWELS I LOVE LONDON,6,2011-11-28 15:35:00,3.25,12657.0
579190,22357,KINGS CHOICE BISCUIT TIN,4,2011-11-28 15:35:00,4.25,12657.0
579190,22423,REGENCY CAKESTAND 3 TIER,10,2011-11-28 15:35:00,12.75,12657.0
579190,22959,WRAP CHRISTMAS VILLAGE,250,2011-11-28 15:35:00,0.42,12657.0
579190,22818,CARD CHRISTMAS VILLAGE,72,2011-11-28 15:35:00,0.42,12657.0
579190,23318,BOX OF 6 MINI VINTAGE CRACKERS,20,2011-11-28 15:35:00,2.49,12657.0
579190,22809,SET OF 6 T-LIGHTS SANTA,12,2011-11-28 15:35:00,2.95,12657.0
579190,POST,POSTAGE,4,2011-11-28 15:35:00,18.0,12657.0
579190,23320,GIANT 50'S CHRISTMAS CRACKER,12,2011-11-28 15:35:00,2.89,12657.0
C579192,POST,POSTAGE,-4,2011-11-28 15:43:00,18.0,12657.0
C579192,23320,GIANT 50'S CHRISTMAS CRACKER,-12,2011-11-28 15:43:00,2.89,12657.0
C579192,23318,BOX OF 6 MINI VINTAGE CRACKERS,-20,2011-11-28 15:43:00,2.49,12657.0
C579192,22959,WRAP CHRISTMAS VILLAGE,-250,2011-11-28 15:43:00,0.42,12657.0
C579192,22900,SET 2 TEA TOWELS I LOVE LONDON,-6,2011-11-28 15:43:00,3.25,12657.0
C579192,22818,CARD CHRISTMAS VILLAGE,-72,2011-11-28 15:43:00,0.42,12657.0
C579192,22809,SET OF 6 T-LIGHTS SANTA,-12,2011-11-28 15:43:00,2.95,12657.0
C579192,22423,REGENCY CAKESTAND 3 TIER,-10,2011-11-28 15:43:00,12.75,12657.0
C579192,22357,KINGS CHOICE BISCUIT TIN,-4,2011-11-28 15:43:00,4.25,12657.0
579193,POST,POSTAGE,4,2011-11-28 15:47:00,18.0,12657.0
579193,23320,GIANT 50'S CHRISTMAS CRACKER,12,2011-11-28 15:47:00,2.89,12657.0
579193,23318,BOX OF 6 MINI VINTAGE CRACKERS,20,2011-11-28 15:47:00,2.49,12657.0
579193,22959,WRAP CHRISTMAS VILLAGE,250,2011-11-28 15:47:00,0.42,12657.0
579193,22900,SET 2 TEA TOWELS I LOVE LONDON,6,2011-11-28 15:47:00,3.25,12657.0
579193,22818,CARD CHRISTMAS VILLAGE,72,2011-11-28 15:47:00,0.42,12657.0
579193,22809,SET OF 6 T-LIGHTS SANTA,12,2011-11-28 15:47:00,2.95,12657.0
579193,22423,REGENCY CAKESTAND 3 TIER,10,2011-11-28 15:47:00,12.75,12657.0
579193,22357,KINGS CHOICE BISCUIT TIN,4,2011-11-28 15:47:00,4.25,12657.0
579345,22534,MAGIC DRAWING SLATE SPACEBOY,24,2011-11-29 11:46:00,0.42,12727.0
579345,22530,MAGIC DRAWING SLATE DOLLY GIRL,24,2011-11-29 11:46:00,0.42,12727.0
579345,22139,RETROSPOT TEA SET CERAMIC 11 PC,6,2011-11-29 11:46:00,4.95,12727.0
579345,22617,BAKING SET SPACEBOY DESIGN,3,2011-11-29 11:46:00,4.95,12727.0
579345,22138,BAKING SET 9 PIECE RETROSPOT,3,2011-11-29 11:46:00,4.95,12727.0
579345,23080,RED METAL BOX TOP SECRET,4,2011-11-29 11:46:00,8.25,12727.0
579345,23081,GREEN METAL BOX ARMY SUPPLIES,12,2011-11-29 11:46:00,8.25,12727.0
579345,23445,ICE CREAM BUBBLES,20,2011-11-29 11:46:00,0.83,12727.0
579345,23559,WOODLAND BUNNIES LOLLY MAKERS,6,2011-11-29 11:46:00,2.08,12727.0
579345,23084,RABBIT NIGHT LIGHT,24,2011-11-29 11:46:00,1.79,12727.0
579345,22466,FAIRY TALE COTTAGE NIGHT LIGHT,12,2011-11-29 11:46:00,1.95,12727.0
579345,22553,PLASTERS IN TIN SKULLS,12,2011-11-29 11:46:00,1.65,12727.0
579345,22557,PLASTERS IN TIN VINTAGE PAISLEY,12,2011-11-29 11:46:00,1.65,12727.0
579345,22492,MINI PAINT SET VINTAGE,36,2011-11-29 11:46:00,0.65,12727.0
579345,21559,STRAWBERRY LUNCH BOX WITH CUTLERY,6,2011-11-29 11:46:00,2.55,12727.0
579345,22659,LUNCH BOX I LOVE LONDON,12,2011-11-29 11:46:00,1.95,12727.0
579345,POST,POSTAGE,4,2011-11-29 11:46:00,18.0,12727.0
579345,20749,ASSORTED COLOUR MINI CASES,6,2011-11-29 11:46:00,7.95,12727.0
579345,16218,CARTOON  PENCIL SHARPENERS,80,2011-11-29 11:46:00,0.06,12727.0
579345,22730,ALARM CLOCK BAKELIKE IVORY,8,2011-11-29 11:46:00,3.75,12727.0
579345,22728,ALARM CLOCK BAKELIKE PINK,8,2011-11-29 11:46:00,3.75,12727.0
579345,22727,ALARM CLOCK BAKELIKE RED,8,2011-11-29 11:46:00,3.75,12727.0
579345,22556,PLASTERS IN TIN CIRCUS PARADE,12,2011-11-29 11:46:00,1.65,12727.0
579492,23084,RABBIT NIGHT LIGHT,48,2011-11-29 15:23:00,1.79,12670.0
579492,21731,RED TOADSTOOL LED NIGHT LIGHT,36,2011-11-29 15:23:00,1.65,12670.0
579492,22556,PLASTERS IN TIN CIRCUS PARADE,24,2011-11-29 15:23:00,1.65,12670.0
579492,22555,PLASTERS IN TIN STRONGMAN,24,2011-11-29 15:23:00,1.65,12670.0
579492,23351,ROLL WRAP 50'S CHRISTMAS,24,2011-11-29 15:23:00,1.25,12670.0
579492,23349,ROLL WRAP VINTAGE CHRISTMAS,12,2011-11-29 15:23:00,1.25,12670.0
579492,23480,MINI LIGHTS WOODLAND MUSHROOMS,24,2011-11-29 15:23:00,3.75,12670.0
579492,22966,GINGERBREAD MAN COOKIE CUTTER,12,2011-11-29 15:23:00,1.25,12670.0
579492,22303,COFFEE MUG APPLES DESIGN,24,2011-11-29 15:23:00,2.55,12670.0
579492,22302,COFFEE MUG PEARS  DESIGN,24,2011-11-29 15:23:00,2.55,12670.0
579492,23115,RED APPLES CHOPPING BOARD,12,2011-11-29 15:23:00,4.95,12670.0
579492,23352,ROLL WRAP 50'S RED CHRISTMAS,12,2011-11-29 15:23:00,1.25,12670.0
579492,22328,ROUND SNACK BOXES SET OF 4 FRUITS,24,2011-11-29 15:23:00,2.95,12670.0
579492,POST,POSTAGE,3,2011-11-29 15:23:00,18.0,12670.0
579529,22139,RETROSPOT TEA SET CERAMIC 11 PC,3,2011-11-30 08:50:00,4.95,12488.0
579529,23084,RABBIT NIGHT LIGHT,24,2011-11-30 08:50:00,1.79,12488.0
579529,POST,POSTAGE,3,2011-11-30 08:50:00,18.0,12488.0
579529,22175,PINK OWL SOFT TOY,12,2011-11-30 08:50:00,2.95,12488.0
579529,84931A,PINK SCOTTIE DOG W FLOWER PATTERN,6,2011-11-30 08:50:00,2.55,12488.0
579529,84931B,BLUE SCOTTIE DOG W FLOWER PATTERN,6,2011-11-30 08:50:00,2.55,12488.0
579529,22748,POPPY'S PLAYHOUSE KITCHEN,6,2011-11-30 08:50:00,2.1,12488.0
579529,20749,ASSORTED COLOUR MINI CASES,2,2011-11-30 08:50:00,7.95,12488.0
579529,20750,RED RETROSPOT MINI CASES,2,2011-11-30 08:50:00,7.95,12488.0
579529,22743,MAKE YOUR OWN FLOWERPOWER CARD KIT,6,2011-11-30 08:50:00,2.95,12488.0
579529,84375,SET OF 20 KIDS COOKIE CUTTERS,12,2011-11-30 08:50:00,2.1,12488.0
579529,22899,CHILDREN'S APRON DOLLY GIRL,6,2011-11-30 08:50:00,2.1,12488.0
579529,21156,RETROSPOT CHILDRENS APRON,8,2011-11-30 08:50:00,1.95,12488.0
579529,47591D,PINK FAIRY CAKE CHILDRENS APRON,8,2011-11-30 08:50:00,1.95,12488.0
579529,21936,RED RETROSPOT PICNIC BAG,5,2011-11-30 08:50:00,2.95,12488.0
579529,20979,36 PENCILS TUBE RED RETROSPOT,16,2011-11-30 08:50:00,1.25,12488.0
579529,10135,COLOURING PENCILS BROWN TUBE,10,2011-11-30 08:50:00,1.25,12488.0
579529,23370,SET 36 COLOURING PENCILS DOILY,16,2011-11-30 08:50:00,1.25,12488.0
579529,23365,SET 12 COLOUR PENCILS LOVE LONDON,24,2011-11-30 08:50:00,0.65,12488.0
579529,23372,SET 36 COLOUR PENCILS DOLLY GIRL,16,2011-11-30 08:50:00,1.25,12488.0
579529,23371,SET 36 COLOUR PENCILS SPACEBOY,16,2011-11-30 08:50:00,1.25,12488.0
579529,22753,SMALL YELLOW BABUSHKA NOTEBOOK,12,2011-11-30 08:50:00,0.85,12488.0
579529,22754,SMALL RED BABUSHKA NOTEBOOK,12,2011-11-30 08:50:00,0.85,12488.0
579529,22991,GIRAFFE WOODEN RULER,12,2011-11-30 08:50:00,1.95,12488.0
579529,22992,REVOLVER WOODEN RULER,12,2011-11-30 08:50:00,1.95,12488.0
579529,22644,CERAMIC CHERRY CAKE MONEY BANK,12,2011-11-30 08:50:00,1.45,12488.0
579529,22138,BAKING SET 9 PIECE RETROSPOT,3,2011-11-30 08:50:00,4.95,12488.0
C579532,POST,POSTAGE,-1,2011-11-30 09:21:00,18.0,12494.0
C579532,22890,NOVELTY BISCUITS CAKE STAND 3 TIER,-4,2011-11-30 09:21:00,9.95,12494.0
C579562,23084,RABBIT NIGHT LIGHT,-1,2011-11-30 11:39:00,2.08,12553.0
C579562,21731,RED TOADSTOOL LED NIGHT LIGHT,-1,2011-11-30 11:39:00,1.65,12553.0
579634,23576,SNACK TRAY RED VINTAGE DOILY,8,2011-11-30 12:18:00,1.95,12598.0
579634,23575,SNACK TRAY PAISLEY PARK,8,2011-11-30 12:18:00,1.95,12598.0
579634,23578,SNACK TRAY RED GINGHAM,8,2011-11-30 12:18:00,1.95,12598.0
579634,22423,REGENCY CAKESTAND 3 TIER,1,2011-11-30 12:18:00,12.75,12598.0
579634,23493,VINTAGE DOILY TRAVEL SEWING KIT,10,2011-11-30 12:18:00,1.95,12598.0
579634,23196,VINTAGE LEAF MAGNETIC NOTEPAD,12,2011-11-30 12:18:00,1.45,12598.0
579634,23308,SET OF 60 VINTAGE LEAF CAKE CASES,24,2011-11-30 12:18:00,0.55,12598.0
579634,84535B,FAIRY CAKES NOTEBOOK A6 SIZE,16,2011-11-30 12:18:00,0.65,12598.0
579634,84991,60 TEATIME FAIRY CAKE CASES,24,2011-11-30 12:18:00,0.55,12598.0
579634,21212,PACK OF 72 RETROSPOT CAKE CASES,24,2011-11-30 12:18:00,0.55,12598.0
579634,21210,SET OF 72 RETROSPOT PAPER  DOILIES,12,2011-11-30 12:18:00,1.45,12598.0
579708,23681,LUNCH BAG RED VINTAGE DOILY,40,2011-11-30 14:16:00,1.65,12682.0
579708,23084,RABBIT NIGHT LIGHT,48,2011-11-30 14:16:00,1.79,12682.0
579708,23695,DOILY THANK YOU CARD,12,2011-11-30 14:16:00,0.42,12682.0
579708,23343,JUMBO BAG VINTAGE CHRISTMAS,10,2011-11-30 14:16:00,2.08,12682.0
579708,23344,JUMBO BAG 50'S CHRISTMAS,10,2011-11-30 14:16:00,2.08,12682.0
579708,22739,RIBBON REEL CHRISTMAS SOCK BAUBLE,10,2011-11-30 14:16:00,1.65,12682.0
579708,23353,6 GIFT TAGS VINTAGE CHRISTMAS,12,2011-11-30 14:16:00,0.83,12682.0
579708,15056N,EDWARDIAN PARASOL NATURAL,6,2011-11-30 14:16:00,5.95,12682.0
579708,21731,RED TOADSTOOL LED NIGHT LIGHT,12,2011-11-30 14:16:00,1.65,12682.0
579708,22961,JAM MAKING SET PRINTED,12,2011-11-30 14:16:00,1.45,12682.0
579708,20725,LUNCH BAG RED RETROSPOT,10,2011-11-30 14:16:00,1.65,12682.0
579708,23209,LUNCH BAG VINTAGE DOILY,10,2011-11-30 14:16:00,1.65,12682.0
579708,23480,MINI LIGHTS WOODLAND MUSHROOMS,4,2011-11-30 14:16:00,3.75,12682.0
579708,23208,LUNCH BAG VINTAGE LEAF DESIGN,10,2011-11-30 14:16:00,1.65,12682.0
579708,23240,SET OF 4 KNICK KNACK TINS DOILY,6,2011-11-30 14:16:00,4.15,12682.0
579708,23237,SET OF 4 KNICK KNACK TINS LEAF,6,2011-11-30 14:16:00,4.15,12682.0
579708,22086,PAPER CHAIN KIT 50'S CHRISTMAS,6,2011-11-30 14:16:00,2.95,12682.0
579708,22027,TEA PARTY BIRTHDAY CARD,12,2011-11-30 14:16:00,0.42,12682.0
579708,POST,POSTAGE,4,2011-11-30 14:16:00,18.0,12682.0
