537022,22791,T-LIGHT GLASS FLUTED ANTIQUE,12,2010-12-03 15:45:00,1.25,12725.0
537022,21287,SCENTED VELVET LOUNGE CANDLE,12,2010-12-03 15:45:00,1.25,12725.0
537022,79337,BLUE FLOCK GLASS CANDLEHOLDER,6,2010-12-03 15:45:00,1.65,12725.0
537022,85111,SILVER GLITTER FLOWER VOTIVE HOLDER,12,2010-12-03 15:45:00,1.25,12725.0
537022,85038,6 CHOCOLATE LOVE HEART T-LIGHTS,6,2010-12-03 15:45:00,2.1,12725.0
537022,22809,SET OF 6 T-LIGHTS SANTA,6,2010-12-03 15:45:00,2.95,12725.0
537022,22810,SET OF 6 T-LIGHTS SNOWMEN,6,2010-12-03 15:45:00,2.95,12725.0
537022,20956,PORCELAIN T-LIGHT HOLDERS ASSORTED,12,2010-12-03 15:45:00,1.25,12725.0
537022,22307,GOLD MUG BONE CHINA TREE OF LIFE,6,2010-12-03 15:45:00,1.95,12725.0
537022,85078,SCANDINAVIAN 3 HEARTS NAPKIN RING,24,2010-12-03 15:45:00,0.65,12725.0
537022,72802A,ROSE SCENT CANDLE IN JEWELLED BOX,6,2010-12-03 15:45:00,4.25,12725.0
537022,72803A,ROSE SCENT CANDLE JEWELLED DRAWER,4,2010-12-03 15:45:00,4.25,12725.0
537022,72807C,SET/3 VANILLA SCENTED CANDLE IN BOX,4,2010-12-03 15:45:00,4.25,12725.0
537022,85034A,3 GARDENIA MORRIS BOXED CANDLES,4,2010-12-03 15:45:00,4.25,12725.0
537022,85035C,ROSE 3 WICK MORRIS BOX CANDLE,4,2010-12-03 15:45:00,4.25,12725.0
537022,85036B,CHOCOLATE 1 WICK MORRIS BOX CANDLE,6,2010-12-03 15:45:00,4.25,12725.0
537022,85035B,CHOCOLATE 3 WICK MORRIS BOX CANDLE,4,2010-12-03 15:45:00,4.25,12725.0
537022,85035A,GARDENIA 3 WICK MORRIS BOXED CANDLE,4,2010-12-03 15:45:00,4.25,12725.0
537022,85034C,3 ROSE MORRIS BOXED CANDLES,4,2010-12-03 15:45:00,4.25,12725.0
537022,72741,GRAND CHOCOLATECANDLE,9,2010-12-03 15:45:00,1.45,12725.0
537022,84614A,PINK BAROQUE FLOCK CANDLE HOLDER,2,2010-12-03 15:45:00,5.95,12725.0
537022,22697,GREEN REGENCY TEACUP AND SAUCER,6,2010-12-03 15:45:00,2.95,12725.0
537022,84031A,CHARLIE+LOLA RED HOT WATER BOTTLE,3,2010-12-03 15:45:00,4.65,12725.0
537022,POST,POSTAGE,2,2010-12-03 15:45:00,28.0,12725.0
C537232,84840,SWEETHEART CARRY-ALL BASKET,-2,2010-12-06 09:31:00,8.5,12586.0
539752,22215,CAKE STAND WHITE TWO TIER LACE,2,2010-12-21 15:43:00,8.5,12515.0
539752,22423,REGENCY CAKESTAND 3 TIER,2,2010-12-21 15:43:00,12.75,12515.0
539752,22223,CAKE PLATE LOVEBIRD PINK,12,2010-12-21 15:43:00,1.95,12515.0
539752,22236,CAKE STAND 3 TIER MAGIC GARDEN,2,2010-12-21 15:43:00,12.75,12515.0
539752,22221,CAKE STAND LOVEBIRD 2 TIER PINK,2,2010-12-21 15:43:00,9.95,12515.0
539752,15036,ASSORTED COLOURS SILK FAN,12,2010-12-21 15:43:00,0.75,12515.0
539752,15056N,EDWARDIAN PARASOL NATURAL,3,2010-12-21 15:43:00,5.95,12515.0
539752,15056P,EDWARDIAN PARASOL PINK,3,2010-12-21 15:43:00,5.95,12515.0
539752,22969,HOMEMADE JAM SCENTED CANDLES,12,2010-12-21 15:43:00,1.45,12515.0
539752,22720,SET OF 3 CAKE TINS PANTRY DESIGN,3,2010-12-21 15:43:00,4.95,12515.0
539752,21976,PACK OF 60 MUSHROOM CAKE CASES,24,2010-12-21 15:43:00,0.55,12515.0
539752,21977,PACK OF 60 PINK PAISLEY CAKE CASES,24,2010-12-21 15:43:00,0.55,12515.0
539752,22938,CUPCAKE LACE PAPER SET 6,12,2010-12-21 15:43:00,1.95,12515.0
539752,21108,FAIRY CAKE FLANNEL ASSORTED COLOUR,9,2010-12-21 15:43:00,2.55,12515.0
539752,22697,GREEN REGENCY TEACUP AND SAUCER,6,2010-12-21 15:43:00,2.95,12515.0
539752,POST,POSTAGE,3,2010-12-21 15:43:00,35.0,12515.0
C540129,22352,LUNCH BOX WITH CUTLERY RETROSPOT,-3,2011-01-05 10:46:00,2.55,12578.0
541115,84378,SET OF 3 HEART COOKIE CUTTERS,24,2011-01-13 15:34:00,1.25,12578.0
541115,22301,COFFEE MUG CAT + BIRD DESIGN,12,2011-01-13 15:34:00,2.55,12578.0
541115,22300,COFFEE MUG DOG + BALL DESIGN,12,2011-01-13 15:34:00,2.55,12578.0
541115,22350,ILLUSTRATED CAT BOWL,12,2011-01-13 15:34:00,2.55,12578.0
541115,22349,DOG BOWL CHASING BALL DESIGN,12,2011-01-13 15:34:00,3.75,12578.0
541115,22659,LUNCH BOX I LOVE LONDON,12,2011-01-13 15:34:00,1.95,12578.0
541115,22630,DOLLY GIRL LUNCH BOX,12,2011-01-13 15:34:00,1.95,12578.0
541115,22631,CIRCUS PARADE LUNCH BOX,12,2011-01-13 15:34:00,1.95,12578.0
541115,22629,SPACEBOY LUNCH BOX,12,2011-01-13 15:34:00,1.95,12578.0
541115,22190,LOCAL CAFE MUG,12,2011-01-13 15:34:00,2.1,12578.0
541115,22348,TEA BAG PLATE RED RETROSPOT,24,2011-01-13 15:34:00,0.85,12578.0
541115,22352,LUNCH BOX WITH CUTLERY RETROSPOT,12,2011-01-13 15:34:00,2.55,12578.0
541115,22328,ROUND SNACK BOXES SET OF 4 FRUITS,6,2011-01-13 15:34:00,2.95,12578.0
541115,22135,MINI LADLE LOVE HEART PINK,12,2011-01-13 15:34:00,0.42,12578.0
541115,22134,MINI LADLE LOVE HEART RED,24,2011-01-13 15:34:00,0.42,12578.0
541115,22558,CLOTHES PEGS RETROSPOT PACK 24,24,2011-01-13 15:34:00,1.49,12578.0
541115,22365,DOORMAT RESPECTABLE HOUSE,2,2011-01-13 15:34:00,7.95,12578.0
541115,48184,DOORMAT ENGLISH ROSE,2,2011-01-13 15:34:00,7.95,12578.0
541115,22366,DOORMAT AIRMAIL,4,2011-01-13 15:34:00,7.95,12578.0
541115,21775,DECORATIVE FLORE BATHROOM BOTTLE,12,2011-01-13 15:34:00,1.25,12578.0
541115,21774,DECORATIVE CATS BATHROOM BOTTLE,12,2011-01-13 15:34:00,1.25,12578.0
541115,22494,EMERGENCY FIRST AID TIN,12,2011-01-13 15:34:00,1.25,12578.0
541115,21906,PHARMACIE FIRST AID TIN,6,2011-01-13 15:34:00,6.75,12578.0
541115,21260,FIRST AID TIN,6,2011-01-13 15:34:00,3.25,12578.0
541115,POST,POSTAGE,7,2011-01-13 15:34:00,28.0,12578.0
541115,22471,TV DINNER TRAY AIR HOSTESS,3,2011-01-13 15:34:00,4.95,12578.0
541115,22314,OFFICE MUG WARMER CHOC+BLUE,12,2011-01-13 15:34:00,2.95,12578.0
541115,22313,OFFICE MUG WARMER PINK,12,2011-01-13 15:34:00,2.95,12578.0
541115,22312,OFFICE MUG WARMER POLKADOT,6,2011-01-13 15:34:00,2.95,12578.0
541115,22311,OFFICE MUG WARMER BLACK+SILVER,6,2011-01-13 15:34:00,2.95,12578.0
541115,22433,WATERING CAN GREEN DINOSAUR,12,2011-01-13 15:34:00,1.95,12578.0
541115,22431,WATERING CAN BLUE ELEPHANT,12,2011-01-13 15:34:00,1.95,12578.0
541115,22444,GROW YOUR OWN PLANT IN A CAN,24,2011-01-13 15:34:00,1.25,12578.0
541115,22525,CHILDRENS GARDEN GLOVES PINK,12,2011-01-13 15:34:00,1.25,12578.0
541115,22524,CHILDRENS GARDEN GLOVES BLUE,12,2011-01-13 15:34:00,1.25,12578.0
541115,22521,CHILDS GARDEN TROWEL PINK,12,2011-01-13 15:34:00,0.85,12578.0
541115,22520,CHILDS GARDEN TROWEL BLUE,12,2011-01-13 15:34:00,0.85,12578.0
541115,22523,CHILDS GARDEN FORK PINK,12,2011-01-13 15:34:00,0.85,12578.0
541115,22522,CHILDS GARDEN FORK BLUE,12,2011-01-13 15:34:00,0.85,12578.0
541115,22515,CHILDS GARDEN SPADE PINK,6,2011-01-13 15:34:00,2.1,12578.0
541115,22514,CHILDS GARDEN SPADE BLUE,6,2011-01-13 15:34:00,2.1,12578.0
541115,22519,CHILDS GARDEN BRUSH PINK,6,2011-01-13 15:34:00,2.1,12578.0
541115,22518,CHILDS GARDEN BRUSH BLUE,6,2011-01-13 15:34:00,2.1,12578.0
541115,22517,CHILDS GARDEN RAKE PINK,6,2011-01-13 15:34:00,2.1,12578.0
541115,22516,CHILDS GARDEN RAKE BLUE,6,2011-01-13 15:34:00,2.1,12578.0
541115,22556,PLASTERS IN TIN CIRCUS PARADE,12,2011-01-13 15:34:00,1.65,12578.0
541115,22554,PLASTERS IN TIN WOODLAND ANIMALS,12,2011-01-13 15:34:00,1.65,12578.0
541115,21561,DINOSAUR LUNCH BOX WITH CUTLERY,6,2011-01-13 15:34:00,2.55,12578.0
541115,21559,STRAWBERRY LUNCH BOX WITH CUTLERY,6,2011-01-13 15:34:00,2.55,12578.0
541115,22472,TV DINNER TRAY DOLLY GIRL,3,2011-01-13 15:34:00,4.95,12578.0
541115,22474,SPACEBOY TV DINNER TRAY,3,2011-01-13 15:34:00,4.95,12578.0
541115,22272,FELTCRAFT DOLL MARIA,6,2011-01-13 15:34:00,2.95,12578.0
541115,22273,FELTCRAFT DOLL MOLLY,6,2011-01-13 15:34:00,2.95,12578.0
541115,22271,FELTCRAFT DOLL ROSIE,6,2011-01-13 15:34:00,2.95,12578.0
541115,22113,GREY HEART HOT WATER BOTTLE,8,2011-01-13 15:34:00,3.75,12578.0
541115,22111,SCOTTIE DOG HOT WATER BOTTLE,8,2011-01-13 15:34:00,4.95,12578.0
541115,21485,RETROSPOT HEART HOT WATER BOTTLE,6,2011-01-13 15:34:00,4.95,12578.0
541115,22099,CARAVAN SQUARE TISSUE BOX,12,2011-01-13 15:34:00,1.25,12578.0
541115,22098,BOUDOIR SQUARE TISSUE BOX,12,2011-01-13 15:34:00,1.25,12578.0
541115,20725,LUNCH BAG RED RETROSPOT,10,2011-01-13 15:34:00,1.65,12578.0
541115,85178,VICTORIAN SEWING KIT,12,2011-01-13 15:34:00,1.25,12578.0
541115,21787,RAIN PONCHO RETROSPOT,24,2011-01-13 15:34:00,0.85,12578.0
541115,21786,POLKADOT RAIN HAT,24,2011-01-13 15:34:00,0.42,12578.0
541115,15060B,FAIRY CAKE DESIGN UMBRELLA,4,2011-01-13 15:34:00,3.75,12578.0
541115,22379,RECYCLING BAG RETROSPOT,5,2011-01-13 15:34:00,2.1,12578.0
541115,21936,RED RETROSPOT PICNIC BAG,5,2011-01-13 15:34:00,2.95,12578.0
541115,21844,RED RETROSPOT MUG,12,2011-01-13 15:34:00,2.95,12578.0
541115,22310,IVORY KNITTED MUG COSY,18,2011-01-13 15:34:00,1.65,12578.0
541115,84828,JUNGLE POPSICLES ICE LOLLY HOLDERS,12,2011-01-13 15:34:00,1.25,12578.0
541115,84380,SET OF 3 BUTTERFLY COOKIE CUTTERS,24,2011-01-13 15:34:00,1.25,12578.0
541703,20728,LUNCH BAG CARS BLUE,20,2011-01-21 09:52:00,1.65,12594.0
541703,20726,LUNCH BAG WOODLAND,20,2011-01-21 09:52:00,1.65,12594.0
541703,22466,FAIRY TALE COTTAGE NIGHTLIGHT,12,2011-01-21 09:52:00,1.95,12594.0
541703,22139,RETROSPOT TEA SET CERAMIC 11 PC,6,2011-01-21 09:52:00,4.95,12594.0
541703,21365,MIRRORED WALL ART STARS,12,2011-01-21 09:52:00,2.95,12594.0
541703,21371,MIRRORED WALL ART POPPIES,12,2011-01-21 09:52:00,2.55,12594.0
541703,22549,PICTURE DOMINOES,12,2011-01-21 09:52:00,1.45,12594.0
541703,22380,TOY TIDY SPACEBOY,10,2011-01-21 09:52:00,2.1,12594.0
541703,22381,TOY TIDY PINK POLKADOT,10,2011-01-21 09:52:00,2.1,12594.0
541703,22379,RECYCLING BAG RETROSPOT,5,2011-01-21 09:52:00,2.1,12594.0
541703,71270,PHOTO CLIP LINE,24,2011-01-21 09:52:00,1.25,12594.0
541703,POST,POSTAGE,2,2011-01-21 09:52:00,28.0,12594.0
542238,47580,TEA TIME DES TEA COSY,6,2011-01-26 14:35:00,2.55,12591.0
542238,22261,FELT EGG COSY WHITE RABBIT,12,2011-01-26 14:35:00,0.85,12591.0
542238,22260,FELT EGG COSY BLUE RABBIT,12,2011-01-26 14:35:00,0.85,12591.0
542238,22066,LOVE HEART TRINKET POT,12,2011-01-26 14:35:00,1.45,12591.0
542238,22611,VINTAGE UNION JACK SHOPPING BAG,3,2011-01-26 14:35:00,4.95,12591.0
542238,22961,JAM MAKING SET PRINTED,12,2011-01-26 14:35:00,1.45,12591.0
542238,22222,CAKE PLATE LOVEBIRD WHITE,3,2011-01-26 14:35:00,4.95,12591.0
542238,22890,NOVELTY BISCUITS CAKE STAND 3 TIER,2,2011-01-26 14:35:00,9.95,12591.0
542238,22956,36 FOIL HEART CAKE CASES,6,2011-01-26 14:35:00,2.1,12591.0
542238,21068,VINTAGE BILLBOARD LOVE/HATE MUG,12,2011-01-26 14:35:00,1.25,12591.0
542238,84050,PINK HEART SHAPE EGG FRYING PAN,6,2011-01-26 14:35:00,1.65,12591.0
542238,84988,SET OF 72 PINK HEART PAPER DOILIES,24,2011-01-26 14:35:00,1.45,12591.0
542238,84992,72 SWEETHEART FAIRY CAKE CASES,24,2011-01-26 14:35:00,0.55,12591.0
542238,22937,BAKING MOULD CHOCOLATE CUPCAKES,6,2011-01-26 14:35:00,2.55,12591.0
542238,22667,RECIPE BOX RETROSPOT,6,2011-01-26 14:35:00,2.95,12591.0
542238,22131,FOOD CONTAINER SET 3 LOVE HEART,6,2011-01-26 14:35:00,1.95,12591.0
542238,22133,PINK LOVE HEART SHAPE CUP,12,2011-01-26 14:35:00,0.85,12591.0
542238,22132,RED LOVE HEART SHAPE CUP,12,2011-01-26 14:35:00,0.85,12591.0
542238,22364,GLASS JAR DIGESTIVE BISCUITS,6,2011-01-26 14:35:00,2.95,12591.0
542238,22363,GLASS JAR MARMALADE,6,2011-01-26 14:35:00,2.95,12591.0
542238,22923,FRIDGE MAGNETS LES ENFANTS ASSORTED,12,2011-01-26 14:35:00,0.85,12591.0
542238,22922,FRIDGE MAGNETS US DINER ASSORTED,12,2011-01-26 14:35:00,0.85,12591.0
542238,22079,RIBBON REEL HEARTS DESIGN,10,2011-01-26 14:35:00,1.65,12591.0
542238,22776,SWEETHEART CAKESTAND 3 TIER,1,2011-01-26 14:35:00,9.95,12591.0
542238,POST,POSTAGE,3,2011-01-26 14:35:00,28.0,12591.0
542238,21524,DOORMAT SPOTTY HOME SWEET HOME,2,2011-01-26 14:35:00,7.95,12591.0
C542273,21936,RED RETROSPOT PICNIC BAG,-2,2011-01-27 10:01:00,2.95,12578.0
C542273,22099,CARAVAN SQUARE TISSUE BOX,-9,2011-01-27 10:01:00,1.25,12578.0
C542273,20980,36 PENCILS TUBE POSY,-9,2011-01-27 10:01:00,1.25,12578.0
C542273,22301,COFFEE MUG CAT + BIRD DESIGN,-1,2011-01-27 10:01:00,2.55,12578.0
C542273,22300,COFFEE MUG DOG + BALL DESIGN,-1,2011-01-27 10:01:00,2.55,12578.0
