C556793,22697,GREEN REGENCY TEACUP AND SAUCER,-1,2011-06-14 13:54:00,2.95,12818.0
C556793,22357,KINGS CHOICE BISCUIT TIN,-5,2011-06-14 13:54:00,4.25,12818.0
559707,15060B,FAIRY CAKE DESIGN UMBRELLA,4,2011-07-12 10:04:00,3.75,12358.0
559707,22059,CERAMIC STRAWBERRY DESIGN MUG,12,2011-07-12 10:04:00,1.49,12358.0
559707,37449,CERAMIC CAKE STAND + HANGING CAKES,2,2011-07-12 10:04:00,9.95,12358.0
559707,37447,CERAMIC CAKE DESIGN SPOTTED PLATE,12,2011-07-12 10:04:00,1.49,12358.0
559707,48185,DOORMAT FAIRY CAKE,2,2011-07-12 10:04:00,7.95,12358.0
559707,15056P,EDWARDIAN PARASOL PINK,12,2011-07-12 10:04:00,5.95,12358.0
559707,15056N,EDWARDIAN PARASOL NATURAL,12,2011-07-12 10:04:00,5.95,12358.0
559707,20679,EDWARDIAN PARASOL RED,12,2011-07-12 10:04:00,5.95,12358.0
559707,15056BL,EDWARDIAN PARASOL BLACK,12,2011-07-12 10:04:00,5.95,12358.0
559707,21232,STRAWBERRY CERAMIC TRINKET BOX,12,2011-07-12 10:04:00,1.25,12358.0
559707,22063,CERAMIC BOWL WITH STRAWBERRY DESIGN,6,2011-07-12 10:04:00,2.95,12358.0
559707,POST,POSTAGE,2,2011-07-12 10:04:00,40.0,12358.0
561627,22557,PLASTERS IN TIN VINTAGE PAISLEY,12,2011-07-28 14:08:00,1.65,12453.0
561627,22555,PLASTERS IN TIN STRONGMAN,12,2011-07-28 14:08:00,1.65,12453.0
561627,22321,BIRD DECORATION RED RETROSPOT,12,2011-07-28 14:08:00,0.85,12453.0
561627,22452,MEASURING TAPE BABUSHKA PINK,6,2011-07-28 14:08:00,2.95,12453.0
561627,22320,BIRDS MOBILE VINTAGE DESIGN,3,2011-07-28 14:08:00,5.95,12453.0
561627,22325,MOBILE VINTAGE HEARTS,3,2011-07-28 14:08:00,4.95,12453.0
561627,22467,GUMBALL COAT RACK,6,2011-07-28 14:08:00,2.55,12453.0
561627,22602,RETROSPOT WOODEN HEART DECORATION,12,2011-07-28 14:08:00,0.85,12453.0
561627,21155,RED RETROSPOT PEG BAG,6,2011-07-28 14:08:00,2.55,12453.0
561627,22630,DOLLY GIRL LUNCH BOX,12,2011-07-28 14:08:00,1.95,12453.0
561627,22629,SPACEBOY LUNCH BOX,12,2011-07-28 14:08:00,1.95,12453.0
561627,22445,PENCIL CASE LIFE IS BEAUTIFUL,6,2011-07-28 14:08:00,2.95,12453.0
561627,22507,MEMO BOARD RETROSPOT  DESIGN,4,2011-07-28 14:08:00,4.95,12453.0
561627,21498,RED RETROSPOT WRAP,25,2011-07-28 14:08:00,0.42,12453.0
561627,21499,BLUE POLKADOT WRAP,25,2011-07-28 14:08:00,0.42,12453.0
561627,21500,PINK POLKADOT WRAP,25,2011-07-28 14:08:00,0.42,12453.0
561627,22050,PINK PAISLEY ROSE GIFT WRAP,25,2011-07-28 14:08:00,0.42,12453.0
561627,22051,BLUE SCANDINAVIAN PAISLEY WRAP,25,2011-07-28 14:08:00,0.42,12453.0
561627,21121,SET/10 RED POLKADOT PARTY CANDLES,24,2011-07-28 14:08:00,1.25,12453.0
561627,23240,SET OF 4 KNICK KNACK TINS DOILEY,6,2011-07-28 14:08:00,4.15,12453.0
561627,23236,DOILEY STORAGE TIN,6,2011-07-28 14:08:00,2.89,12453.0
561627,23263,SET OF 3 WOODEN HEART DECORATIONS,12,2011-07-28 14:08:00,1.25,12453.0
561627,23266,SET OF 3 WOODEN STOCKING DECORATION,12,2011-07-28 14:08:00,1.25,12453.0
561627,23250,VINTAGE RED TRIM ENAMEL BOWL,12,2011-07-28 14:08:00,1.25,12453.0
561627,23251,VINTAGE RED ENAMEL TRIM MUG,12,2011-07-28 14:08:00,1.25,12453.0
561627,20718,RED RETROSPOT SHOPPER BAG,10,2011-07-28 14:08:00,1.25,12453.0
561627,22279,POCKET BAG BLUE PAISLEY RED SPOT,12,2011-07-28 14:08:00,1.25,12453.0
561627,22580,ADVENT CALENDAR GINGHAM SACK,3,2011-07-28 14:08:00,5.95,12453.0
561627,22961,JAM MAKING SET PRINTED,12,2011-07-28 14:08:00,1.45,12453.0
561627,22453,MEASURING TAPE BABUSHKA BLUE,6,2011-07-28 14:08:00,2.95,12453.0
561627,22077,6 RIBBONS RUSTIC CHARM,12,2011-07-28 14:08:00,1.65,12453.0
561627,22079,RIBBON REEL HEARTS DESIGN,10,2011-07-28 14:08:00,1.65,12453.0
561627,21770,OPEN CLOSED METAL SIGN,2,2011-07-28 14:08:00,4.95,12453.0
561627,22138,BAKING SET 9 PIECE RETROSPOT,3,2011-07-28 14:08:00,4.95,12453.0
561627,22139,RETROSPOT TEA SET CERAMIC 11 PC,3,2011-07-28 14:08:00,4.95,12453.0
561627,23245,SET OF 3 REGENCY CAKE TINS,4,2011-07-28 14:08:00,4.95,12453.0
561627,23297,SET 40 HEART SHAPE PETIT FOUR CASES,16,2011-07-28 14:08:00,1.65,12453.0
561627,23545,WRAP RED DOILEY,25,2011-07-28 14:08:00,0.42,12453.0
561627,21115,ROSE CARAVAN DOORSTOP,4,2011-07-28 14:08:00,6.75,12453.0
561627,21578,WOODLAND DESIGN  COTTON TOTE BAG,6,2011-07-28 14:08:00,2.25,12453.0
561627,21577,SAVE THE PLANET COTTON TOTE BAG,6,2011-07-28 14:08:00,2.25,12453.0
561627,21704,BAG 250g SWIRLY MARBLES,12,2011-07-28 14:08:00,0.85,12453.0
561627,22554,PLASTERS IN TIN WOODLAND ANIMALS,12,2011-07-28 14:08:00,1.65,12453.0
562602,23293,SET OF 12 FAIRY CAKE BAKING CASES,8,2011-08-08 10:11:00,0.83,12865.0
562602,22844,VINTAGE CREAM DOG FOOD CONTAINER,2,2011-08-08 10:11:00,8.5,12865.0
562602,22845,VINTAGE CREAM CAT FOOD CONTAINER,2,2011-08-08 10:11:00,6.35,12865.0
562602,22712,CARD DOLLY GIRL,12,2011-08-08 10:11:00,0.42,12865.0
562602,22029,SPACEBOY BIRTHDAY CARD,12,2011-08-08 10:11:00,0.42,12865.0
562602,22814,CARD PARTY GAMES,12,2011-08-08 10:11:00,0.42,12865.0
562602,22665,RECIPE BOX BLUE SKETCHBOOK DESIGN,6,2011-08-08 10:11:00,2.95,12865.0
562602,84976,RECTANGULAR SHAPED MIRROR,12,2011-08-08 10:11:00,0.79,12865.0
562602,21402,RED  EGG  SPOON,24,2011-08-08 10:11:00,0.12,12865.0
562602,21403,BLUE EGG  SPOON,24,2011-08-08 10:11:00,0.12,12865.0
562602,20718,RED RETROSPOT SHOPPER BAG,10,2011-08-08 10:11:00,1.25,12865.0
562602,23291,DOLLY GIRL CHILDRENS CUP,8,2011-08-08 10:11:00,1.25,12865.0
562602,23292,SPACEBOY CHILDRENS CUP,8,2011-08-08 10:11:00,1.25,12865.0
562602,22846,BREAD BIN DINER STYLE RED,2,2011-08-08 10:11:00,16.95,12865.0
562602,22847,BREAD BIN DINER STYLE IVORY,2,2011-08-08 10:11:00,16.95,12865.0
562602,21668,RED STRIPE CERAMIC DRAWER KNOB,12,2011-08-08 10:11:00,1.25,12865.0
562602,22348,TEA BAG PLATE RED RETROSPOT,24,2011-08-08 10:11:00,0.85,12865.0
562602,22077,6 RIBBONS RUSTIC CHARM,12,2011-08-08 10:11:00,1.65,12865.0
562602,90013A,MIDNIGHT BLUE VINTAGE EARRINGS,4,2011-08-08 10:11:00,3.75,12865.0
562602,82483,WOOD 2 DRAWER CABINET WHITE FINISH,2,2011-08-08 10:11:00,6.95,12865.0
562602,85049C,ROMANTIC PINKS RIBBONS,12,2011-08-08 10:11:00,1.25,12865.0
562602,85049E,SCANDINAVIAN REDS RIBBONS,12,2011-08-08 10:11:00,1.25,12865.0
562602,48188,DOORMAT WELCOME PUPPIES,2,2011-08-08 10:11:00,7.95,12865.0
562602,21175,GIN + TONIC DIET METAL SIGN,12,2011-08-08 10:11:00,2.55,12865.0
562602,22413,METAL SIGN TAKE IT OR LEAVE IT,6,2011-08-08 10:11:00,2.95,12865.0
562602,23255,CHILDRENS CUTLERY CIRCUS PARADE,8,2011-08-08 10:11:00,4.15,12865.0
562602,23256,CHILDRENS CUTLERY SPACEBOY,8,2011-08-08 10:11:00,4.15,12865.0
562602,23254,CHILDRENS CUTLERY DOLLY GIRL,8,2011-08-08 10:11:00,4.15,12865.0
562602,23300,GARDENERS KNEELING PAD CUP OF TEA,12,2011-08-08 10:11:00,1.65,12865.0
562602,23028,DRAWER KNOB CRACKLE GLAZE BLUE,12,2011-08-08 10:11:00,1.65,12865.0
562602,23029,DRAWER KNOB CRACKLE GLAZE GREEN,12,2011-08-08 10:11:00,1.65,12865.0
562602,21669,BLUE STRIPE CERAMIC DRAWER KNOB,12,2011-08-08 10:11:00,1.25,12865.0
562602,21671,RED SPOT CERAMIC DRAWER KNOB,12,2011-08-08 10:11:00,1.25,12865.0
562602,21670,BLUE SPOT CERAMIC DRAWER KNOB,12,2011-08-08 10:11:00,1.25,12865.0
562602,23031,DRAWER KNOB CRACKLE GLAZE PINK,12,2011-08-08 10:11:00,1.65,12865.0
562602,23032,DRAWER KNOB CRACKLE GLAZE IVORY,12,2011-08-08 10:11:00,1.65,12865.0
562602,23240,SET OF 4 KNICK KNACK TINS DOILEY,6,2011-08-08 10:11:00,4.15,12865.0
562602,23243,SET OF TEA COFFEE SUGAR TINS PANTRY,4,2011-08-08 10:11:00,4.95,12865.0
562602,23245,SET OF 3 REGENCY CAKE TINS,4,2011-08-08 10:11:00,4.95,12865.0
562602,23306,SET OF 36 DOILIES PANTRY DESIGN,12,2011-08-08 10:11:00,1.45,12865.0
562602,23301,GARDENERS KNEELING PAD KEEP CALM,12,2011-08-08 10:11:00,1.65,12865.0
562602,23198,PANTRY MAGNETIC  SHOPPING LIST,12,2011-08-08 10:11:00,1.45,12865.0
562602,23142,IVORY WIRE KITCHEN ORGANISER,2,2011-08-08 10:11:00,10.4,12865.0
562602,23150,IVORY SWEETHEART SOAP DISH,6,2011-08-08 10:11:00,2.49,12865.0
562602,23152,IVORY SWEETHEART WIRE LETTER RACK,4,2011-08-08 10:11:00,3.75,12865.0
562602,23138,SINGLE WIRE HOOK IVORY HEART,12,2011-08-08 10:11:00,1.45,12865.0
562602,23140,TRIPLE WIRE HOOK IVORY HEART,4,2011-08-08 10:11:00,4.15,12865.0
562602,22961,JAM MAKING SET PRINTED,12,2011-08-08 10:11:00,1.45,12865.0
562602,84997B,CHILDRENS CUTLERY RETROSPOT RED,4,2011-08-08 10:11:00,4.15,12865.0
562602,23197,SKETCHBOOK MAGNETIC SHOPPING LIST,12,2011-08-08 10:11:00,1.45,12865.0
562602,23346,SPACEBOY BEAKER,12,2011-08-08 10:11:00,1.25,12865.0
562602,23345,DOLLY GIRL BEAKER,12,2011-08-08 10:11:00,1.25,12865.0
562602,22666,RECIPE BOX PANTRY YELLOW DESIGN,6,2011-08-08 10:11:00,2.95,12865.0
562602,23289,DOLLY GIRL CHILDRENS BOWL,8,2011-08-08 10:11:00,1.25,12865.0
562602,23290,SPACEBOY CHILDRENS BOWL,8,2011-08-08 10:11:00,1.25,12865.0
562602,22629,SPACEBOY LUNCH BOX,12,2011-08-08 10:11:00,1.95,12865.0
562602,22630,DOLLY GIRL LUNCH BOX,12,2011-08-08 10:11:00,1.95,12865.0
562602,22028,PENNY FARTHING BIRTHDAY CARD,12,2011-08-08 10:11:00,0.42,12865.0
