556829,22667,RECIPE BOX RETROSPOT,6,2011-06-15 10:51:00,2.95,12809.0
556829,23080,RED METAL BOX TOP SECRET,2,2011-06-15 10:51:00,8.25,12809.0
556829,23174,REGENCY SUGAR BOWL GREEN,4,2011-06-15 10:51:00,4.15,12809.0
556829,23210,WHITE ROCKING HORSE HAND PAINTED,24,2011-06-15 10:51:00,1.25,12809.0
556829,23173,REGENCY TEAPOT ROSES,2,2011-06-15 10:51:00,9.95,12809.0
556829,23245,SET OF 3 REGENCY CAKE TINS,4,2011-06-15 10:51:00,4.95,12809.0
556829,23250,VINTAGE RED TRIM ENAMEL BOWL,12,2011-06-15 10:51:00,1.25,12809.0
556829,23264,SET OF 3 WOODEN SLEIGH DECORATIONS,12,2011-06-15 10:51:00,1.25,12809.0
556829,23252,VINTAGE RED ENAMEL TRIM JUG,4,2011-06-15 10:51:00,3.75,12809.0
556829,23306,SET OF 36 DOILIES PANTRY DESIGN,12,2011-06-15 10:51:00,1.45,12809.0
556829,23307,SET OF 60 PANTRY DESIGN CAKE CASES,24,2011-06-15 10:51:00,0.55,12809.0
556829,23308,SET OF 60 VINTAGE LEAF CAKE CASES,24,2011-06-15 10:51:00,0.55,12809.0
556829,22423,REGENCY CAKESTAND 3 TIER,2,2011-06-15 10:51:00,12.75,12809.0
556829,22441,GROW YOUR OWN BASIL IN ENAMEL MUG,8,2011-06-15 10:51:00,2.1,12809.0
556829,21259,VICTORIAN SEWING BOX SMALL,4,2011-06-15 10:51:00,5.95,12809.0
556829,21209,MULTICOLOUR HONEYCOMB FAN,12,2011-06-15 10:51:00,0.39,12809.0
556829,21208,PASTEL COLOUR HONEYCOMB FAN,12,2011-06-15 10:51:00,0.39,12809.0
556829,85054,FRENCH ENAMEL POT W LID,6,2011-06-15 10:51:00,2.95,12809.0
556829,22989,SET 2 PANTRY DESIGN TEA TOWELS,6,2011-06-15 10:51:00,3.25,12809.0
556829,21218,RED SPOTTY BISCUIT TIN,6,2011-06-15 10:51:00,3.75,12809.0
556829,79066K,RETRO MOD TRAY,10,2011-06-15 10:51:00,0.85,12809.0
556829,22720,SET OF 3 CAKE TINS PANTRY DESIGN,3,2011-06-15 10:51:00,4.95,12809.0
556829,22556,PLASTERS IN TIN CIRCUS PARADE,12,2011-06-15 10:51:00,1.65,12809.0
556829,22904,CALENDAR PAPER CUT DESIGN,6,2011-06-15 10:51:00,2.95,12809.0
556829,POST,POSTAGE,3,2011-06-15 10:51:00,28.0,12809.0
C558061,23245,SET OF 3 REGENCY CAKE TINS,-1,2011-06-24 15:15:00,4.95,12809.0
559862,22405,MONEY BOX POCKET MONEY DESIGN,12,2011-07-13 10:30:00,1.25,12782.0
559862,23014,GLASS APOTHECARY BOTTLE ELIXIR,12,2011-07-13 10:30:00,3.45,12782.0
559862,23012,GLASS APOTHECARY BOTTLE PERFUME,12,2011-07-13 10:30:00,3.45,12782.0
559862,23306,SET OF 36 DOILIES PANTRY DESIGN,12,2011-07-13 10:30:00,1.45,12782.0
559862,22355,CHARLOTTE BAG SUKI DESIGN,10,2011-07-13 10:30:00,0.85,12782.0
559862,22356,CHARLOTTE BAG PINK POLKADOT,10,2011-07-13 10:30:00,0.85,12782.0
559862,85019B,BLOSSOM  IMAGES NOTEBOOK SET,24,2011-07-13 10:30:00,1.25,12782.0
559862,84806B,WHITE CANDYSTUFT ARTIFICIAL FLOWER,24,2011-07-13 10:30:00,1.45,12782.0
559862,21498,RED RETROSPOT WRAP,50,2011-07-13 10:30:00,0.42,12782.0
559862,22400,MAGNETS PACK OF 4 HOME SWEET HOME,12,2011-07-13 10:30:00,0.39,12782.0
559862,22398,MAGNETS PACK OF 4 SWALLOWS,12,2011-07-13 10:30:00,0.39,12782.0
559862,21216,"SET 3 RETROSPOT TEA,COFFEE,SUGAR",4,2011-07-13 10:30:00,4.95,12782.0
559862,22740,POLKADOT PEN,48,2011-07-13 10:30:00,0.85,12782.0
559862,23209,LUNCH BAG DOILEY PATTERN,10,2011-07-13 10:30:00,1.65,12782.0
559862,21212,PACK OF 72 RETROSPOT CAKE CASES,24,2011-07-13 10:30:00,0.55,12782.0
559862,22620,4 TRADITIONAL SPINNING TOPS,12,2011-07-13 10:30:00,1.45,12782.0
559862,23192,BUNDLE OF 3 ALPHABET EXERCISE BOOKS,12,2011-07-13 10:30:00,1.65,12782.0
559862,20724,RED RETROSPOT CHARLOTTE BAG,20,2011-07-13 10:30:00,0.85,12782.0
559862,21980,PACK OF 12 RED RETROSPOT TISSUES,24,2011-07-13 10:30:00,0.29,12782.0
559862,23240,SET OF 4 KNICK KNACK TINS DOILEY,6,2011-07-13 10:30:00,4.15,12782.0
559862,POST,POSTAGE,4,2011-07-13 10:30:00,28.0,12782.0
559907,22646,CERAMIC STRAWBERRY CAKE MONEY BANK,12,2011-07-13 13:37:00,1.45,12766.0
559907,22139,RETROSPOT TEA SET CERAMIC 11 PC,6,2011-07-13 13:37:00,4.95,12766.0
559907,21232,STRAWBERRY CERAMIC TRINKET BOX,12,2011-07-13 13:37:00,1.25,12766.0
559907,20723,STRAWBERRY CHARLOTTE BAG,10,2011-07-13 13:37:00,0.85,12766.0
559907,22355,CHARLOTTE BAG SUKI DESIGN,10,2011-07-13 13:37:00,0.85,12766.0
559907,22383,LUNCH BAG SUKI DESIGN,20,2011-07-13 13:37:00,1.65,12766.0
559907,20725,LUNCH BAG RED RETROSPOT,20,2011-07-13 13:37:00,1.65,12766.0
559907,21933,PINK VINTAGE PAISLEY PICNIC BAG,10,2011-07-13 13:37:00,1.65,12766.0
559907,23201,JUMBO BAG ALPHABET,10,2011-07-13 13:37:00,2.08,12766.0
559907,22623,BOX OF VINTAGE JIGSAW BLOCKS,6,2011-07-13 13:37:00,5.95,12766.0
559907,21915,RED  HARMONICA IN BOX,12,2011-07-13 13:37:00,1.25,12766.0
559907,21892,TRADITIONAL WOODEN CATCH CUP GAME,12,2011-07-13 13:37:00,1.25,12766.0
559907,22620,4 TRADITIONAL SPINNING TOPS,12,2011-07-13 13:37:00,1.45,12766.0
559907,23126,FELTCRAFT GIRL AMELIE KIT,4,2011-07-13 13:37:00,4.95,12766.0
559907,23127,FELTCRAFT GIRL NICOLE KIT,4,2011-07-13 13:37:00,4.95,12766.0
559907,23192,BUNDLE OF 3 ALPHABET EXERCISE BOOKS,12,2011-07-13 13:37:00,1.65,12766.0
559907,23230,WRAP ALPHABET DESIGN,25,2011-07-13 13:37:00,0.42,12766.0
559907,21992,VINTAGE PAISLEY STATIONERY SET,12,2011-07-13 13:37:00,1.25,12766.0
559907,22050,PINK PAISLEY ROSE GIFT WRAP,25,2011-07-13 13:37:00,0.42,12766.0
559907,22305,COFFEE MUG PINK PAISLEY DESIGN,6,2011-07-13 13:37:00,2.55,12766.0
559907,21977,PACK OF 60 PINK PAISLEY CAKE CASES,24,2011-07-13 13:37:00,0.55,12766.0
559907,22759,SET OF 3 NOTEBOOKS IN PARCEL,12,2011-07-13 13:37:00,1.65,12766.0
559907,21974,SET OF 36 PAISLEY FLOWER DOILIES,12,2011-07-13 13:37:00,1.45,12766.0
559907,21121,SET/10 RED POLKADOT PARTY CANDLES,24,2011-07-13 13:37:00,1.25,12766.0
559907,21122,SET/10 PINK POLKADOT PARTY CANDLES,24,2011-07-13 13:37:00,1.25,12766.0
559907,21499,BLUE POLKADOT WRAP,25,2011-07-13 13:37:00,0.42,12766.0
559907,21125,SET 6 FOOTBALL CELEBRATION CANDLES,12,2011-07-13 13:37:00,1.25,12766.0
559907,23209,LUNCH BAG DOILEY PATTERN,20,2011-07-13 13:37:00,1.65,12766.0
559907,23284,DOORMAT KEEP CALM AND COME IN,2,2011-07-13 13:37:00,7.95,12766.0
559907,23205,CHARLOTTE BAG VINTAGE ALPHABET,20,2011-07-13 13:37:00,0.85,12766.0
559907,23207,LUNCH BAG ALPHABET DESIGN,20,2011-07-13 13:37:00,1.65,12766.0
559907,23203,JUMBO BAG DOILEY PATTERNS,10,2011-07-13 13:37:00,2.08,12766.0
559907,22649,STRAWBERRY FAIRY CAKE TEAPOT,8,2011-07-13 13:37:00,4.95,12766.0
559907,22740,POLKADOT PEN,96,2011-07-13 13:37:00,0.85,12766.0
559907,20718,RED RETROSPOT SHOPPER BAG,10,2011-07-13 13:37:00,1.25,12766.0
559907,21217,RED RETROSPOT ROUND CAKE TINS,2,2011-07-13 13:37:00,9.95,12766.0
559907,21844,RED RETROSPOT MUG,12,2011-07-13 13:37:00,2.95,12766.0
559907,22637,PIGGY BANK RETROSPOT,16,2011-07-13 13:37:00,2.55,12766.0
559907,23154,SET OF 4 JAM JAR MAGNETS,24,2011-07-13 13:37:00,2.08,12766.0
559907,23159,SET OF 5 PANCAKE DAY MAGNETS,12,2011-07-13 13:37:00,2.08,12766.0
560694,20712,JUMBO BAG WOODLAND ANIMALS,10,2011-07-20 12:05:00,2.08,12757.0
560694,21928,JUMBO BAG SCANDINAVIAN BLUE PAISLEY,30,2011-07-20 12:05:00,2.08,12757.0
560694,20713,JUMBO BAG OWLS,10,2011-07-20 12:05:00,2.08,12757.0
560694,21929,JUMBO BAG PINK VINTAGE PAISLEY,20,2011-07-20 12:05:00,2.08,12757.0
560694,21931,JUMBO STORAGE BAG SUKI,10,2011-07-20 12:05:00,2.08,12757.0
560694,22385,JUMBO BAG SPACEBOY DESIGN,10,2011-07-20 12:05:00,2.08,12757.0
560694,22663,JUMBO BAG DOLLY GIRL DESIGN,10,2011-07-20 12:05:00,2.08,12757.0
560694,22386,JUMBO BAG PINK POLKADOT,10,2011-07-20 12:05:00,2.08,12757.0
560694,22411,JUMBO SHOPPER VINTAGE RED PAISLEY,40,2011-07-20 12:05:00,2.08,12757.0
560694,23202,JUMBO BAG VINTAGE LEAF,10,2011-07-20 12:05:00,2.08,12757.0
560694,85099F,JUMBO BAG STRAWBERRY,20,2011-07-20 12:05:00,2.08,12757.0
560694,23203,JUMBO BAG DOILEY PATTERNS,30,2011-07-20 12:05:00,2.08,12757.0
560694,85099B,JUMBO BAG RED RETROSPOT,20,2011-07-20 12:05:00,2.08,12757.0
560694,20723,STRAWBERRY CHARLOTTE BAG,10,2011-07-20 12:05:00,0.85,12757.0
560694,22356,CHARLOTTE BAG PINK POLKADOT,10,2011-07-20 12:05:00,0.85,12757.0
560694,20724,RED RETROSPOT CHARLOTTE BAG,10,2011-07-20 12:05:00,0.85,12757.0
560694,22661,CHARLOTTE BAG DOLLY GIRL DESIGN,10,2011-07-20 12:05:00,0.85,12757.0
560694,21643,ASSORTED TUTTI FRUTTI MIRROR,12,2011-07-20 12:05:00,1.25,12757.0
560694,21932,SCANDINAVIAN PAISLEY PICNIC BAG,20,2011-07-20 12:05:00,1.65,12757.0
560694,21936,RED RETROSPOT PICNIC BAG,15,2011-07-20 12:05:00,2.95,12757.0
560694,21933,PINK VINTAGE PAISLEY PICNIC BAG,20,2011-07-20 12:05:00,1.65,12757.0
560694,20728,LUNCH BAG CARS BLUE,20,2011-07-20 12:05:00,1.65,12757.0
560694,20725,LUNCH BAG RED RETROSPOT,10,2011-07-20 12:05:00,1.65,12757.0
560694,22382,LUNCH BAG SPACEBOY DESIGN,20,2011-07-20 12:05:00,1.65,12757.0
560694,22384,LUNCH BAG PINK POLKADOT,20,2011-07-20 12:05:00,1.65,12757.0
560694,23208,LUNCH BAG VINTAGE LEAF DESIGN,10,2011-07-20 12:05:00,1.65,12757.0
560694,23209,LUNCH BAG DOILEY PATTERN,30,2011-07-20 12:05:00,1.65,12757.0
560694,22662,LUNCH BAG DOLLY GIRL DESIGN,10,2011-07-20 12:05:00,1.65,12757.0
C562144,21643,ASSORTED TUTTI FRUTTI MIRROR,-12,2011-08-03 10:43:00,1.25,12757.0
